PRODUCT_ID,PRODUCT_NAME,SUMMARY,PRICE,CATEGORY_IDS,IMAGE_URL
0031-1   ,Trench Coat												 ,A timeless and elegant trench coat																																																														,650    ,HypPerCategory|260400					,https://ec2-3-17-109-117.us-east-2.compute.amazonaws.com:9002/medias/trench-coat.jpg?context=bWFzdGVyfHJvb3R8MjIxMDB8aW1hZ2UvanBlZ3xhRFptTDJnMVlTODROemszTnpjNU9UVXhOalEyTG1wd1p3fGIyNTc5ODEyNmU1ZGYzOTEyNjA1YTE0NGM3ZDFkMzExNDE0MjMxOWE0OTBkNTk4OGFjOTM0MTI3ZWJkNzRjYzc
0032-1   ,Leather Jacket                                             ,A classic leather jacket that offers a stylish and edgy look                                                                                                                                                                                                                              ,999    ,HypPerCategory|250400                  ,https://ec2-3-17-109-117.us-east-2.compute.amazonaws.com:9002/medias/leather-jacket-1.jpg?context=bWFzdGVyfHJvb3R8MjIyMTl8aW1hZ2UvanBlZ3xhRGxtTDJneFl5ODRPREF3TmpFNU5USTRNakl5TG1wd1p3fGY0ZjQwYzEwOTNlN2IzMjRiY2MzOTcxNDMwMzgxMjY0Mzc3MTQ3MjY4ODY2ODUzMWM5ZGY4NzAzYjEyMDAxNjY
7001-1   ,Black Newyork Cap                                          ,Minimalist and bold                                                                                                                                                                                                                                                                       ,50     ,HypPerCategory                         ,https://ec2-3-17-109-117.us-east-2.compute.amazonaws.com:9002/medias/cap-image-1.jpg?context=bWFzdGVyfHJvb3R8MjYyNTd8aW1hZ2UvanBlZ3xhR05tTDJneE5TODROemszTnpjNU1qazJNamcyTG1wd1p3fGE0ZDlkMDhmNzZlZmYwNmMzNDExZDU4MTQzNmYyYWI2MGEyOWZiNGQxNDM3MGNlYzc3YmMzOTQ5MTAwZGU2MmQ
100124   ,Panorama Pants Women                                       , Show everyone what a nice figure you have. Now it's even possible when you go snowboarding                                                                                                                                                                                               ,153.860,260900|streetwear|Nikita               ,https://ec2-3-17-109-117.us-east-2.compute.amazonaws.com:9002/medias/?context=bWFzdGVyfGltYWdlc3wxNjY3NnxpbWFnZS9qcGVnfGFXMWhaMlZ6TDJneU1pOW9aRGt2T0RjNU5qZzFNamcwTmpZeU1pNXFjR2N8MTk3NTAxNDExMmRkM2MzZTMzNjBkNDQ1YjgxMjI5ODA3MzE0YTc0ZTgyM2RlZGQ2MWUzNzc5ODQxYTE1YzJhMg
100191   ,Beacon Jacket                                              , Who can say no to fresh roast bacon?! Then you should also say Yes to the Beacon Jacket by Armada. This jacket doesn't only has style but also super features                                                                                                                            ,101.21 ,Armada|snow|190100                     ,https://ec2-3-17-109-117.us-east-2.compute.amazonaws.com:9002/medias/?context=bWFzdGVyfGltYWdlc3wyMDU1N3xpbWFnZS9qcGVnfGFXMWhaMlZ6TDJnME9TOW9NbVV2T0RjNU5qWTRNRGd4TkRZeU1pNXFjR2N8YWJjZTY5NmZmOGMwODA0NjI4OWRjZjRmNDQ0MDU2ZWNmODE2YzlmNTlhYjc2ZjY0MTY0NjIxZGNmZWVlYjMwYg
100378   ,Machete 158 11/12                                          , Rock out with your pop out! The award-winning Machete by Ride comes with Pop-Rods® 1.0.                                                                                                                                                                                                  ,275.36 ,10100|Ride|snow                        ,https://ec2-3-17-109-117.us-east-2.compute.amazonaws.com:9002/medias/?context=bWFzdGVyfGltYWdlc3wyMDcwN3xpbWFnZS9qcGVnfGFXMWhaMlZ6TDJnek9TOW9OVGN2T0RjNU5qYzNNamc1TWpjd01pNXFjR2N8ZjE0YzU4Y2Y4NjEzNzg2OTY2MGRiZTk1YjViNDllOWU4Yzg5M2ZkMWYwZmVkZmFmMWU3ZWM3YTFkYWUzNTYyNw
100402   ,Seizure Bag                                                , No chance that Billabong forgets about the classic among their bags. Therefore the Seizure bag is again part of the collection                                                                                                                                                           ,24.26  ,Billabong|streetwear|160700            ,https://ec2-3-17-109-117.us-east-2.compute.amazonaws.com:9002/medias/?context=bWFzdGVyfGltYWdlc3wxNzMwNXxpbWFnZS9qcGVnfGFXMWhaMlZ6TDJneU5DOW9ZV1F2T0RjNU5qa3lNelEyTVRZMk1pNXFjR2N8YWRkNTQyNWJlZTk1ZjEzZTRlNDczYWVhNDhlZTgxNTJhMDIyOTEzZWJlM2FlYTMxZTliZWIxNTI0ZWVjMGM5MQ
100744   ,Ace Straight Pant Women                                    , Chic and comfy! The Ace pant by DC comes with subtle cargo pockets and in a clean design. It is ready for anything you throw at her and the added 40g insulation will keep you warmer in colder climates.                                                                                ,89.06  ,DC|snow|200300                         ,https://ec2-3-17-109-117.us-east-2.compute.amazonaws.com:9002/medias/?context=bWFzdGVyfGltYWdlc3wxNzIxMnxpbWFnZS9qcGVnfGFXMWhaMlZ6TDJnM015OW9Oell2T0RjNU5qZzFNVGcyTXpVNE1pNXFjR2N8YzQ5ZTViMjE3NTg5YzQ4YmViYmFlY2VhYjIwMjczMDUxYWNmMjljMjU1MjQzMTlhNmI0Mjk0NDU2NzczMGIyMg
100746   ,Anzere Pant Women                                          , Best of the best for all weather conditions. DC's Anzere pant for women is an amazing piece in a cool design and with cargo pockets.                                                                                                                                                     ,113.36 ,DC|snow|200300                         ,https://ec2-3-17-109-117.us-east-2.compute.amazonaws.com:9002/medias/?context=bWFzdGVyfGltYWdlc3wxNjI5OXxpbWFnZS9qcGVnfGFXMWhaMlZ6TDJneU5TOW9aVEF2T0RjNU5qZzFOREUxTnpNME1pNXFjR2N8ZmYyODk0OGQ4OTk1NTc3MzBmNzgzYzVjZmNkOGIzYTQ3ODVjMDc3MjA4MjAxNmQwM2MyYWZlMjhkZjVhNmNjYg
100988   ,Cascata Beanie                                             , Reversible plus a visor! This is the Cascata Beanie by DC! 100% Acrylic                                                                                                                                                                                                                  ,28.31  ,DC|220500                              ,https://ec2-3-17-109-117.us-east-2.compute.amazonaws.com:9002/medias/?context=bWFzdGVyfGltYWdlc3wxOTc4NHxpbWFnZS9qcGVnfGFXMWhaMlZ6TDJoaVpTOW9PV1l2T0RjNU5qYzBNakE1TURjNE1pNXFjR2N8MTNlYTJhOWZmMjEzMGVjMTNjNjk4NWE5ZjNiMGQzODMyNGYxYmNhZTE2MGRhZTY5MWI3Y2ExNjZlMDRiZjI5Mw
101580   ,Tone 153 11/12                                             , DC's most versatile board ever                                                                                                                                                                                                                                                           ,226.76 ,DC|snow|10100                          ,https://ec2-3-17-109-117.us-east-2.compute.amazonaws.com:9002/medias/?context=bWFzdGVyfGltYWdlc3wxODYyM3xpbWFnZS9qcGVnfGFXMWhaMlZ6TDJnd1ppOW9NR0l2T0RjNU5qYzNNelUwT0RBMk1pNXFjR2N8MjVlZThmZmVjZWM0OTQ1YzY0YWJiODNmNmQ3MGQ2NzIwYTlhZTlhMjExMDA1NjVmZjMwZDU4MmY5YzJmZDllMA
102153   ,AC Trefoil Shop Bag white                                  , You can store your shopping or your favourite belongings for every day use into the adidas AC Trefoil Shop bag.                                                                                                                                                                          ,1.98   ,adidas Originals|streetwear|160400     ,https://ec2-3-17-109-117.us-east-2.compute.amazonaws.com:9002/medias/?context=bWFzdGVyfGltYWdlc3wxMDE0MnxpbWFnZS9qcGVnfGFXMWhaMlZ6TDJoaU5DOW9aR1V2T0RjNU5qa3hPVFV5T1RVd01pNXFjR2N8NTdiZmFkZTU4YmIyMThmOTcxN2NkOGQ4YjliZGQ2NGQzNjNlNzQ4OTM5YTRiMzZmZjk1ZmY3OWQzMmNmYjliNA
102277   ,Trace Helm                                                 , You could say you never bail and we could say you never try. For those who go for it on a daily basis                                                                                                                                                                                    ,40.46  ,450100|Red|snow                        ,https://ec2-3-17-109-117.us-east-2.compute.amazonaws.com:9002/medias/?context=bWFzdGVyfGltYWdlc3wxNzQ2NHxpbWFnZS9qcGVnfGFXMWhaMlZ6TDJnME9TOW9aR0l2T0RjNU5qY3hOekU0TnpFd01pNXFjR2N8ZjRhODVhZTM1NDA1NzM2ZTdmMjZhODNjZTFhZTBjODBmNTEwODAzOTczMzY5YTdkZTdkODM1YWU4MTAyZjNiMQ
102278   ,Trace Grom Helm youth                                      , Made for the preschool ripper that puts you to shame                                                                                                                                                                                                                                     ,32.36  ,450200|Red|kids                        ,https://ec2-3-17-109-117.us-east-2.compute.amazonaws.com:9002/medias/?context=bWFzdGVyfGltYWdlc3wyMDYwNnxpbWFnZS9qcGVnfGFXMWhaMlZ6TDJobE1TOW9NVGN2T0RjNU5qZzROVFl4TkRZeU1pNXFjR2N8NDNmMWVkYmU0OTUyNGUwMTkyNTBjYjU1ODM5ZGEzMjI2NmYxMzNiZTk3Y2ZjOThjMjY1Y2YwYTM0OGEzZTA5NQ
102284   ,Tracker Insulated Jacket Youth                             , Let it storm children!<br /><br />The youth know. They hike past legs twice their length in pursuit of visions that rip them from sleep.                                                                                                                                                 ,97.16  ,Volcom|snow|kids|330100                ,https://ec2-3-17-109-117.us-east-2.compute.amazonaws.com:9002/medias/?context=bWFzdGVyfGltYWdlc3wyMzA0OHxpbWFnZS9qcGVnfGFXMWhaMlZ6TDJoaU5TOW9aall2T0RjNU5qYzNPRFEyTXpJMk1pNXFjR2N8YTAwMGJmZmI2Yzg1OGU1N2U0YjIxZDhmMjMzZmQ0MjZmNzQ2MmVhZmUxZTVlODRhZjliYzI5NTA5M2I4YzY5NQ
103088   ,New Standard SS                                            , Set a new standard with the trendy Standard tee by Volcom. 100% Cotton                                                                                                                                                                                                                   ,20.21  ,Volcom|streetwear|250100               ,https://ec2-3-17-109-117.us-east-2.compute.amazonaws.com:9002/medias/?context=bWFzdGVyfGltYWdlc3wxNjMzNXxpbWFnZS9qcGVnfGFXMWhaMlZ6TDJoaVl5OW9OR012T0RjNU5qazBORGMyTURnMk1pNXFjR2N8ZTZhODE4MjFhNTllNjhiNGNmYWI4ZjQwOWVlNDczOWEyYTgwZGQ1MDA2ZGNkODMzZDBhODE5ZDBiY2RkYTJiOQ
103151   ,Transplant Flexfit Cap                                     , A trendy Volcom Stone logo on the Transplant Flexfit cap. 98% Cotton 2% Spandex                                                                                                                                                                                                          ,24.26  ,Volcom|220600                          ,https://ec2-3-17-109-117.us-east-2.compute.amazonaws.com:9002/medias/?context=bWFzdGVyfGltYWdlc3wyMzg5NXxpbWFnZS9qcGVnfGFXMWhaMlZ6TDJnMlpDOW9aVGd2T0RjNU5qazJOVGN6TWpNNE1pNXFjR2N8ZDhiZGFlYzY0NjI5MzQ0ZDQ3ZmMzNTJjY2VmOGViYzIyYWY4MDY2NWY3YjQ2NDczZDFkZWRhYzM0M2I0MGVkZQ
103335   ,Kelly Jacket Women                                         , The Kelly Jacket by WLD is a top cut jacket for all the girls out there                                                                                                                                                                                                                  ,80.95  ,200100|WLD|snow                        ,https://ec2-3-17-109-117.us-east-2.compute.amazonaws.com:9002/medias/?context=bWFzdGVyfGltYWdlc3wyNTE0NXxpbWFnZS9qcGVnfGFXMWhaMlZ6TDJobE5DOW9NV1V2T0RjNU5qZ3lNVE00T1RNME1pNXFjR2N8ZDJmYTJiYjcwNDQ3MDBmM2E4MjQ0NjdlNzJjYjYxOTAzZWE1ZWJiM2M2OGMwMTg1MWNjOTdhZjRmNDc4OTc2MA
103410   ,Last Mission Jacket                                        , This is the Quiksilver classic and it always presents itself in a new outfit. Even if you thought you have seen them all you will always find a new one. The Last Mission Jacket presents itself in new colours                                                                          ,64.7600,190100|Quiksilver|snow                 ,https://ec2-3-17-109-117.us-east-2.compute.amazonaws.com:9002/medias/?context=bWFzdGVyfGltYWdlc3wyNzAwNHxpbWFnZS9qcGVnfGFXMWhaMlZ6TDJnM01pOW9Nak12T0RjNU5qWTNPVGd6TVRVNE1pNXFjR2N8NzRkYjlmMDQxNzE2MmRiNDZjOGZkNWY0NzY1ZWMzNjAyZjFmNjU4MmI5NTcyMWVmNWMxODcxMWZlYmU2ZGRhYw
104176   ,Nightlife T-Shirt Women                                    , Features:<br /><br /> <br />+ 50% COTTON                                                                                                                                                                                                                                                 ,64.7600,260100|streetwear|Horsefeathers        ,https://ec2-3-17-109-117.us-east-2.compute.amazonaws.com:9002/medias/?context=bWFzdGVyfGltYWdlc3wxMTMyNXxpbWFnZS9qcGVnfGFXMWhaMlZ6TDJoa1ppOW9NR1V2T0RjNU5qZzJNRE00TXpJMk1pNXFjR2N8YjlkNDc0YjliMThlZGY4ZjhjOWMxNDUwYTIxYmVjMTI4YTFhMGViMmQ2MTQyNmE1OTk1MTRiMDQ5NGYzMDRjOQ
104396   ,BT Shopping Bag                                            , Not just for shopping. You can also use the BT Shopping bag for the beach or something else. 100% Polyester                                                                                                                                                                              ,1.58   ,Blue Tomato|streetwear|160700          ,https://ec2-3-17-109-117.us-east-2.compute.amazonaws.com:9002/medias/?context=bWFzdGVyfGltYWdlc3wxNjAwMHxpbWFnZS9qcGVnfGFXMWhaMlZ6TDJnNU9TOW9NRE12T0RjNU5qa3lNRGcwTURJeU1pNXFjR2N8Nzc3Mzk1MmU4MTM1ZTg5ODkwOWYwZTgxMWIwM2M4NDY4MDY3MTQ3ZTZmMTJiMmEyN2QyM2U1NWZmZTRjNmM0Mg
104485   ,Dream Team II Skate Backpack                               , You have already found your Dream Team concerning your Skate career… only a backpack is missing. Well then the Dream Team II Backpack by Skullcandy is the solution for you! It has skate straps                                                                                         ,60.71  ,160300|Skullcandy|streetwear           ,https://ec2-3-17-109-117.us-east-2.compute.amazonaws.com:9002/medias/?context=bWFzdGVyfGltYWdlc3wyNjU0MXxpbWFnZS9qcGVnfGFXMWhaMlZ6TDJobU15OW9ZV1F2T0RjNU5qa3lNVGd5TXpJMk1pNXFjR2N8NDM0YWJiMzc4ZDY1ZGFjYjFkMjY3NmRlZGYwMGE1OGI0Y2U3M2EzNWNiOGU4ZGM3YzVjNmUyMzE5ODg3OWFlZg
104668   ,The Reservoir Beanie                                       ," You will not find a more typical Beanie for Elm than the Reservoir Beanie. This beanie really has the Elm Fit"". 100% Acrylic"""                                                                                                                                                        ,14.54  ,220500|Elm                             ,https://ec2-3-17-109-117.us-east-2.compute.amazonaws.com:9002/medias/?context=bWFzdGVyfGltYWdlc3wxMzU0NHxpbWFnZS9qcGVnfGFXMWhaMlZ6TDJnM01DOW9ORE12T0RjNU5qY3pNVFl3TlRBeU1pNXFjR2N8YzQwMjg2NTAwMjUzMGU5ZjExNzRiZWE1NDY1YWYyOWMxZjNkOTFlZDdhYzlmYTM4MmQ1NTY0MGZkNmZkZTdjNQ
104905   ,Kyrpton Rampage 11/12                                      , One of the most popular Freestyle boots in the world. The Krypton Rampage is a World Class performer developed specifically for all around the mountain versatility and performance.                                                                                                     ,242.96 ,110600|Dalbello                        ,https://ec2-3-17-109-117.us-east-2.compute.amazonaws.com:9002/medias/?context=bWFzdGVyfGltYWdlc3wyOTg1NXxpbWFnZS9qcGVnfGFXMWhaMlZ6TDJnM09TOW9ZalF2T0RjNU5qZzVNVEU0TlRFNE1pNXFjR2N8NDhkOTk3NGNlYjgxOTIxYWI1MDI1ZTQzODY3ZTI4Zjg0NDRkZWViNDgxMjAxYzRlMTZkYTc5NzA2MDhiNTAzMw
105977   ,The Life Beanie                                            , Live you life… or something like that could have been the motto for the invention of the Life Beanie. Casual beanie with embroidered logo by Landing. 100% Acrylic                                                                                                                       ,15.35  ,Landing|220500                         ,https://ec2-3-17-109-117.us-east-2.compute.amazonaws.com:9002/medias/?context=bWFzdGVyfGltYWdlc3wzMTc2NnxpbWFnZS9qcGVnfGFXMWhaMlZ6TDJoaVppOW9OVFF2T0RjNU5qYzBNRGM0TURBMk1pNXFjR2N8ZTU4YmRiMTkwOGQ1YmYwYjlkNGU1Nzg1YWE5ZDRmNjgxZjEzOGVkNDgxYzk0MTQwNmQ3ODMwOGVlMjE4YjYyOQ
105979   ,The Stripee Fresh Beanie                                   , You will always attract attention with this great beanie. The Stripee Fresh Beanie by Landing with trendy stripes and logo embroidery at front. 100% Acrylic                                                                                                                             ,26.69  ,220500|Landing                         ,https://ec2-3-17-109-117.us-east-2.compute.amazonaws.com:9002/medias/?context=bWFzdGVyfGltYWdlc3wzMjUyNHxpbWFnZS9qcGVnfGFXMWhaMlZ6TDJnellpOW9ZbU12T0RjNU5qY3pORFUxTkRFME1pNXFjR2N8MGJjZmQ2NzVmZGQzYzM5ZmJmMzY1ZDFmMDU3ODI5YTUwYmViMTI0NmRkODYwNjc0YTY0YzA0ODJkOTc4Njc5ZA
107728   ,Score Mini Stripe Jacket youth                             , Sessions Score Mini Stripe Jacket                                                                                                                                                                                                                                                        ,97.16  ,Sessions|snow|kids|330100              ,https://ec2-3-17-109-117.us-east-2.compute.amazonaws.com:9002/medias/?context=bWFzdGVyfGltYWdlc3wzNjAzNnxpbWFnZS9qcGVnfGFXMWhaMlZ6TDJnMU5DOW9Oamd2T0RjNU5qYzRPREk1TXpZMk1pNXFjR2N8NDg3ODA4OWZmOTcwMTE0ZTVlZTQ4NDBiNjU5NjUwN2VjMTE2ZjlmNTg4ODllNjU3NmRiMDBlYmZhNmU4ZWQ5NA
108295	 ,Respect 164 11/12											 ,Featuring Variorocker and V-Tail for the big days on big mountains it will make you appreciate the surfy feel of this innovative concept																																					,291.56 ,F2-FTWO|snow|10100                     ,https://ec2-3-17-109-117.us-east-2.compute.amazonaws.com:9002/medias/?context=bWFzdGVyfGltYWdlc3wxNjMyOHxpbWFnZS9qcGVnfGFXMWhaMlZ6TDJnMU1TOW9Zak12T0RjNU5qYzNORFV6TVRFd01pNXFjR2N8NWQ4YWE1NDQ2NDlmYzBlNDRjYzVhYzNiNzQyNTQ5OTgyZGNmNWQ4M2NjNDFjZjRmZmZlN2ZmNTllZDE1MmVmZg
108803   ,Multilogo Good Looking SS Women                            , Unbelievable, but true! The Multilogo Good Looking T-Shirt by Roxy will get all eyes on you																																																,17.78	,260100|streetwear|Roxy                 ,https://ec2-3-17-109-117.us-east-2.compute.amazonaws.com:9002/medias/?context=bWFzdGVyfGltYWdlc3wxOTE5MHxpbWFnZS9qcGVnfGFXMWhaMlZ6TDJnNU5DOW9Oall2T0RjNU5qazFNemczTURNMk5pNXFjR2N8Y2RiODE0MGQwOWQwYTQxNTI0MGVhZmU5ZTkxODMxN2RmMDY2ZWI0ODdjMWY4YjkxZGJlNzg0YTRjMzNhZmI2NQ																															,
110839   ,Team 153 11/12                                             , The Team line stands for Ästhetikers standards of hight quality woodcore snowboards produced in the Alps! A fair trÄde" board featuring everything you need for a perfect day at your favourite spot																						,178.00	,10100|Aesthetiker|snow                 ,https://ec2-3-17-109-117.us-east-2.compute.amazonaws.com:9002/medias/?context=bWFzdGVyfGltYWdlc3wyMjA0MXxpbWFnZS9qcGVnfGFXMWhaMlZ6TDJnMllTOW9Zell2T0RjNU5qYzNNekl5TURNNE1pNXFjR2N8ZWE3MTAxZTM2N2Y3OTMwZWE3YTM4OWM0NzAwMzkzZjU3MTg2NGI4MzBlMjVlZGUxNDYzZjQ0ODJlZjgyMjI3OA																																																					,
111114   ,Biarritz Women                                             , Stylish watch with cool Roxy design!                                                                                                                                                                                                                                                     ,291.56 ,Roxy|370700                            ,https://ec2-3-17-109-117.us-east-2.compute.amazonaws.com:9002/medias/?context=bWFzdGVyfGltYWdlc3wyMDc2MHxpbWFnZS9qcGVnfGFXMWhaMlZ6TDJnMk1DOW9PRFV2T0RjNU5qZzFOVFEyT0RBMk1pNXFjR2N8YTc2ZDI3Zjc3MWZiNDE2ZmE1ZjJhMjBhOWI2Nzk1NDliOTkwMjNlMjFhNTNiN2JkNTc1M2I0MGViODc3YjA3MA
115117   ,Vintage 86 blue havana striped                             , The Nike Vintage 86 is a highlight among the Vintage sunglasses                                                                                                                                                                                                                          ,17.78  ,Nike|210100                            ,https://ec2-3-17-109-117.us-east-2.compute.amazonaws.com:9002/medias/?context=bWFzdGVyfGltYWdlc3wxMTE2MXxpbWFnZS9qcGVnfGFXMWhaMlZ6TDJnM05TOW9OR0V2T0RjNU5qa3lORFEwTkRjd01pNXFjR2N8OWQwNDM0ZWQ1ODBmMTlmYjU2MjU0MDMzMGFkMWUwYjQ3YWE0NDg3MTg5ZDk3NThjMDA4MzgxYTY1NDNmMmM0Mw
115118   ,Vintage 88 black havana                                    , The Nike Vintage 88 combines an old school look with up to date design. The multiple layers of colours and the authentic hinge construction                                                                                                                                              ,178.16 ,Nike|210100                            ,https://ec2-3-17-109-117.us-east-2.compute.amazonaws.com:9002/medias/?context=bWFzdGVyfGltYWdlc3wxMTYwMnxpbWFnZS9qcGVnfGFXMWhaMlZ6TDJoaE5TOW9ZVGd2T0RjNU5qa3lOREV4TnpBeU1pNXFjR2N8NDkwMGRmNzEzZjQxZmJmYzZjNzg2ZmQ5OGIzNGIwOGNhNjQ4ODdhMTA3ZDYyNDY2ODIwNGQ4M2Q3MTMyZDllZA
115195   ,The Dial Women                                             , The Nixon The Dial watch is every girl's dream!                                                                                                                                                                                                                                          ,80.9599,370700|Nixon                           ,https://ec2-3-17-109-117.us-east-2.compute.amazonaws.com:9002/medias/?context=bWFzdGVyfGltYWdlc3wyNDQyN3xpbWFnZS9qcGVnfGFXMWhaMlZ6TDJnME5DOW9ZbVl2T0RjNU5qZzFOVEUwTURNNE1pNXFjR2N8NDE1MDg0MzZmMTE3NmQzN2ViNWRjMTU0Y2MzOTc5ZWUyYTg3NzRiOWQxNDgwOTU0YTQzYTEzMDM1MmJiNTJmYg
115202   ,The Player                                                 , The Nixon Player watch combines magnificant steel with style and diamonds! A mixture women can't resist!                                                                                                                                                                                 ,72.86  ,340000|Nixon                           ,https://ec2-3-17-109-117.us-east-2.compute.amazonaws.com:9002/medias/?context=bWFzdGVyfGltYWdlc3wyMDY2OXxpbWFnZS9qcGVnfGFXMWhaMlZ6TDJnME9DOW9PRE12T0RjNU5qZzFOelF6TkRFME1pNXFjR2N8OTU5YWQ5NDNlNWQ2Zjk1ZTUwNGQ2NTk3MGQ1MGFiZDNmYmU5ZTBiMWQyMjIxZmFlYTcwNGY1YWJlZmYzYjFkNQ
115755   ,Ekeel 6.3 G/O Fish                                         , The new traditional fish design developed exclusively with Joe Curren. The Even Keel by Al Merrick comes standard with double foil wood keel fins and 6+6/4 layups that achieve ideal swing weight and momentum through turns. Joe’s board of choice over 50% of the time                ,72.86  ,Al Merrick|surf|350100                 ,https://ec2-3-17-109-117.us-east-2.compute.amazonaws.com:9002/medias/?context=bWFzdGVyfGltYWdlc3w4OTY4fGltYWdlL2pwZWd8YVcxaFoyVnpMMmhqWVM5b05URXZPRGM1TmpnNU1qRTJPREl5TWk1cWNHY3w1MDNhM2FhN2JiNzA4ODliZTYzZmNmNTQ2NDdjNDQ0MDRjMTQ2ZmFkMDE1NGQ1MjQxMzUxYTE0ODljNjczYmY3
117080   ,Monster SS Youth Girls                                     , Girls This one on the new Blue Tomato Monster t-shirt for specially for girls                                                                                                                                                                                                            ,56.66  ,Blue Tomato|kids|streetwear|270100     ,https://ec2-3-17-109-117.us-east-2.compute.amazonaws.com:9002/medias/?context=bWFzdGVyfGltYWdlc3wyMDEyMnxpbWFnZS9qcGVnfGFXMWhaMlZ6TDJobVlpOW9ORFF2T0RjNU5qZzRNak16TnpneU1pNXFjR2N8MDhkYmU0NDlkODFhOGZkY2MxMmQzM2M5Y2ZlOTc1MjQyMTMxNDhhYjZlZGUwNDU1Nzk5YjNhOTkyNzg1NzFiNw
117204   ,BT Contrast Cap                                            , The Blue Tomato Contrast cap is the one piece missing in your wardrobe. 97% Cotton 3% spandex                                                                                                                                                                                            ,210.56 ,Blue Tomato|220600                     ,https://ec2-3-17-109-117.us-east-2.compute.amazonaws.com:9002/medias/?context=bWFzdGVyfGltYWdlc3wxNTc1N3xpbWFnZS9qcGVnfGFXMWhaMlZ6TDJoaE9DOW9PR1F2T0RjNU5qazJORFF5TVRZMk1pNXFjR2N8MzhkMDljNGUyZDk4MWZjMzZiZmI0MzQwOTUzZWNmOTdkOGRkODg3ZDhhYjg5NWYwNTk1ZWZmYjI5ZTVjMGY3Zg
117205   ,BT Full Splatter Cap                                       , The Blue Tomato Full Splatter Cap brings the missing style points. 97% cotton 3% spandex                                                                                                                                                                                                 ,720.86 ,Blue Tomato|220600                     ,https://ec2-3-17-109-117.us-east-2.compute.amazonaws.com:9002/medias/?context=bWFzdGVyfGltYWdlc3wxODM5M3xpbWFnZS9qcGVnfGFXMWhaMlZ6TDJoallpOW9PRFF2T0RjNU5qazJOakEyTURBMk1pNXFjR2N8MDc0ZjhlMTVlOWU0YjA3MzJjZDBiYWQwZjExM2EwOWRhYWU3M2IwY2IzZGYwMzQ0ODU5OGQ4YzExYzZhYmYwZA
117210   ,Faded Droid Cap                                            , The droid. Faded Cap let you never fade away. 97% Cotton 3% spandex                                                                                                                                                                                                                      ,12.92  ,droid|220600                           ,https://ec2-3-17-109-117.us-east-2.compute.amazonaws.com:9002/medias/?context=bWFzdGVyfGltYWdlc3wxODk1NnxpbWFnZS9qcGVnfGFXMWhaMlZ6TDJnMU55OW9aakF2T0RjNU5qazJOVFF3TkRjd01pNXFjR2N8Zjg5OGE1MzQ0ODQ1ZGIzODJjOGJhZGVmYWMyZWJlYjMzNDBkZmVmNzc0NGFkZWFmYzUxYTg2MGVkZTRmMWE0ZQ
117211   ,Easy Beanie                                                , The droid. Easy Beanie - keeps your head warm easily. 100% acrylic                                                                                                                                                                                                                       ,11.3   ,220500|droid                           ,https://ec2-3-17-109-117.us-east-2.compute.amazonaws.com:9002/medias/?context=bWFzdGVyfGltYWdlc3wyNjYwOHxpbWFnZS9qcGVnfGFXMWhaMlZ6TDJnMk55OW9NbUl2T0RjNU5qY3lPRFkxTlRrd01pNXFjR2N8NGVhYWM0NGEzOWRiNzY1ZTA4NDkwZTczZGQ1NWIyMDg3OGMzNmQyYWIxZDBlMzI0ZGJiOTAzMGY2YTQ3MDQ0Mg
117452   ,X8CH 154.5 11/12                                           , Snappiest rocker on offer.<br /><br />Focus the aggressive power of Camber beneath the feet and you get the X8 with Camber Humps                                                                                                                                                         ,11.3   ,10100|Burton|snow                      ,https://ec2-3-17-109-117.us-east-2.compute.amazonaws.com:9002/medias/?context=bWFzdGVyfGltYWdlc3wxNjA1N3xpbWFnZS9qcGVnfGFXMWhaMlZ6TDJneU1DOW9OVE12T0RjNU5qYzNNemczTlRjME1pNXFjR2N8MGVlYWFmOGQ5NDNmNzQwNmQwMDM5MjI1MDRjMjlkM2Q4YjQ2ODFhMDRkNmQyYTQzMjAzMDM4MDU3MmQ1NTI0MQ
117896   ,Acid SS                                                    , The Acid t-shirt by Quiksilver got an unique look for you due to the washing. 100% Organic Cotton                                                                                                                                                                                        ,11.3   ,Quiksilver|streetwear|250100           ,https://ec2-3-17-109-117.us-east-2.compute.amazonaws.com:9002/medias/?context=bWFzdGVyfGltYWdlc3wxODk4OHxpbWFnZS9qcGVnfGFXMWhaMlZ6TDJoaVl5OW9NRFF2T0RjNU5qazBPVE0wT0RNNE1pNXFjR2N8NzE3OWM3NWVkNzgxNmRlNjc4Yjc5OGFmMzA2Y2MyOGQxY2E3MzIwYWQyZDJkNWExMGMxMjAzNzI0N2U2YTQ0ZQ
117900   ,Ginga Cap                                                  , The Ginga Cap by Quiksilver won't only protect you from the sun                                                                                                                                                                                                                          ,16.16  ,Quiksilver|220600                      ,https://ec2-3-17-109-117.us-east-2.compute.amazonaws.com:9002/medias/?context=bWFzdGVyfGltYWdlc3wyMDg1MHxpbWFnZS9qcGVnfGFXMWhaMlZ6TDJobVlTOW9NMkl2T0RjNU5qazJNamM0TXpJMk1pNXFjR2N8YmEzNzgzYjgyNTQ4NTdkYjRiOWMwZTRjY2FlODc4MzQ4ZmJiNTViY2Y2ZGMyNzllYzU2ODA3ZTM1YWFlNDBiMQ
117909   ,Handshake Belt                                             , You can wear the Handshake Belt by Quiksilver to every outfit. 100% PU                                                                                                                                                                                                                   ,307.76 ,251100|Quiksilver|streetwear           ,https://ec2-3-17-109-117.us-east-2.compute.amazonaws.com:9002/medias/?context=bWFzdGVyfGltYWdlc3wzMTc5OXxpbWFnZS9qcGVnfGFXMWhaMlZ6TDJnd055OW9OVGN2T0RjNU5qa3lOekEyTmpFME1pNXFjR2N8NDY1MWE5MDcyZjVmOGNmYmI1YmI1ZGZkN2M3NWQ4Y2RiNTQ5NTkzMWZkZDQwYTgzNzcyYzgyMTNmY2YxOWY4Mw
117911   ,Granda Belt                                                , The Granda Belt by Quiksilver is an awesome leather belt that fits to every outfit. 100% Leather                                                                                                                                                                                         ,28.31  ,Quiksilver|streetwear|251100           ,https://ec2-3-17-109-117.us-east-2.compute.amazonaws.com:9002/medias/?context=bWFzdGVyfGltYWdlc3wyOTQ0OHxpbWFnZS9qcGVnfGFXMWhaMlZ6TDJnNFppOW9ZVFF2T0RjNU5qa3pNRFkzTURZeU1pNXFjR2N8NzI4MjVhYWQ4OTc2Njg4YmJiMDY0OWViZWUwYjIxZWFiZGUwOWI4YjQyMGI2OGE3NTc4ZWVlOTg3ZGM5MzZlZg
118174   ,Sixo Cargo Short                                           , No sweat! Wear the cool Sixo Cargo Shorts by Nike and you'll look great wherever you go. 100% cotton                                                                                                                                                                                     ,28.31  ,Nike 6.0|streetwear|250600             ,https://ec2-3-17-109-117.us-east-2.compute.amazonaws.com:9002/medias/?context=bWFzdGVyfGltYWdlc3wyMTE2N3xpbWFnZS9qcGVnfGFXMWhaMlZ6TDJoaE9TOW9ORFF2T0RjNU5qa3dOakE1TkRZeU1pNXFjR2N8MTNiMmQ2MDA1NzBmZGFmOTBjMTkyMTQyMmVhNGM0MWVlYzA1Yjc3NTBhOGVmYTA4ODJlMDVlOWM2ZTZlMDlkOA
118313   ,Star SS                                                    , The Star Standard fit t-shirt with DC logo print. A definite winner. 100% Cotton                                                                                                                                                                                                         ,28.31  ,250100|DC|streetwear                   ,https://ec2-3-17-109-117.us-east-2.compute.amazonaws.com:9002/medias/?context=bWFzdGVyfGltYWdlc3wxNTI3NnxpbWFnZS9qcGVnfGFXMWhaMlZ6TDJnMVpDOW9NR012T0RjNU5qa3pNemswTnpReU1pNXFjR2N8M2M4NTEwNjE2ZWM4MDc3OTNmYTlkNTdmMWJkYWE2MDBmZWYxMzczMWQ2YzQ3Y2NmY2UxNGZmZDY1Y2ZjNzkxYg
118514   ,Avionics Shades Black                                      , The Avionics Shades Black by Vans aren't just for pilots! But they still give you that ultra-cool look on every Party. 100% brass frame / 20% cellulose acetate                                                                                                                          ,40.46  ,210100|Vans                            ,https://ec2-3-17-109-117.us-east-2.compute.amazonaws.com:9002/medias/?context=bWFzdGVyfGltYWdlc3wxMDE1MnxpbWFnZS9qcGVnfGFXMWhaMlZ6TDJnek55OW9NR1V2T0RjNU5qa3lNemM0T1RNME1pNXFjR2N8ZGJiNGFiMmVjOTIwNmNmNTEwNjAzMTE5YmFmNmI1YTUxYzQ0YWJhMjNjY2U5ZmJlMzliMWFkNDVhOTdkNDNlZQ
118591   ,Frickin Too Short 22''                                     , When you think of chino's                                                                                                                                                                                                                                                                ,44.51  ,250600|Volcom|streetwear               ,https://ec2-3-17-109-117.us-east-2.compute.amazonaws.com:9002/medias/?context=bWFzdGVyfGltYWdlc3wxNDc3MXxpbWFnZS9qcGVnfGFXMWhaMlZ6TDJnME1pOW9NVEl2T0RjNU5qa3dNRGcxTVRjME1pNXFjR2N8ZjgxMDNlNmFjMjMyNTIwMzQwODU4NDNiOGUzNWU5ZmY4YWIzNDRlOTU0MDRlZGY4MDQxMmNkOWMxNTgwYTFlOQ
118603   ,Laundry Chino Short                                        , You don't want to put the Laundry Chino Pant by Volcom in the laundry because you can't wear it at this time. 100% Cotton                                                                                                                                                                ,28.31  ,250600|Volcom|streetwear               ,https://ec2-3-17-109-117.us-east-2.compute.amazonaws.com:9002/medias/?context=bWFzdGVyfGltYWdlc3wyOTU4MXxpbWFnZS9qcGVnfGFXMWhaMlZ6TDJoaU5TOW9ZbVV2T0RjNU5qa3dNemd3TURnMk1pNXFjR2N8MWI2MDdmZjIzYzZkODUxMzE2NjM0MjFiMWIxMDE3M2RhNjFiMDgzMzg4ZDkwZmIxOWQ5ZTJjOTYxOTkxYWVlNw
118693   ,Secret Spot Belt Women                                     , Roxy's Secret Spot Belt is a printed cotton belt with metal roller buckle with Roxy enamelling.                                                                                                                                                                                          ,14.54  ,Roxy|370900                            ,https://ec2-3-17-109-117.us-east-2.compute.amazonaws.com:9002/medias/?context=bWFzdGVyfGltYWdlc3wxOTMzMnxpbWFnZS9qcGVnfGFXMWhaMlZ6TDJnMU1pOW9OVE12T0RjNU5qa3lOakE0TXpFd01pNXFjR2N8Nzg5NTIyNGQ5ZGY3YzY0ODIyZTg5YjYyMzFkN2IzNDkwYjE4NDAwNjhlMmU4NzQ0OGQwZDY1MzE4NjEyZThiMg
118720   ,Bene Women                                                 ," Roxy's Bene are simple but classy sandals for every day. <font size=4"">Sizes are EU</font>"""                                                                                                                                                                                          ,40.46  ,Roxy|400300                            ,https://ec2-3-17-109-117.us-east-2.compute.amazonaws.com:9002/medias/?context=bWFzdGVyfGltYWdlc3wxMTg1OXxpbWFnZS9qcGVnfGFXMWhaMlZ6TDJnMlpDOW9OR1V2T0RjNU5qa3hOalU0TURNNE1pNXFjR2N8NzJiZThkOWJkNDU5ZDQ2ODJiZWJjNzQxNTVmYmZjMGNlOTQ1NGU1Nzc4Mjk1ZjQ1ZDYxYzJmMjU5MDRkZDc1Mw
118833   ,Purma Backpack                                             , The Purma Backpack by Volcom offers great organization and storage for your everday needs! Main compartment features roomy interior to accommodate your books                                                                                                                            ,52.61  ,160300|streetwear|Volcom               ,https://ec2-3-17-109-117.us-east-2.compute.amazonaws.com:9002/medias/?context=bWFzdGVyfGltYWdlc3wyNTcxNnxpbWFnZS9qcGVnfGFXMWhaMlZ6TDJnell5OW9ZV1l2T0RjNU5qa3lNVFE1TlRVNE1pNXFjR2N8ZDUyZWU4OGNiOGQ0ZTU2OTYxN2JmZmI2YmM1YzEzZTQ2YmUzNDdmODIyNGI1MDBkYmFhMjBhOTMzYjM4YzEzZA
118859   ,Assortment Web Belt                                        , The Assortment Web Belt by Volcom is a cotton webbbing belt with a metal bottle opener buckle. 100% Polyester                                                                                                                                                                            ,20.21  ,streetwear|251100|Volcom               ,https://ec2-3-17-109-117.us-east-2.compute.amazonaws.com:9002/medias/?context=bWFzdGVyfGltYWdlc3wyNTU2OXxpbWFnZS9qcGVnfGFXMWhaMlZ6TDJnMk55OW9NVEl2T0RjNU5qa3lOemN5TVRVd01pNXFjR2N8ZmNiMjRkNDhmNjIzNzlhMThkMTcwMmMyMTExNjQ0MmNkOWQ0M2Q3OGE3NmIxNjVhNThiNjFkY2VmM2NhYmVmNQ
118871   ,Maguro Pu Belt                                             , Another stylish belt with a Maguro design and logo embroidery. 100% polyurethane.                                                                                                                                                                                                        ,20.21  ,streetwear|251100|Volcom               ,https://ec2-3-17-109-117.us-east-2.compute.amazonaws.com:9002/medias/?context=bWFzdGVyfGltYWdlc3wyODY4OHxpbWFnZS9qcGVnfGFXMWhaMlZ6TDJobU5TOW9PVFV2T0RjNU5qa3pNREF4TlRJMk1pNXFjR2N8MDBkODlmMjI2ODgyOWM1MWE4OTY4ZDUwOWI1ODg2MTBiYjM5MDhkYmRkZjAyZGEzMWFhNDVjNTA4ZDI3ZmM1Mw
118879   ,Incision Leather Belt                                      , The Incision Leather Belt by Volcom will change your life. 100% Leather                                                                                                                                                                                                                  ,56.66  ,streetwear|251100|Volcom               ,https://ec2-3-17-109-117.us-east-2.compute.amazonaws.com:9002/medias/?context=bWFzdGVyfGltYWdlc3wxOTYyNXxpbWFnZS9qcGVnfGFXMWhaMlZ6TDJneFppOW9OVGt2T0RjNU5qa3lPVEF6TWpJeU1pNXFjR2N8YjE4MGM0MWRiMzU1M2YxNzU5NWY5MWI1MmI0YTNkYWI0MTRiNTQ0N2M4MjVhYTEyZTFkNzc2ZWQ2ZWIwZTY4YQ
118893   ,I Love Tee SS Women                                        , The I Love t-shirt by Billabong got an awesome I Love Billabong Print. 50% Cotton                                                                                                                                                                                                        ,20.21  ,260100|Billabong|streetwear            ,https://ec2-3-17-109-117.us-east-2.compute.amazonaws.com:9002/medias/?context=bWFzdGVyfGltYWdlc3wxOTMyN3xpbWFnZS9qcGVnfGFXMWhaMlZ6TDJnMk1TOW9ZVGt2T0RjNU5qazFNVGsyT1RneU1pNXFjR2N8OTI2NjA5YjRmZjhlZTY2ZGUxZTJmNGJjMjIyMDczMzkyNGI4NjY0ZGZlOWJjZDQxNDRhNjllY2M0NTdhMTg3Mw
118894   ,Lola Tee SS Women                                          , The Lola Tee by Billabong got an awesome front print. 50% Cotton                                                                                                                                                                                                                         ,24.26  ,Billabong|streetwear|260100            ,https://ec2-3-17-109-117.us-east-2.compute.amazonaws.com:9002/medias/?context=bWFzdGVyfGltYWdlc3wyMjkxNXxpbWFnZS9qcGVnfGFXMWhaMlZ6TDJnMk1DOW9abVF2T0RjNU5qazFOamc0TlRBeU1pNXFjR2N8MmUzNTE0ZDFhYmM3N2U0OTliNmQ2YmQ2MDQ0OTMwZmEyOWU2ZTFkMjMxZDkwYjNlZjE4NWNkZmVhYjFmZmUxZA
118899   ,Maguro Print Boardshort Youth                              , Jump in the waves! Nothing can stop you in these cool Maguro boardshorts by Volcom. All-over print and logo embroidery. 100% polyester                                                                                                                                                   ,40.46  ,Volcom|kids|streetwear|270600          ,https://ec2-3-17-109-117.us-east-2.compute.amazonaws.com:9002/medias/?context=bWFzdGVyfGltYWdlc3wzMzY5MHxpbWFnZS9qcGVnfGFXMWhaMlZ6TDJoak9TOW9OamN2T0RjNU5qa3dPVEEwTXpjME1pNXFjR2N8NzA3NTE3NWE4YmFiZjY0OGQwNmYxM2JiM2ExODVhNDA4NzRkMjgzYzI3NGU3MWFjN2RkNjY3MWExY2ZjODFjYQ
121832   ,Strybal Scoop Tee SS Women                                 , The Strybal Scoop Tee is a super nice printed Volcom Tee. 100% Cotton                                                                                                                                                                                                                    ,24.26  ,260100|Volcom|streetwear               ,https://ec2-3-17-109-117.us-east-2.compute.amazonaws.com:9002/medias/?context=bWFzdGVyfGltYWdlc3wxODc3OHxpbWFnZS9qcGVnfGFXMWhaMlZ6TDJobFpTOW9ZMkV2T0RjNU5qazFNREF3TXpjME1pNXFjR2N8NjcwMjQ1MTcyYWFhNjVhYTAyOGRkYjU4N2I5YTA2NGNkMWNkMjcwYjY3NTNlOTU3YThhMTFlMGMwYTU1MTY3Yg
121868   ,Strybal Dress Women                                        , The Strybal Drss by Volcom is a super nice Dress with an awesome all over print. 100% Cotton                                                                                                                                                                                             ,24.26  ,260700|Volcom|streetwear               ,https://ec2-3-17-109-117.us-east-2.compute.amazonaws.com:9002/medias/?context=bWFzdGVyfGltYWdlc3wyMDczMHxpbWFnZS9qcGVnfGFXMWhaMlZ6TDJnMlpDOW9OV0l2T0RjNU5qZzVOREk1T0RFME1pNXFjR2N8YWM1YTNkMjgzYTM1NDM1NDRiYTFjYTMxZGI1NjRkYjEyYjg3ZjBhMzNlNGE1NDIyYzlkYTM3YjVlZmMxZDY5ZA
121939   ,Forever Creedlers Women                                    ," You never wanted to wear your shoes forever? The Forever Sandals by Volcom will be the first pair you want to wear forever. 75% Polyurethane 25% Molded EVA<font size=4"">Sizes are <strong><u>US</u></strong></font>"""                                                                ,40.46  ,400300|Volcom                          ,https://ec2-3-17-109-117.us-east-2.compute.amazonaws.com:9002/medias/?context=bWFzdGVyfGltYWdlc3wxOTYxOHxpbWFnZS9qcGVnfGFXMWhaMlZ6TDJnNVlpOW9ORGd2T0RjNU5qa3hOREk0TmpZeU1pNXFjR2N8ODZmMWMxMzAyZTlmZWY1NDNhZGYwZGIwNTc4MDE1Y2VlMTRiODMxZjZlYmNjYzNiY2U1NmU4NTc5NGJmODMzZg
121941   ,Rocking 2 Creedlers Women                                  ," The Rocking 2 Women are comfortable sandals with EVA footbed and EVA outsole. Volcom knows how to make you feel comfortable. <font size=4"">Sizes are <strong><u>US</u></strong></font>"""                                                                                              ,28.31  ,Volcom|400300                          ,https://ec2-3-17-109-117.us-east-2.compute.amazonaws.com:9002/medias/?context=bWFzdGVyfGltYWdlc3wyNjYwNHxpbWFnZS9qcGVnfGFXMWhaMlZ6TDJnNFppOW9ORFV2T0RjNU5qa3hORGswTVRrNE1pNXFjR2N8NzNmYmZhMmZkYWExN2EzZTM4MzkxZGNkYjhlYjZhNzE4M2I1ZGUzNzhlN2JkNzZiZjI1YjM3OWU3YWZiZTViMw
121942   ,Rocking 2 Creedlers Women                                  ," You wanna rock the next beachparty? Try the Rocking 2 Sandals by Volcom. 70% Molded EVA 30% TPR<font size=4"">Sizes are <strong><u>US</u></strong></font>"""                                                                                                                            ,44.51  ,400300|Volcom                          ,https://ec2-3-17-109-117.us-east-2.compute.amazonaws.com:9002/medias/?context=bWFzdGVyfGltYWdlc3wyMjkzMnxpbWFnZS9qcGVnfGFXMWhaMlZ6TDJnNE15OW9ORFl2T0RjNU5qa3hOakkxTWpjd01pNXFjR2N8OTg0YmU4NTUzM2JiNGQ0MmU1MjJhNjFiYTgxNTA5OTA3MTA2NWQ1NTYwMmRlNGUzYjlmNzIwOGJiOTZhYjA1MA
122041   ,Pledge Short                                               , The lumberjack look isn't restricted to shirts - the Pledge plaid shorts by Element look just as awesome! 100% cotton                                                                                                                                                                    ,24.26  ,Element|streetwear|250600              ,https://ec2-3-17-109-117.us-east-2.compute.amazonaws.com:9002/medias/?context=bWFzdGVyfGltYWdlc3wyNDczNXxpbWFnZS9qcGVnfGFXMWhaMlZ6TDJnNU1pOW9abUV2T0RjNU5qa3dOVEV4TVRVNE1pNXFjR2N8ODg5NTUwN2M2NmZkNWUwOTU0MjNlNzkzNmNlYjJhM2ZlYWEyZTg5YzVhYjk0ODQ4N2JjNDAyOTJmY2VhMjI4Yw
122059   ,Eat                                                        , Sleep Dream SS F, Eat sleep, dream! What more could you ask for? Follow your passion with the stylish Eat, Sleep Dream T-shirt by Element!                                                                                                                                               ,14.54  ,Element|streetwear|250100              ,https://ec2-3-17-109-117.us-east-2.compute.amazonaws.com:9002/medias/?context=bWFzdGVyfGltYWdlc3wxODY4NHxpbWFnZS9qcGVnfGFXMWhaMlZ6TDJnNE1TOW9OV1l2T0RjNU5qazBPREF6TnpZMk1pNXFjR2N8YTQ1YWM0M2FkZTY4MmM3YWI5ZGRiNGMzNDk0NzJlNDhjMWViMWI3ZmIwNGJiNjM3ZTAwNWIzNzkyYTllZmI5ZQ
122072   ,Element Flat Cap                                           , Non-adjustable cap by Element. The Flat Cap is a casual and nice cap with an athletic flavour. 100% Cotton                                                                                                                                                                               ,14.54  ,Element|220600                         ,https://ec2-3-17-109-117.us-east-2.compute.amazonaws.com:9002/medias/?context=bWFzdGVyfGltYWdlc3wyMDU1MnxpbWFnZS9qcGVnfGFXMWhaMlZ6TDJoaE9TOW9PV1V2T0RjNU5qazJNemMyTmpNd01pNXFjR2N8ZjAwOTU4MTRhMGZkZDFiYWQ2M2Y4Mjk1ODYwYjllYWE2NmZlNTFiZGEzMmVkMzUxMGMzMWM5YWQwODEzOWFkNA
122074   ,El Moro Hat                                                , You will always look awesome and chic with the EL Moro Hat by Element                                                                                                                                                                                                                    ,48.56  ,Element|220600                         ,https://ec2-3-17-109-117.us-east-2.compute.amazonaws.com:9002/medias/?context=bWFzdGVyfGltYWdlc3wyNjA3M3xpbWFnZS9qcGVnfGFXMWhaMlZ6TDJobE15OW9ZalF2T0RjNU5qazJOamN4TlRReU1pNXFjR2N8OWY4N2VkMzA0ZWY2NjI3Mzg2Njg5ZTI4YTYwOTljMDY0NTkwMzM4ZDY5NDBjNDEwMGNhYzZkNjM5M2ZlNTBlNg
122233   ,Nava-Roll the World Beach Tote Women                       , The Nava-Roll The World Beach Tote by Vans got a cute cat print with plastic goggly eye detail. 100% Cotton Canvas                                                                                                                                                                       ,28.31  ,Vans|streetwear|160400                 ,https://ec2-3-17-109-117.us-east-2.compute.amazonaws.com:9002/medias/?context=bWFzdGVyfGltYWdlc3wxNjY1NnxpbWFnZS9qcGVnfGFXMWhaMlZ6TDJnNVppOW9aVFl2T0RjNU5qa3hPVGcxTnpFNE1pNXFjR2N8NWY2MGZmNzU4ZDlmYTZiNWQwNDQ3N2YxOTkzYjM2ZTlhODdjZWYzMDk5ODE2MGI5ZTg3NDY0Nzk2OWYzNzU1YQ
122312   ,System Tee SS                                              , The System SS is a standard longsleeve with Billabong lettering and logo. 100% Cotton                                                                                                                                                                                                    ,24.26  ,250100|streetwear|Billabong            ,https://ec2-3-17-109-117.us-east-2.compute.amazonaws.com:9002/medias/?context=bWFzdGVyfGltYWdlc3wxODc2NHxpbWFnZS9qcGVnfGFXMWhaMlZ6TDJnd1lTOW9Namt2T0RjNU5qZzJOVGsxTXpneU1pNXFjR2N8YjlmNWZkNjgxYjhmMTg0Y2MwZTJlZWY1OGRkOTRmMTRkMDhmM2ZiYWVhODEyYzA1ZDY5Zjc5MzE5NjA3NzBmYQ
122320   ,Eclipse Tee SS                                             , The Eclipse t-shirt by Billabong got an awesome Logo Print. 100% Cotton                                                                                                                                                                                                                  ,36.4099,250100|Billabong|streetwear            ,https://ec2-3-17-109-117.us-east-2.compute.amazonaws.com:9002/medias/?context=bWFzdGVyfGltYWdlc3wyMTE2MXxpbWFnZS9qcGVnfGFXMWhaMlZ6TDJnMU1TOW9ZbUl2T0RjNU5qZzJNek16TWpNNE1pNXFjR2N8MGNjOTEzOGI1ZmYxMjU4ZDJkMTZhYTdmNzUzYmYyZjRhZDZlMzQ0MzQ5ZjA2OTI5ZDNhZGMxY2I4ZmFiY2RmNA
122321   ,Quad Tee SS                                                , The Quad t-shirt by Billabong got a nice softhand front photoprint. 100% Cotton                                                                                                                                                                                                          ,16.16  ,Billabong|streetwear|250100            ,https://ec2-3-17-109-117.us-east-2.compute.amazonaws.com:9002/medias/?context=bWFzdGVyfGltYWdlc3wxNzEzMXxpbWFnZS9qcGVnfGFXMWhaMlZ6TDJoaE5DOW9OR0V2T0RjNU5qazBNamM1TkRjNE1pNXFjR2N8NzgzOWEyMjhkNjk3ZGFjOWFlNzU5NzBiZDNhNDEwNzg0MWZjMjE5OWIzYzBmYjUwMTE2NjVmMWEwMjRhNjFjOQ
122333   ,Because Tee SS                                             , The Because t-shirt by Billabong don't need a reason to look awesome. 100% Cotton                                                                                                                                                                                                        ,21.83  ,streetwear|Billabong                   ,https://ec2-3-17-109-117.us-east-2.compute.amazonaws.com:9002/medias/?context=bWFzdGVyfGltYWdlc3wxODQ1NHxpbWFnZS9qcGVnfGFXMWhaMlZ6TDJneU1TOW9aR0l2T0RjNU5qZzJPVFUxT0RNd01pNXFjR2N8ZTQyNzllZTk5ZGMyZDcwZmNlZmNjNTRiMTJhOTg1ZjlkODY4NTBmMWNmYTJkMTliYWY3ODNjYjUzZDVkYzljMg
122340   ,Jackson Tee SS                                             , The Jackson t-shirt by Billabong got an awesome vintage softhand print. 12                                                                                                                                                                                                               ,24.26  ,Billabong|streetwear|250100            ,https://ec2-3-17-109-117.us-east-2.compute.amazonaws.com:9002/medias/?context=bWFzdGVyfGltYWdlc3wyODk3N3xpbWFnZS9qcGVnfGFXMWhaMlZ6TDJnMVppOW9ZamN2T0RjNU5qZzNNVFV5TkRNNE1pNXFjR2N8Y2Y5OTIwNDA4MGNmMTAwMTc3ZGIzMjBhMjAxNzVkOTEyMDc5Njc4MjRjNzgyNzVjM2ZlNGU2OTgxZjlkZDUzZA
122379   ,Seizure Satchel                                            , No chance that Billabong forgets about the classic among their bags. Therefore the Seizure bag is again part of the collection                                                                                                                                                           ,24.26  ,160700|Billabong|streetwear            ,https://ec2-3-17-109-117.us-east-2.compute.amazonaws.com:9002/medias/?context=bWFzdGVyfGltYWdlc3wxMTg1N3xpbWFnZS9qcGVnfGFXMWhaMlZ6TDJobVppOW9aalV2T0RjNU5qa3lNREU0TkRnMk1pNXFjR2N8NjZmNDg1YTQ4MWEzNDg2ZmRkZjI0YmVhZjU2MjA4OGM3MmNlOWE1YzgwMTE5MTUxOTBhOTZmM2VlM2RiMWFmNQ
122394   ,Boxed Out Boardshort youth                                 , The Boxed Out Boardshort by Billabong got a nice square print. 100% Polyester                                                                                                                                                                                                            ,25.90 ',270600|kids|Billabong|streetwear       ,https://ec2-3-17-109-117.us-east-2.compute.amazonaws.com:9002/medias/?context=bWFzdGVyfGltYWdlc3wzMzc2MHxpbWFnZS9qcGVnfGFXMWhaMlZ6TDJnM05pOW9ZekF2T0RjNU5qa3dPRE00T0RNNE1pNXFjR2N8Y2YxNjQ5ZTEyNzRkYjk3MDNhMjk3OGIxNzg5NGY4MWE4MDRiYzliYmQyNDZmYzQ3NzA4NzAwODJkODE2ZDBkNQ
122405   ,Eclipse SS youth                                           , The Eclipse t-shirt by Billabong got an awesome Logo Print. 100% Cotton                                                                                                                                                                                                                  ,30.74  ,270100|kids|streetwear|Billabong       ,https://ec2-3-17-109-117.us-east-2.compute.amazonaws.com:9002/medias/?context=bWFzdGVyfGltYWdlc3wyMDk3MHxpbWFnZS9qcGVnfGFXMWhaMlZ6TDJnNVpTOW9PVEF2T0RjNU5qZzNORFEzTXpVd01pNXFjR2N8ZTVhMGUyMGEyMzIyMjA1ZjEyZTkzMWRkZGJiZjE1MjI3MjNiODYxOTEwOTI0ZDQ4N2E0YmU5NmYwYWQ3NmFhYg
122409   ,Asterisk SS youth                                          , The Asterisk t-shirt by Billabong got an awesome Photoprint. 100% Cotton                                                                                                                                                                                                                 ,34.79  ,Billabong|kids|streetwear|270100       ,https://ec2-3-17-109-117.us-east-2.compute.amazonaws.com:9002/medias/?context=bWFzdGVyfGltYWdlc3wyMTczM3xpbWFnZS9qcGVnfGFXMWhaMlZ6TDJnNU9DOW9Oell2T0RjNU5qZzNPRGN6TXpNME1pNXFjR2N8MGQxNWRmNWM0MjM3NjhmMGUwZDhmN2U1OTllZWQ1MWQ5YmU4OTk0NGIxMDNkNzczY2VjMzJhZjUwMWJmNDAyNg
122410   ,Thort SS youth                                             , The Thort t-shirt by Billabong got an awesome front skate photoprint. 100% Cotton                                                                                                                                                                                                        ,44.51  ,Billabong|kids|streetwear|270100       ,https://ec2-3-17-109-117.us-east-2.compute.amazonaws.com:9002/medias/?context=bWFzdGVyfGltYWdlc3wxNzg4MnxpbWFnZS9qcGVnfGFXMWhaMlZ6TDJoaE9TOW9PVFl2T0RjNU5qZzRNRFk1T1RReU1pNXFjR2N8ZjhjZjIwMDAzMjJjMTRmNDAyNGM2MzNkYzI0MWY1NTE4ZTBlYmZiNGZmZWUxMGVjMmMxODJjOTgxYTE3YzZlYg
122412   ,Skull 80 SS youth                                          , The Skull 80 t-shirt by Billabong got a funky front print. 100% Cotton                                                                                                                                                                                                                   ,18.59  ,Billabong|kids|streetwear|270100       ,https://ec2-3-17-109-117.us-east-2.compute.amazonaws.com:9002/medias/?context=bWFzdGVyfGltYWdlc3wxODkwMnxpbWFnZS9qcGVnfGFXMWhaMlZ6TDJoak1pOW9Nek12T0RjNU5qZzNOemMxTURNd01pNXFjR2N8OTI5NmQ4MzFkMDNjNWI4ZmUxMjlhZGJlYjU1YzZmMDlhN2JiMGMwYTA5MWI3ZmNhMmFkNDhmYWRjNWVjOWEwNw
122447   ,Up Country Floral Dress Women                              , A summer's dream! Super cute dress with a flowery print and puffy sleeves                                                                                                                                                                                                                ,20.21  ,Quiksilver|streetwear|260700           ,https://ec2-3-17-109-117.us-east-2.compute.amazonaws.com:9002/medias/?context=bWFzdGVyfGltYWdlc3wyMDQwNnxpbWFnZS9qcGVnfGFXMWhaMlZ6TDJnNE5pOW9OV1F2T0RjNU5qZzVOakkyTkRJeU1pNXFjR2N8N2I0NzVmZTVjNWFiMGVlYmNjMzk1NjU0MTVkZDYxYTg5YTFjMGI5OGYxYTI5NWJhOWVjOTM4OGVmNGEyYmFlOQ
122459   ,Gusty Tote Ball Bag Women                                  , The Gusty Tote Ball Bag Women by Quiksilver won't let you down. Light beach bag for trips to the Oceanside or a shopping tour. 100% Cotton                                                                                                                                               ,20.21  ,160400|Quiksilver|streetwear           ,https://ec2-3-17-109-117.us-east-2.compute.amazonaws.com:9002/medias/?context=bWFzdGVyfGltYWdlc3wxOTEzN3xpbWFnZS9qcGVnfGFXMWhaMlZ6TDJnMU5DOW9NMkl2T0RjNU5qa3hOemc1TVRFd01pNXFjR2N8NmM2MDA1MzYwNDFjZjY2YjQxOWM4MzZkZTBiMGIxMjE5YmFhZDIzNWU4ODdiZGFhNzMxNGVlNDk1N2MwMjQ5Nw
122461   ,Wind Jammer Tote Beach Bag Women                           , Using the Wind Jammer Tote Beach Bag by Quiksilver you can cary everything you need with you. 100% Polyester                                                                                                                                                                             ,20.21  ,Quiksilver|streetwear|160400           ,https://ec2-3-17-109-117.us-east-2.compute.amazonaws.com:9002/medias/?context=bWFzdGVyfGltYWdlc3wyMjI0OHxpbWFnZS9qcGVnfGFXMWhaMlZ6TDJoalpTOW9aakV2T0RjNU5qa3hPREl4T0RjNE1pNXFjR2N8NGRhYTBjMDQzYTM5YTZlNjk2NDE4YzU5MDczMWE0Y2M5NGM5ZjYyYzJiNjgwN2ZlYTk4YmJiMjBmYjhmNGVlMw
122670   ,Enterprize Cap                                             , You can´t miss the big and aggressive logo print of the Enterprize cap from Fox and also it does not do things by halves. 72% cotton 25% polyester 3% Elastane                                                                                                                           ,60.71  ,220600|Fox                             ,https://ec2-3-17-109-117.us-east-2.compute.amazonaws.com:9002/medias/?context=bWFzdGVyfGltYWdlc3wyMDQyNnxpbWFnZS9qcGVnfGFXMWhaMlZ6TDJnM1lTOW9PVE12T0RjNU5qazJNakV5Tnprd01pNXFjR2N8YTI4NjY0ZmFjNDdmYjQyMjUyNGM0OTNlZTAzYWRmNmQwZTBiMmViNzZhMTljZDM5NGIyNTg4ZmYyZjk5ZDdlNw
122723   ,Override Reversible Belt Women                             , A big metal Fox head use to be the belt buckle and so the Override Reversible belt looks on the one hand heavy and on the other hand dressy. 100% polyurethan                                                                                                                            ,32.36  ,Fox                                    ,https://ec2-3-17-109-117.us-east-2.compute.amazonaws.com:9002/medias/?context=bWFzdGVyfGltYWdlc3wxNTA2NHxpbWFnZS9qcGVnfGFXMWhaMlZ6TDJoak5DOW9aall2T0RjNU5qa3lOVEV3TURBMk1pNXFjR2N8YmQ4MzkxMDY3NDFmZDYzMjNkNDkzNzg5YzkxZWY5M2Q2NDkzMTQ4MjQyZjcyNTliNzY5ZjI4ODc1MTdhOTNlYw
122784   ,Overlay Cushion Women                                      ," Make your walk to the beach something special with the Overlay Cushion sandals by Reef. Zebra-patterned straps and memory EVA footbed. Synthetic/Satin<font size=4"">Sizes are <strong><u>US</u></strong></font>"""                                                                     ,36.4099,Reef|400300                            ,https://ec2-3-17-109-117.us-east-2.compute.amazonaws.com:9002/medias/?context=bWFzdGVyfGltYWdlc3wxOTc5OHxpbWFnZS9qcGVnfGFXMWhaMlZ6TDJnMllpOW9aV0l2T0RjNU5qa3hORFl4TkRNd01pNXFjR2N8ZmYzZjk0M2YzMjUxN2M1OTgzNjc4ODljYjYzOGIzMTJlYzA5NjA2NjRkMWM3ZmFmN2ExYTNiMmUyN2Q3MWYyMA
122800   ,Solo Parenth SS                                            , The Solo Parenth T-Shirt by Alien Workshop looks super spacey! 100% cotton                                                                                                                                                                                                               ,28.31  ,Alien Workshop|streetwear|250100       ,https://ec2-3-17-109-117.us-east-2.compute.amazonaws.com:9002/medias/?context=bWFzdGVyfGltYWdlc3wxOTgxMnxpbWFnZS9qcGVnfGFXMWhaMlZ6TDJnM09DOW9ZMkV2T0RjNU5qZzNNamd6TlRFd01pNXFjR2N8MzVmNTY5OWQ2NjY0NjhkM2I5OTUyNDY5MDYyNTNjODYyM2Q0NDcwY2ZlODZmNjU3YjA3Y2U0MmZjNDk5YzQ0MQ
122811   ,Her Logo SS Women                                          , Simplicity is the key! The Burton Her Logo Women t-shirtis the best example.                                                                                                                                                                                                             ,370900 ,Burton|streetwear|260100               ,https://ec2-3-17-109-117.us-east-2.compute.amazonaws.com:9002/medias/?context=bWFzdGVyfGltYWdlc3wxNjM5MXxpbWFnZS9qcGVnfGFXMWhaMlZ6TDJneU1TOW9NR1V2T0RjNU5qazFPREU1TlRjME1pNXFjR2N8MjRiOTRiMDI1YWYyZmQyNGI3YTk3ODcwODgyMzhlZDRmOWJjYzRjODY4YTc4MDE5ZDM0MDUyOTJkNDNlNmRlZA
123759   ,Rollercoaster SS                                           , Life is a rollercoaster! Especially with the Carhartt Rollercoaster T-Shirt. Featuring a graphic print by Playarea and a Carhartt sports label on the hem. 100% cotton single jersey                                                                                                     ,28.31  ,Carhartt|streetwear|250100             ,https://ec2-3-17-109-117.us-east-2.compute.amazonaws.com:9002/medias/?context=bWFzdGVyfGltYWdlc3wxNzMwNXxpbWFnZS9qcGVnfGFXMWhaMlZ6TDJnek9TOW9ZVFl2T0RjNU5qazBOamN5TmprME1pNXFjR2N8ZDU2OGYxYWM0YjI3NWQxZWU0NTM2ODhlNDUxZjY3YWQ1ODFmZTc0NzcwYjEwN2Y0MTIxMTgyZmU0NjVjOGJlYQ
123922   ,Bike Bones SS Youth                                        , The Bike Bones Youth t-shirt by Quiksilver is not just a regular t-shirt. It's the ultimate allrounder to make sure you always look amazing! 100% Cotton                                                                                                                                 ,22.64  ,kids|Quiksilver|streetwear             ,https://ec2-3-17-109-117.us-east-2.compute.amazonaws.com:9002/medias/?context=bWFzdGVyfGltYWdlc3wyMjUxNXxpbWFnZS9qcGVnfGFXMWhaMlZ6TDJnNE1DOW9OakV2T0RjNU5qa3pNVE15TlRrNE1pNXFjR2N8NDE4ZDU4NTUyMmZmNzNmZGE5ZGMzNWNjNTUzNGE5ODU5NTNmN2ZlYzUwZTI3NjVkMmQ1YjgzMGM5OTBiMmJiYw
123970   ,Baby II Bag Women                                          , The Baby II Bag by Element simply has it all. Practical size with a large main compartment and a smaller inner compartment                                                                                                                                                               ,21.83  ,Element|streetwear|160400              ,https://ec2-3-17-109-117.us-east-2.compute.amazonaws.com:9002/medias/?context=bWFzdGVyfGltYWdlc3wzOTkwMXxpbWFnZS9qcGVnfGFXMWhaMlZ6TDJnd05pOW9ObVl2T0RjNU5qa3hPRGczTkRFME1pNXFjR2N8NjVmZTAyOTI4MzIxYmM5MWQ0OTMyNzNhYWZhYWE5ZDg3YmIxMjY2ZGQzOGM5MmVkNDM4NjA4ZWI2ZDEwYWU4NQ
124267   ,Airline Bag                                                , The adidas Originals Airline Bag brings back a classic midsize travel bag design from the archives.                                                                                                                                                                                      ,28.31  ,adidas Originals|streetwear|160300     ,https://ec2-3-17-109-117.us-east-2.compute.amazonaws.com:9002/medias/?context=bWFzdGVyfGltYWdlc3wyNzYzMnxpbWFnZS9qcGVnfGFXMWhaMlZ6TDJnNFpDOW9OR012T0RjNU5qa3lNalEzT0RZeU1pNXFjR2N8N2M4ZDFlNTQ0N2QwOWFkN2RhMDhjODkzMjVjNWUxYjdiNzI1YzE3Y2MzMTFkYTA5ODU0ZGVmNGYxMDEzZDQ5MA
124693   ,Rachel Women                                               , The Rachel Handbag by Dakine is perfect for shopping trips and nights out.                                                                                                                                                                                                               ,27.09 ',Dakine|streetwear|160400               ,https://ec2-3-17-109-117.us-east-2.compute.amazonaws.com:9002/medias/?context=bWFzdGVyfGltYWdlc3wxNjU1MnxpbWFnZS9qcGVnfGFXMWhaMlZ6TDJobFppOW9OalV2T0RjNU5qa3hPVEl3TVRneU1pNXFjR2N8OWQxZWI4ZGIxNjIzMmQ3ZWFkNjBmOWJmNTBlMmZmMDA5NjRlYzBiM2MyYzM3NTJhNmM2ODgzOWQxOTM5OWU4MA
129704   ,The Lodown                                                 , The Nixon Lodown watch is the perfect surf guide.                                                                                                                                                                                                                                        ,28.31  ,340000|Nixon                           ,https://ec2-3-17-109-117.us-east-2.compute.amazonaws.com:9002/medias/?context=bWFzdGVyfGltYWdlc3wyNDIyNnxpbWFnZS9qcGVnfGFXMWhaMlZ6TDJobU1TOW9aVGN2T0RjNU5qZzFPVGN5Tnprd01pNXFjR2N8YzY2MTllNTIyOTNiOWViYjZjNTZiMzNhNTc0ODM1NzdmMGVmNDRiNGY4ZjExYzc0MmM4MTg4NjUwNmQ1MzcyNQ
129707   ,The Private                                                , The Private by Nixon is plain but equipped with high-end engineering and materials.                                                                                                                                                                                                      ,40.46  ,340000|Nixon                           ,https://ec2-3-17-109-117.us-east-2.compute.amazonaws.com:9002/medias/?context=bWFzdGVyfGltYWdlc3wyNDI5NHxpbWFnZS9qcGVnfGFXMWhaMlZ6TDJneE5pOW9NMlV2T0RjNU5qZzRPVFUwTmpjNE1pNXFjR2N8ODllMTYyMzMwN2QzOGI3ZGM5NTE0MjI3YmE5MmM1MTlhNmQzYzkwNjgwZTlhMTliM2IzMzgyZmE5YjU5OTYyMg
130663   ,HD Hero2 Outdoor Edition                                   , GoPro cameras are used by more professional athletes                                                                                                                                                                                                                                     ,36.4099,222000|GoPro Cam                       ,https://ec2-3-17-109-117.us-east-2.compute.amazonaws.com:9002/medias/?context=bWFzdGVyfGltYWdlc3wyNzAzOHxpbWFnZS9qcGVnfGFXMWhaMlZ6TDJnM055OW9PVFV2T0RjNU5qY3lOek0wTlRFNE1pNXFjR2N8YWU0YjZmZWUwODdhNDU2YmFkZDcxNjJkYTUyMTAwMDI4Y2RjMjI4Zjc3NjMzM2Q4MjFjZGQ1ZTlmOTNmNDEzYg
132042   ,Tassara Pants Girls Youth                                  , The Tassara Youth Girl is the perfect all-around snow pant                                                                                                                                                                                                                               ,105.26 ,Orage|snow|kids|330700                 ,https://ec2-3-17-109-117.us-east-2.compute.amazonaws.com:9002/medias/?context=bWFzdGVyfGltYWdlc3wxNDk5NnxpbWFnZS9qcGVnfGFXMWhaMlZ6TDJnNU55OW9NRGt2T0RjNU5qYzVOelEyT0Rjd01pNXFjR2N8Y2FjYjEwMzA5YTVjMjU2MDJmYWNmYWFjYjBmOTRmYTU4Y2EyMzJhMDk1M2ZjOTAxOGY5NGJmMDNlZTlhZjIxNg
132871   ,Limited Jacket                                             , The perfect set up to reach your next freeriding level Further Improvements in performance and functionality ensures a perfect and dry ride in any freeride conditions. The “Limited” jacker supports your own way.                                                                      ,137.66 ,PYUA|snow|190100                       ,https://ec2-3-17-109-117.us-east-2.compute.amazonaws.com:9002/medias/?context=bWFzdGVyfGltYWdlc3wxODkxNnxpbWFnZS9qcGVnfGFXMWhaMlZ6TDJnM1pDOW9NVFF2T0RjNU5qWTVNRE14TnpNME1pNXFjR2N8ZGU1ZjM5NDcyZjA4Yzk4NWFmY2Q2NzhhZGYzY2FkMDY3ZDY5MjQ4NDZmOTZjYTZlOGMyNzI5YWVlNjJjZjM1YQ
135304   ,Thermo Cork                                                , Polishing cork for polishing rub-on paste or liquid wax Perfect for working with 100% fluorinated top finish products                                                                                                                                                                    ,283.459,Toko|100200                            ,https://ec2-3-17-109-117.us-east-2.compute.amazonaws.com:9002/medias/?context=bWFzdGVyfGltYWdlc3wyOTM5NXxpbWFnZS9qcGVnfGFXMWhaMlZ6TDJobVpDOW9ZMk12T0RjNU5qY3hOalV6TVRjME1pNXFjR2N8NGM4OWE4MDFlOTViMGE3MmY2MjI4OTY3NGI0MDY0Nzc4NjMzODA5NDZiYjdiYjJkMzM3YjJlMTZiMzQ3N2EwYg
138966   ,Flow Tee SS Youth                                          , Just go with the flow and well dressed with the Flow t-shirt by Burton.                                                                                                                                                                                                                  ,80.9599,Burton|kids|streetwear|270100          ,https://ec2-3-17-109-117.us-east-2.compute.amazonaws.com:9002/medias/?context=bWFzdGVyfGltYWdlc3wzMTExOXxpbWFnZS9qcGVnfGFXMWhaMlZ6TDJnNU1DOW9PVFF2T0RjNU5qZzRNalkyTlRVd01pNXFjR2N8Mzg4MWM1MzBkOGM0Mzk3ZjAxZDVkN2MwODhkMDNkNWQwMjIzYzk0NjI0ZGY1NTEzZjQ0NjgwYTZmODAyNDU4Yg
144862   ,Del Chaos Tee SS Youth                                     , Great standart fit tee by DC with eyecatching logo print on the front: The Delivering Chaos shirt. Unbeatable. 100% cotton                                                                                                                                                               ,485.96 ,DC|kids|streetwear|270100              ,https://ec2-3-17-109-117.us-east-2.compute.amazonaws.com:9002/medias/?context=bWFzdGVyfGltYWdlc3wzMDU3NXxpbWFnZS9qcGVnfGFXMWhaMlZ6TDJoaU1TOW9ZbUV2T0RjNU5qZzROVEk0TmprME1pNXFjR2N8Y2M1MmQ4ZDEyOTdmNzFlOGM4YWZlYTEwNjUwMmMwYTVlYTc5MjViOTBlZmEyZjAxNWNiNDdmMWYzOWRiMWY1MA
21618    ,Base Brush Combi Nylon/Copper                              , An economical brush option of 1/2 nylon and 1/2 copper.                                                                                                                                                                                                                                  ,4.82   ,Toko|100200                            ,https://ec2-3-17-109-117.us-east-2.compute.amazonaws.com:9002/medias/?context=bWFzdGVyfGltYWdlc3wxNzE5NnxpbWFnZS9qcGVnfGFXMWhaMlZ6TDJoalpDOW9ObVV2T0RjNU5qY3hOakl3TkRBMk1pNXFjR2N8Y2UyOWFjOWNmOWM1ZWFlZjFkOGEzYTAwYmY2NTU0Y2ZhNTZlZTBlNzQwMmE3MzE4YzllYTIxMTgyN2JlOWU0Zg
29160    ,The Rotolog                                                , Stylish noble and a unusual movement.                                                                                                                                                                                                                                                    ,18.59  ,340000|Nixon                           ,https://ec2-3-17-109-117.us-east-2.compute.amazonaws.com:9002/medias/?context=bWFzdGVyfGltYWdlc3wyMTg5N3xpbWFnZS9qcGVnfGFXMWhaMlZ6TDJnM05TOW9OV1V2T0RjNU5qZzJNREExTlRVNE1pNXFjR2N8ZDM0NjRjMGFjYzQxZGIxOTk0YjkyYTMxOTkwZjIwYjA5ODFjOTBlM2YzOTJlMjY5NzgxMTZjZDE4MWUyNzA2Zg
29531    ,Snowboard Ski Tool Toko Side Edge Angle Pro 88 Grad        ,For fitting the files to the blade angle and to the Precision Base File Control.                                                                                                                                                                                                          ,20.21  ,Toko|skigear|snow|100200               ,https://ec2-3-17-109-117.us-east-2.compute.amazonaws.com:9002/medias/?context=bWFzdGVyfGltYWdlc3wzMDk0fGltYWdlL2pwZWd8YVcxaFoyVnpMMmc0WkM5b05ESXZPRGM1TmpZME9ETXdPRGMyTmk1cWNHY3xjYjM5ZTU0ZTIwNjQ4YmYzOTRhZjQyZjBmYzNhYWUyZTg2NjE1OTlkYzAxNGZjYjJlMjEwNTBmNDIzMjVkOWZm
29532    ,Snowboard Ski Tool Toko Side Edge Tuning Angle Pro 87 Grad ,Negative side and blade angle for professional blade tuning. The tool used by alpine World Cup pros.                                                                                                                                                                                      ,12.92  ,skigear|Toko|snow|100200               ,https://ec2-3-17-109-117.us-east-2.compute.amazonaws.com:9002/medias/?context=bWFzdGVyfGltYWdlc3w0Mjc5fGltYWdlL2pwZWd8YVcxaFoyVnpMMmhrWVM5b09XTXZPRGM1TmpZME9ETTNORE13TWk1cWNHY3w5MGE4YTliMzYyZTFkZGZjOWIwMGQ2MGIxNjlkNGY1OTNlZWY4MTUyYWNhZThiMzAzMTFiOTI5Mzc0NDI3NGI3
29867    ,Wayne Lynch 6.3                                            ,For delivery-costs outside EU please contact our customerservice at: info@blue-tomato.at <br /><br />6                                                                                                                                                                                    ,242.96 ,350100|surf|Surftech                   ,https://ec2-3-17-109-117.us-east-2.compute.amazonaws.com:9002/medias/?context=bWFzdGVyfGltYWdlc3wxMDgyNXxpbWFnZS9qcGVnfGFXMWhaMlZ6TDJnNE5DOW9ZVGt2T0RjNU5qZzVNVFV4TWpnMk1pNXFjR2N8Mzk5MTU3ZjliZThmMzhjZDBiMjc5ZWVkMGNlMDUxMTU5ZGRhZTI3ZTFjMTI5YmNkODNmMDExNDZkYTUxZWUyMA
300013358,Snowboard Ski Tool Red FBI 6                               ,A pit crew for your pocket.                                                                                                                                                                                                                                                               ,21.21  ,Red|tools|100200|snow                  ,https://ec2-3-17-109-117.us-east-2.compute.amazonaws.com:9002/medias/?context=bWFzdGVyfGltYWdlc3wxMDQwMHxpbWFnZS9qcGVnfGFXMWhaMlZ6TDJnelpDOW9Oek12T0RjNU5qWTBPRFUzTURreE1DNXFjR2N8ZTdkOGMwZTgyN2ExM2E0M2M5MjllMmZjZDkwNzE1ZTgxYzEzMDI1ZmRmNTNjMzA5NTM3ZjBiNDRmZDNmOWIzMg
300015407,Shades Von Zipper Fernstein gold moss gradient             ,The signature Von Zipper eyepiece is the living example that it is your god given right to stand up and scream your individuality at the top of your lungs.                                                                                                                               ,21.21  ,sunglasses|Von Zipper                  ,https://ec2-3-17-109-117.us-east-2.compute.amazonaws.com:9002/medias/?context=bWFzdGVyfGltYWdlc3w1MTc5fGltYWdlL2pwZWd8YVcxaFoyVnpMMmd5TWk5b09USXZPRGM1TmpZME9EWXpOalEwTmk1cWNHY3w5MjFjNDUzYzdmZTA5YTUwMTJjYjdlYWFiZjczNjllMGQ5NGI1ZjgwOWNlOThmNmI4OWQ5NGExZjhmZDA5NjNl
300020294,Shade Accessories Spy Omega Lens persimmon                 ,Replacement lens for the Omega from Spy/ persimmon                                                                                                                                                                                                                                        ,558.86 ,Spy|goggles                            ,https://ec2-3-17-109-117.us-east-2.compute.amazonaws.com:9002/medias/?context=bWFzdGVyfGltYWdlc3wxMDI1OHxpbWFnZS9qcGVnfGFXMWhaMlZ6TDJnM1l5OW9aV1l2T0RjNU5qWTBPRGN3TVRrNE1pNXFjR2N8NWFhYTg4ODlhZjY1OTE3ZjZlZTc0MDAyMDYyMmE3NjFkNGUwN2E0MTc2NTVmODhkZjgyNTk2MGM1NmY4ZDNmZg
300022349,Wax Toko S3 Hydro Carbon 60g blue                          ,Very hard friction resistant hydrocarbon wax for extremely cold aggressive conditions. For all disciplines. 60 gramm                                                                                                                                                                      ,16.96  ,skigear|Toko|snow|100200               ,https://ec2-3-17-109-117.us-east-2.compute.amazonaws.com:9002/medias/?context=bWFzdGVyfGltYWdlc3wxMDQ4M3xpbWFnZS9qcGVnfGFXMWhaMlZ6TDJnd01TOW9OVEF2T0RjNU5qWTBPRGd6TXpBMU5DNXFjR2N8YjY3N2IwNDY2ZjdmOTQ0M2FhZDBlMjE4MzQ3MmMyODQ4YTFkMjhhMGIzNDk4YzJmMmM5ZDExMDY1MGUxY2VkNw
300022356,Snowboard Ski Tool Toko Ergo Speed Top 88°/89°             ,Small handy tool for the preparing stages of the sidecute edges.Rotatable file discs with a lock mechanism provide for a 100% usable file material.Ideal also for on the way.                                                                                                             ,76.4599,skigear|Toko|snow|100200               ,https://ec2-3-17-109-117.us-east-2.compute.amazonaws.com:9002/medias/?context=bWFzdGVyfGltYWdlc3w5NTYwfGltYWdlL2pwZWd8YVcxaFoyVnpMMmhpT0M5b1pURXZPRGM1TmpZME9EazJOREV5Tmk1cWNHY3wyZDZmNzEwYTZkYTQwMTA5N2M0YzM1YTI4NjY2M2FlMTE1NjgwNWM5MGE4ZmRmZjcwMjMxMzBmZmIyMTRhMmQy
300024964,Shades Fox The Median polished black warm grey             ,Styli sun glasses in black.                                                                                                                                                                                                                                                               ,19.5100,sunglasses|Fox|210100                  ,https://ec2-3-17-109-117.us-east-2.compute.amazonaws.com:9002/medias/?context=bWFzdGVyfGltYWdlc3w2MTY2fGltYWdlL2pwZWd8YVcxaFoyVnpMMmd6TkM5b05qa3ZPRGM1TmpZME9UQXlPVFkyTWk1cWNHY3xlMzE0YzQ0NmQ5MGVkMGUzMzRmYjQyZGIzMzU0NGYyNTBlYTNjNTA0MWYxZWE2M2I5MWRjMDlhOTc0MTM0ODg1
300040462,Shades Women Roxy Carla roxy black grey                    ,Classic Vans Old Skool in a black colourway.                                                                                                                                                                                                                                              ,33.5900,Roxy|sunglasses|210100                 ,https://ec2-3-17-109-117.us-east-2.compute.amazonaws.com:9002/medias/?context=bWFzdGVyfGltYWdlc3w2MDY0fGltYWdlL2pwZWd8YVcxaFoyVnpMMmd5WlM5b1l6QXZPRGM1TmpZME9UQTVOVEU1T0M1cWNHY3xhNWU0NTk1MjViYzg5MmZiN2Q0M2QwY2U1MTA2ZmZmYzMxZTk2OWYyNjI1YzlmMTE0YzM0ZWFiOGQ3YWRiZmY5
300044323,Snowboard Ski Tool Red Basic Kit                           ,BASIC KIT Satisfy your need for speed.  Includes + Zip Tool + Ceramic Stone + Rub-Down Wax + Stash Carry Pouch                                                                                                                                                                            ,29.71  ,tools|Red|snow|100200                  ,https://ec2-3-17-109-117.us-east-2.compute.amazonaws.com:9002/medias/?context=bWFzdGVyfGltYWdlc3wxMTMzMXxpbWFnZS9qcGVnfGFXMWhaMlZ6TDJoa1pDOW9NRFV2T0RjNU5qWTBPVEUyTURjek5DNXFjR2N8NDJkOGE0M2JkODgwOTk5N2I0MDNlNDQ2MmI4NmRiNjAyNTBkODdlMzZhNThjYzY0ZGM2YjIyZGE5N2RhODM3MQ
300044596,Wax Toko S3 Hydro Carbon 120 g yellow                      ,A soft easy to use hydrocarbon wax for damp and wet snow conditions across the indicated temperature range. For training uses and for the care of stressed and worn coatings.                                                                                                             ,101.11 ,skigear|Toko|snow|100200               ,https://ec2-3-17-109-117.us-east-2.compute.amazonaws.com:9002/medias/?context=bWFzdGVyfGltYWdlc3w4OTEzfGltYWdlL2pwZWd8YVcxaFoyVnpMMmd4TWk5b01qY3ZPRGM1TmpZME9USXlOakkzTUM1cWNHY3w4MTJlNThlNWNhYmFiODdhNjc4ZDM1OTZlZmJhMjZhODlkNzE4Y2YxZmMwMDEwOTI1Mjk2ZGI2NDk4ZjY0Y2Vm
300044599,Snowboard Ski Tool Toko T8 800 Wachsbügeleisen für Heißwach,Ergonomic Waxiron enables easy waxing in all directions. Precise temperature adjustment from 100°C to 160°C. The extra-strong aluminium pressure cast plate for ideal heat storage has a curved rhomboid structure that improves                                                          ,67.9599,skigear|Toko|snow|100200               ,https://ec2-3-17-109-117.us-east-2.compute.amazonaws.com:9002/medias/?context=bWFzdGVyfGltYWdlc3wxMTUyNXxpbWFnZS9qcGVnfGFXMWhaMlZ6TDJnNU5TOW9PVGN2T0RjNU5qWTBPVEk1TVRnd05pNXFjR2N8ZjQzNjMwNjJlMTk3ZWQ0MjI3N2M1ZDUyYTY0YTc4MTMyNDFlMTZkMjUxNjAyN2EzMDc1NTMyNGE4MDA0NDczZQ
300044600,Snowboard Ski Tool Toko Multi Base File Control            ,Precision base (hanging) edge tuning tool                                                                                                                                                                                                                                                 ,29.71  ,skigear|Toko|snow|100200               ,https://ec2-3-17-109-117.us-east-2.compute.amazonaws.com:9002/medias/?context=bWFzdGVyfGltYWdlc3wxMTI4N3xpbWFnZS9qcGVnfGFXMWhaMlZ6TDJoallTOW9Zamd2T0RjNU5qWTBPVE0xTnpNME1pNXFjR2N8YmU1Mzc1MDY2ZjhjZTM3ZTExYmM0ZmZhNGUzZGE3N2YzZDM2ZjU1N2M3MDZhOWRhMjliM2FlMWQ1ODkzMDI4NQ
300044601,Snowboard Ski Tool Toko Base File Radial                   ,Radial file for working on ski and snowboard bases. For good material removal.                                                                                                                                                                                                            ,42.44  ,skigear|Toko|snow|100200               ,https://ec2-3-17-109-117.us-east-2.compute.amazonaws.com:9002/medias/?context=bWFzdGVyfGltYWdlc3w5OTE3fGltYWdlL2pwZWd8YVcxaFoyVnpMMmd5TkM5b1kySXZPRGM1TmpZME9UUXlNamczT0M1cWNHY3wwMGM0ZGI3ZjdiOTI5NTM5ZGVjMTUwODYwN2M3N2M1NjgxNDEzNTg5YjIzMGZhYzZhMjMzOTkwZTNiNDlmM2Nh
300044617,Shades Anon Convict black fade grey gradient               ,Anon Convict sunglasses in a black fade frame with grey gradient lenses. The Convict offers a medium fit with medium coverage.                                                                                                                                                            ,33.96  ,Anon|210100|sunglasses                 ,https://ec2-3-17-109-117.us-east-2.compute.amazonaws.com:9002/medias/?context=bWFzdGVyfGltYWdlc3w1NzI0fGltYWdlL2pwZWd8YVcxaFoyVnpMMmczWkM5b1lqVXZPRGM1TmpZME9UUTRPRFF4TkM1cWNHY3xjNThjNDUyMzRhMDQ0ZGYyZGYzMDE4OWVmYjY1YzRlNGEwZWJkYjllYzI5M2U2NDkyMTlhYzEzZThjM2RjN2I2
300044623,Shades Anon Legion crystal & black grey                    ,Anon Legion Sunglasses in a plaid style.                                                                                                                                                                                                                                                  ,39.06  ,sunglasses|Anon|210100                 ,https://ec2-3-17-109-117.us-east-2.compute.amazonaws.com:9002/medias/?context=bWFzdGVyfGltYWdlc3w3Njg2fGltYWdlL2pwZWd8YVcxaFoyVnpMMmd4WkM5b016Y3ZPRGM1TmpZME9UVTFNemsxTUM1cWNHY3wyYTYzZjE3ODk2ZDM4MWY1MGY3MDU4OTAwNzE3YTUwZWYwZjdiMWIwNDJmN2NlMzdiNjQ5MmM2OGU2NTA4ZmFk
300044624,Shades Anon Allie brown tortoise brown                     ,Anon built the Allie Sunglasses to last. They combined stainless steel hinges durable acetate frames and scratch-resistant lenses to ensure they can take hard use.                                                                                                                       ,15.26  ,sunglasses|Anon|210100                 ,https://ec2-3-17-109-117.us-east-2.compute.amazonaws.com:9002/medias/?context=bWFzdGVyfGltYWdlc3w2MTIxfGltYWdlL2pwZWd8YVcxaFoyVnpMMmd6Tnk5b01UZ3ZPRGM1TmpZME9UWXhPVFE0Tmk1cWNHY3xkMTY4NWIxOTg1MjdjNjgwNzRmMmM3YTEzMmY2YTYwMjdhYmIzZDIzMThiNjVkMGEyY2M4ZWQyZTM1MWZhNGYx
300045375,Shades Quiksilver Dinero black white red grey              ,The Quiksilver Dinero sunglasses are from Quik's fashion range.These great Quiksilver sunnies provide 100% u.v. protection and an acetate frame.The Dinero shades from Quiksilver have polycarbonate lenses and high quality Italian hinges.                                              ,67.9599,Quiksilver|sunglasses|210100           ,https://ec2-3-17-109-117.us-east-2.compute.amazonaws.com:9002/medias/?context=bWFzdGVyfGltYWdlc3w3MDk5fGltYWdlL2pwZWd8YVcxaFoyVnpMMmc1Wmk5b1pqY3ZPRGM1TmpZME9UWTROVEF5TWk1cWNHY3wwZThkZjAyZDEwNGMxNjU2NzU4MWY4N2QwOTAwMjE5OGQyYjZmNzdhYzAwMjY3YzM4MDRhYzlhMDA5ZGExNGVj
300046043,T-Shirt Men Playboard Flower SS white XL                   ,Classic t-shirt from Playboard with front print                                                                                                                                                                                                                                           ,84.96  ,shirts|Playboard                       ,https://ec2-3-17-109-117.us-east-2.compute.amazonaws.com:9002/medias/?context=bWFzdGVyfGltYWdlc3w5NTMwfGltYWdlL2pwZWd8YVcxaFoyVnpMMmcxT1M5b05XRXZPRGM1TmpZME9UZ3hOakE1TkM1cWNHY3w2NTBmNmFhYzJhMzJmNTI3NTMzYWQxMDcxMDU4ZjMyNjg3OWUzNjFkNWVjYTM3NGFjZWU5ZGQ0MzM3ZDQ1ZmVj
300046587,Shades Fox The Condition polished black grey               ,Back in action for 07 The Condition brings slick aesthetics and a comfortable fit. Features like the lighweight stress resistant O-Matter Frame with intergrated hinges and metal Fox Head accents.                                                                                       ,67.9599,240100|sunglasses|Fox                  ,https://ec2-3-17-109-117.us-east-2.compute.amazonaws.com:9002/medias/?context=bWFzdGVyfGltYWdlc3w0ODk0fGltYWdlL2pwZWd8YVcxaFoyVnpMMmcxWlM5b016Y3ZPRGM1TmpZME9UazBOekUyTmk1cWNHY3w5MWRiYWJmZDhmNDAwZGQ0YzFmZmM5YmM0NjU3MDY5ZWI3YjA5NGU5NmI3YWY0MTc5ZjBjY2VlYTRmNzY4OTZl
300046592,Shades Fox The Duncan polished black grey                  ,-- Featuring patented XYZ Optics for razor sharp clarity at every angle of vision plus the impact resistance and 100% UV filtering of pure Plutonite lenses. <br />-- Lightweight O Matter material <br />-- Metal Fox logo icon accent <br />-- Extended wrap                            ,84.96  ,Fox|sunglasses                         ,https://ec2-3-17-109-117.us-east-2.compute.amazonaws.com:9002/medias/?context=bWFzdGVyfGltYWdlc3w2MzYyfGltYWdlL2pwZWd8YVcxaFoyVnpMMmd3TXk5b09ERXZPRGM1TmpZMU1EQXhNamN3TWk1cWNHY3xkYzI4OTA3MTg3MmI2ZGFhZjRlOTZmM2U4YWJhOWU2MjJhYTM1MmI4OWY2ZmM5NDVjMWM5OGU0Yjc2YjA2MzEy
300047195,Shades Women Roxy Tee Dee Gee dark tortoise brown grey     ,Roxy Sunglasses with 100% UV protectionshatter with nylon lense.                                                                                                                                                                                                                          ,26.68  ,Roxy|sunglasses|240100                 ,https://ec2-3-17-109-117.us-east-2.compute.amazonaws.com:9002/medias/?context=bWFzdGVyfGltYWdlc3w3MjUwfGltYWdlL2pwZWd8YVcxaFoyVnpMMmcxT0M5b1lqVXZPRGM1TmpZMU1EQTNPREl6T0M1cWNHY3w3YTJlYzZkZjE3MzM5N2YwMGYzYzI5ZjNlM2M5ZTc2NjQ4YjIwOGUyMjg4OWY5MWVlNzRjZTJjZDU4M2Y4YzU2
300047196,Shades Women Roxy Minx black sig grey GR                   ,Roxy Sunglasses with 100% UV protection propionate frame and polycarbonate de-centered lenses.                                                                                                                                                                                            ,84.96  ,Roxy|sunglasses|210100                 ,https://ec2-3-17-109-117.us-east-2.compute.amazonaws.com:9002/medias/?context=bWFzdGVyfGltYWdlc3w3NTI2fGltYWdlL2pwZWd8YVcxaFoyVnpMMmhtTnk5b016WXZPRGM1TmpZMU1ERTBNemMzTkM1cWNHY3wxODliYmE4M2U0NmQ2MjJiOWM2YmI2NDMyNjFhZmEwZmUxZDc4NGUzMGI5MWM3MDJjOWFkOGFiN2YzODc5Mzcz
300047199,Shades Women Roxy Roma purple grey                         ,Roxy Sunglasses with 100% UV protection distortion free lenses and studded Roxy logo on the side.                                                                                                                                                                                         ,101.96 ,sunglasses|Roxy|240100                 ,https://ec2-3-17-109-117.us-east-2.compute.amazonaws.com:9002/medias/?context=bWFzdGVyfGltYWdlc3w2NzcxfGltYWdlL2pwZWd8YVcxaFoyVnpMMmhsT1M5b016RXZPRGM1TmpZMU1ESXdPVE14TUM1cWNHY3xmNmM5ODcxMjMzNWQ1ZmU5OWZjYzU3ODk2MzM5MGE1ODllYzQwMzFhZmM3YjAyNGNhMGQ2ZDMwYzYzOWQyMjIy
300047436,Shades Anon Crusher polar black grey polarized             ,Everbody nows tha ANON designs super nice goggles But since a while they also have extremly good looking sunglasses. To prodect your eyes everywhere in the sunshine.                                                                                                                     ,84.96  ,sunglasses|Roxy|210100                 ,https://ec2-3-17-109-117.us-east-2.compute.amazonaws.com:9002/medias/?context=bWFzdGVyfGltYWdlc3w1OTE3fGltYWdlL2pwZWd8YVcxaFoyVnpMMmhqTUM5b05XRXZPRGM1TmpZMU1ESTNORGcwTmk1cWNHY3w3Mzg1NWVkMTdjYzQ0MTI3ZGU0MmFmZDQzZjQwMmYxMjNiOGYzZGNmY2VjZmUzMDAxZThiMDIyZmNhYjZkZTMy
300047513,Shades Von Zipper Papa G white grey chrome                 ,Like a chunk of fudge on december 26th this super-sized piece of eye candy is the gift that keeps on giving into the New Year and doesn't melt in your hand or cause love handles.                                                                                                        ,93.46  ,sunglasses|Von Zipper|210100           ,https://ec2-3-17-109-117.us-east-2.compute.amazonaws.com:9002/medias/?context=bWFzdGVyfGltYWdlc3w0NDY1fGltYWdlL2pwZWd8YVcxaFoyVnpMMmd4T1M5b056a3ZPRGM1TmpZMU1ETTBNRE00TWk1cWNHY3wzMDQwYjBmNzUwYWNkNTkwMDIwNjJiOGZiZGI2ODZkMDAxZjVmNTIwMjhjYjI2NGUxODFjNWI1ZjgwYWJlY2Vi
300051511,Cap Rip Curl D Cap vetiver                                 ,Adjustable trucker cap with front skulls print and rear horror logo stitching.                                                                                                                                                                                                            ,84.96  ,Rip Curl|caps                          ,https://ec2-3-17-109-117.us-east-2.compute.amazonaws.com:9002/medias/?context=bWFzdGVyfGltYWdlc3wxMTk2NXxpbWFnZS9qcGVnfGFXMWhaMlZ6TDJnMFpTOW9ZekF2T0RjNU5qWTFNRFF3TlRreE9DNXFjR2N8ZmJiM2E5NTUyYmRhNWE4NTM0MWNmNjNiZjgwMmEzMDlmNTkzMDZlYTljNTUyMDhhNmFkNjY3Mzk5OWMyMmRiMA
300310070,Bag Dakine 101 Pack wrap                                   ,Classical allround back pack from Dakine with laptop compartment.                                                                                                                                                                                                                         ,89.21  ,Dakine|backpack                        ,https://ec2-3-17-109-117.us-east-2.compute.amazonaws.com:9002/medias/?context=bWFzdGVyfGltYWdlc3wxNzkwMXxpbWFnZS9qcGVnfGFXMWhaMlZ6TDJoak9DOW9aR0l2T0RjNU5qWTFNVE15TXpReU1pNXFjR2N8MWMyODllNTY4MmRiNmI4Zjc4OGUyNTdlODgyNjdhZGNmNTA4ODk3MWE3NTJiZTZlZWE2ZjI4MjExZTAxZTMyNA
300310086,Bag Dakine Factor Pack bomber                              ,Functional like no other bag!                                                                                                                                                                                                                                                             ,67.9599,backpack|Dakine                        ,https://ec2-3-17-109-117.us-east-2.compute.amazonaws.com:9002/medias/?context=bWFzdGVyfGltYWdlc3wxMzg2NnxpbWFnZS9qcGVnfGFXMWhaMlZ6TDJneFpDOW9OREl2T0RjNU5qWTFNVE00T0RrMU9DNXFjR2N8YjI1YTcwMDQ0MzhjMGM2NTY1OTQ3YWU2ODI0NTNjYWUxOWE4MDI1MDBjOWVhYWMzMDAyMzNmYWVkZjNhMjAwOQ
300310163,Bag Dakine Point Pack bomber                               ,The point pack by Dakine comes with a seam sealed wetsuit pocket so you always have a place for wet or dirty gear.                                                                                                                                                                        ,40.6300,backpack|Dakine                        ,https://ec2-3-17-109-117.us-east-2.compute.amazonaws.com:9002/medias/?context=bWFzdGVyfGltYWdlc3wxMzY3OHxpbWFnZS9qcGVnfGFXMWhaMlZ6TDJnek1pOW9PR012T0RjNU5qWTFNVFkxTVRFd01pNXFjR2N8YmQ0NmNkMTM5NWU0NDFkNjZhYWUxZmI2MmNjMzE1NGFhOGYyNGMyNGE2YTQ5Y2I4NGRmYTUyZDU5NGUxZjVhMQ
300310180,Bag Dakine Sunglass Case black patches                     ,Soft lined sunglass case.;Features:+ Zippered closure+ Faux fur lined interior+ Measures (in cm): 175 x 9 x 7 inside: 155 x 8 x 6+ Material: fleece lined;600D Polyester                                                                                                                  ,84.96  ,others|Dakine                          ,https://ec2-3-17-109-117.us-east-2.compute.amazonaws.com:9002/medias/?context=bWFzdGVyfGltYWdlc3wxNDI1N3xpbWFnZS9qcGVnfGFXMWhaMlZ6TDJobFpDOW9aVFF2T0RjNU5qWTFNVGN4TmpZek9DNXFjR2N8MWVhNzQ0NTMyYzA1ZDI3MWRiNTE1YzBmY2Y1MWJlZWE4NTBhZTM0YTQwMmUxMDMwOTcyMDNjZDA3OGJiZGNiMQ
300441142,Cap Blue Tomato BT Snow Trucker Cap black                  ,Show your love for snow and Blue Tomato! With the BT Snow Trucker Cap with Mesh on the back and print on the front.                                                                                                                                                                       ,42.46  ,Blue Tomato|caps                       ,https://ec2-3-17-109-117.us-east-2.compute.amazonaws.com:9002/medias/?context=bWFzdGVyfGltYWdlc3wxMDAxMXxpbWFnZS9qcGVnfGFXMWhaMlZ6TDJneFl5OW9NREl2T0RjNU5qWTFNelUxTVRZME5pNXFjR2N8YmFmOGRiYTJmODUxNjEwNWU4NDBkZjBlYzY1N2JmOWMzMjc5YTYwM2U1ZjVlOGI4MWEyYWExYThjOWJjNzFjYg
30404    ,Shades Von Zipper Papa G black gloss black gloss/grey      ,Like a chunk of fudge on december 26th this super-sized piece of eye candy is the gift that keeps on giving into the New Year and doesn't melt in your hand or cause love handles                                                                                                         ,50.96  ,Von Zipper|sunglasses|240100|snow|10020,https://ec2-3-17-109-117.us-east-2.compute.amazonaws.com:9002/medias/?context=bWFzdGVyfGltYWdlc3w1Njg2fGltYWdlL2pwZWd8YVcxaFoyVnpMMmd4T0M5b01XWXZPRGM1TmpZMU16WXhOekU0TWk1cWNHY3wzMzA3NzFhZDZhMjM4NTdkMTI5NDEyZTRmMzFjOGJiNWFjYmNlODg5NDJiNmUzNDc2ZDBiZWYzMjRmMDFiNjBj
36265    ,The Rotolog                                                , STYLE BY DESIGN<br /><br />Movement: Custom right-read direct time Japanese quartz with LED light. <br />Case: Custom 30 meter stainless steel with hardened mineral crystal                                                                                                             ,26.68  ,340000|Nixon                           ,https://ec2-3-17-109-117.us-east-2.compute.amazonaws.com:9002/medias/?context=bWFzdGVyfGltYWdlc3wxNzY4M3xpbWFnZS9qcGVnfGFXMWhaMlZ6TDJnek5pOW9PREl2T0RjNU5qZzFPREE0T1RVd01pNXFjR2N8MmM5OWEwYzM4YTc0ZDE3OGUwMjUxNDM5Y2RjNzNiOTNhZjQwZjI1YmYyNmFmZDBkY2M3ZmViYmZjNjM0ZmJlYg
43339    ,The Sentry                                                 , Guards you from boredom.                                                                                                                                                                                                                                                                 ,8.46000,340000|Nixon                           ,https://ec2-3-17-109-117.us-east-2.compute.amazonaws.com:9002/medias/?context=bWFzdGVyfGltYWdlc3wyMjQ2MnxpbWFnZS9qcGVnfGFXMWhaMlZ6TDJnek1DOW9PREV2T0RjNU5qZzFPVFF3TURJeU1pNXFjR2N8YmU1YzQ5NjNiYTI0Y2U1OWM2NWIxNWFlZWVmOTliYTc2M2Q5ZjM2YjYzODYyZDEwZDI5OTAwZmM3OGMxNjY4Mg
45573    ,Snowboard Ski Tool Toko Scraper Sharpener World Cup        ,Plexiblade sharpener for 3 4 5 and 6 mm (1/8? 3/16? 5/32? and 1/4?) blade width. With ceramic disc.Level: Ambitious                                                                                                                                                                       ,67.9599,skigear|Toko|snow|100200               ,https://ec2-3-17-109-117.us-east-2.compute.amazonaws.com:9002/medias/?context=bWFzdGVyfGltYWdlc3w2NzQxfGltYWdlL2pwZWd8YVcxaFoyVnpMMmc1WWk5b01EWXZPRGM1TmpZMU5ESXdOekF3Tmk1cWNHY3w3MGY1NWZjZmQ0NDQxMDI2NzJlYzM5MTAwZGQwYmZiZWFlMTlhNjMxMDcxNmNiYzYzYzdjMTYwY2U3N2JjMTgy
45576    ,Snowboard Ski Tool Toko Skibürste Kombi Nylon/Kupfer       ,An economical brush option of 1/2 nylon and 1/2 copper.                                                                                                                                                                                                                                   ,226.76 ,skigear|Toko|snow|100200               ,https://ec2-3-17-109-117.us-east-2.compute.amazonaws.com:9002/medias/?context=bWFzdGVyfGltYWdlc3w5MjI4fGltYWdlL2pwZWd8YVcxaFoyVnpMMmczTUM5b05ETXZPRGM1TmpZMU5ETXpPREEzT0M1cWNHY3w0YTAwZDAzNmYwMDJkNjMwMTg4MThjNDdhYzI1YjU1N2U2NzNjNjcxYTA1NzE2OGI0MTdhNTg1YWEyZDBkODNi
51411    ,The Iris Women                                             , Minimalist style! Watch with japanese Quartz movment with hour                                                                                                                                                                                                                           ,137.66 ,370700|Nixon                           ,https://ec2-3-17-109-117.us-east-2.compute.amazonaws.com:9002/medias/?context=bWFzdGVyfGltYWdlc3wxNDU0OHxpbWFnZS9qcGVnfGFXMWhaMlZ6TDJnMVpDOW9aREl2T0RjNU5qZzFOalExTVRFd01pNXFjR2N8N2NhNTY0NDA3NDg0OGMyMTBhMDA2YzJkMzYyODhkZTdjNzhiZDc4ZTljZTVlMzRmZmEyMWExMzhjOTc0ODEyNw
5191     ,All in One 120g                                            , These high-quality waxes guarantee excellent gliding and easier turning for skis and boards.                                                                                                                                                                                             ,30.56  ,100100|Toko                            ,https://ec2-3-17-109-117.us-east-2.compute.amazonaws.com:9002/medias/?context=bWFzdGVyfGltYWdlc3wxNjA1NnxpbWFnZS9qcGVnfGFXMWhaMlZ6TDJnd1lpOW9Namt2T0RjNU5qZzVNelF4TXpRd05pNXFjR2N8OWU2ODkxZTQwY2QwZTM5OGUxNmIwOGM1MTVjYjYyOTQ4ZGQ2NWJmZDEwMmVjNDJhZDMxZGM2YjMyZWQ3ZGI2Mw
5203     ,Repair Candle 6 mm                                         , Base repair-stick for base damage. Just light it and drip the repair material onto the base.                                                                                                                                                                                             ,12.86  ,Toko|100200                            ,https://ec2-3-17-109-117.us-east-2.compute.amazonaws.com:9002/medias/?context=bWFzdGVyfGltYWdlc3wxNTI1NXxpbWFnZS9qcGVnfGFXMWhaMlZ6TDJnd1lpOW9PR1F2T0RjNU5qZzVNemt3TkRreU5pNXFjR2N8OTliODJmOTgxZTNhNmQxYjUwNzliNTkwZDYyMTYyZjEyZjMzMzFhZGU3M2I2N2JiM2EzOGEyYzI3OGM0NTQ1NQ
56802    ,The Chalet Women                                           , Is it a bracelet or a watch?                                                                                                                                                                                                                                                             ,80.9599,370700|Nixon                           ,https://ec2-3-17-109-117.us-east-2.compute.amazonaws.com:9002/medias/?context=bWFzdGVyfGltYWdlc3wyMTkwOXxpbWFnZS9qcGVnfGFXMWhaMlZ6TDJnek1DOW9NamN2T0RjNU5qZzFOVGM1TlRjME1pNXFjR2N8Y2Q5YTQyMDYyYzRjNDdlOWZkZDFiZWYxNDliNjhiZjc5MTVkNmJjY2U2YjQ3MDVjMjQ5MGJiOWQ5MmE0YzU5ZA
62001    ,Sweetart Pant youth                                        , Rugged warmth and weather protection with a fit that grows as they go!                                                                                                                                                                                                                   ,9.68   ,snow|kids|330700|Burton                ,https://ec2-3-17-109-117.us-east-2.compute.amazonaws.com:9002/medias/?context=bWFzdGVyfGltYWdlc3wyODY5NXxpbWFnZS9qcGVnfGFXMWhaMlZ6TDJobE9TOW9aakF2T0RjNU5qYzVOamd4TXpNME1pNXFjR2N8N2I4NTAxYTk1ZWU1ZTVkZWM1N2QwOTY4Yjk4OTMwNmZlZDA2ZDU2NzgyZjgwOTViMTEyM2UxOWRmNWYwYjMwNQ
63500    ,Overtime Belt Women                                        , Stylish Belt with large Logo buckle! 100% cotton                                                                                                                                                                                                                                         ,4.01   ,Fox|370900                             ,https://ec2-3-17-109-117.us-east-2.compute.amazonaws.com:9002/medias/?context=bWFzdGVyfGltYWdlc3wxMzg3M3xpbWFnZS9qcGVnfGFXMWhaMlZ6TDJoaFlTOW9ZbUV2T0RjNU5qa3lOamN6T0RRMk1pNXFjR2N8NDVhMGQwZmJlZDQxOWViYWU4MDg3OWZlYTVhYzA5N2Y5MzBjMjJiMGIxZDczNmNlYzU5MGU3OWQ1NWY3NTJhZQ
64389    ,The Vega Women                                             , Flashy stretch band watch!                                                                                                                                                                                                                                                               ,202.46 ,370700|Nixon                           ,https://ec2-3-17-109-117.us-east-2.compute.amazonaws.com:9002/medias/?context=bWFzdGVyfGltYWdlc3wyMjY1MXxpbWFnZS9qcGVnfGFXMWhaMlZ6TDJnellTOW9aR0l2T0RjNU5qZzFORGd4TWpjd01pNXFjR2N8MGVkOTQzOWE3YTA0MzJhNGQ4NGJmMWJlM2M2NWQyYWJhNzM4NTAxNmY4MDI3NmMyNjk1NTAzMDc3MTA0Y2FhZA
74010    ,Torbacula Belt                                             , Nice leather belt with cool lettering by Von Zipper. 100% Leather                                                                                                                                                                                                                        ,44.51  ,Von Zipper|streetwear|251100           ,https://ec2-3-17-109-117.us-east-2.compute.amazonaws.com:9002/medias/?context=bWFzdGVyfGltYWdlc3wyNzA2MXxpbWFnZS9qcGVnfGFXMWhaMlZ6TDJneE5TOW9ZVEF2T0RjNU5qa3pNRGs1T0RNd01pNXFjR2N8Zjc4YTkyNjc5M2RiMGMwYTBkYjVmY2IwZGU3ZTU0MWQ0NmFkYTU2MGYwZGI2ZWZlNWM3OWY1MzZkMTU0ODE0ZA
74036    ,DMT Diamond File                                           , Professional quality diamond files for removing hardening and for deflashing and polishing the edges after filing. Produces a top-class finish.                                                                                                                                          ,17.78  ,Toko|100200                            ,https://ec2-3-17-109-117.us-east-2.compute.amazonaws.com:9002/medias/?context=bWFzdGVyfGltYWdlc3wxNTAwMHxpbWFnZS9qcGVnfGFXMWhaMlZ6TDJnNFl5OW9NMkl2T0RjNU5qY3hOVEl5TVRBeU1pNXFjR2N8NzM2ZTNhMTZjNjQyM2IxMzdiNmUwNDAxYWExNzYzMDk1OGM3YTljYjQ0YTcyNjFkYWFiNWFjYTQ1MDIyYTZlZQ
74818    ,The Rubber Re-Run                                          , With the Rubber Re-Run from the new collection                                                                                                                                                                                                                                           ,64.7600,340000|Nixon                           ,https://ec2-3-17-109-117.us-east-2.compute.amazonaws.com:9002/medias/?context=bWFzdGVyfGltYWdlc3wyMTk4N3xpbWFnZS9qcGVnfGFXMWhaMlZ6TDJoaU1pOW9Nek12T0RjNU5qZzFOekV3TmpRMk1pNXFjR2N8NjM3ZTdjNDJmZDI4YzhjNTFmNDBhMmVlZTVkOTE4OGQwMjVhYjM3N2UwNjBjMzg3Y2U3MzY3OWMwYWFmNTcyYg
74825    ,The Sentry                                                 , Guards you from boredom.                                                                                                                                                                                                                                                                 ,17.78  ,340000|Nixon                           ,https://ec2-3-17-109-117.us-east-2.compute.amazonaws.com:9002/medias/?context=bWFzdGVyfGltYWdlc3wyMDc3NnxpbWFnZS9qcGVnfGFXMWhaMlZ6TDJneE9DOW9NalV2T0RjNU5qZzFOemMyTVRneU1pNXFjR2N8MGIwYWJkZjY0NjRjYTFmMGU2NGM4OGVhM2FhN2E2Y2RiMjhkY2RmYzA3Y2YyZDkxNDA4NDhjODFmNzhiNTAyMQ
74844    ,The Zona Women                                             , Stylish                                                                                                                                                                                                                                                                                  ,25.88  ,370700|Nixon                           ,https://ec2-3-17-109-117.us-east-2.compute.amazonaws.com:9002/medias/?context=bWFzdGVyfGltYWdlc3wxODg4N3xpbWFnZS9qcGVnfGFXMWhaMlZ6TDJnd1pDOW9aR1V2T0RjNU5qZzFOakV5TXpReU1pNXFjR2N8NDJlMjEzMmVmMDBlYzlhNjhmMmNiOTU2ZDM0Mjk1MTBlYmI3MzY4YTk5YTljMDhmYzk5NjhkMzNmNTU1Y2FhYw
7907     ,Board Grip                                                 , Nothing simpler! A vice system for when you have to edge and service the board. Exclusively from Toko                                                                                                                                                                                    ,80.9599,Toko|100200                            ,https://ec2-3-17-109-117.us-east-2.compute.amazonaws.com:9002/medias/?context=bWFzdGVyfGltYWdlc3wyMDc0MXxpbWFnZS9qcGVnfGFXMWhaMlZ6TDJnMFppOW9OMkl2T0RjNU5qY3hORGc1TXpNME1pNXFjR2N8MDcyZjYyNzcxYjc4MGQ2NTZhMTBhMWNhYmUwODZlNjM3YTEzNTI1MmUyYTMyZGQ3NDRlNmU4YjljNmI5NWI4ZA
79889    ,Ghada Leather Belt Women                                   , Narrow leather belt with rivets. The Elba Belt is two times wrapped around the waist. With buckle and eyelets to close. 100% Leder                                                                                                                                                       ,129.56 ,Bench|370900                           ,https://ec2-3-17-109-117.us-east-2.compute.amazonaws.com:9002/medias/?context=bWFzdGVyfGltYWdlc3wxODQ4MnxpbWFnZS9qcGVnfGFXMWhaMlZ6TDJoaU1TOW9NREF2T0RjNU5qa3lOalF4TURjNE1pNXFjR2N8NWJiY2UxZjlmMmQyODNhZDdlMmEzODZiNzlkMTI3Y2Y0MGU0YWRhNjI5MmYwNjI0MjE0ZjhmMjNiYjNkYTM3OA
80147    ,Control Short                                              ," Short with mini plaid pattern and 22 outseam. 100% Cotton"""                                                                                                                                                                                                                            ,137.66 ,Analog|streetwear|250600               ,https://ec2-3-17-109-117.us-east-2.compute.amazonaws.com:9002/medias/?context=bWFzdGVyfGltYWdlc3wzNTQxNnxpbWFnZS9qcGVnfGFXMWhaMlZ6TDJnMU15OW9Zemt2T0RjNU5qa3dOamMwT1RrNE1pNXFjR2N8ZGNmN2FlNjZkODc0MjdmMzk1MDg0NjQ4MmVlYTRkOTNlMjEwZWViZGE2MTg1YzgxYTJmYzBhNzhjYjk3ZjkxNQ
81252    ,Fornax Pant Insulated youth                                , The Fornax Pant is available in great pastell colours and is waterproof and super warm! Therefore ideal for the chillier day in winter!                                                                                                                                                  ,80.9599,Horsefeathers|snow|kids|330700         ,https://ec2-3-17-109-117.us-east-2.compute.amazonaws.com:9002/medias/?context=bWFzdGVyfGltYWdlc3wxMzkzNHxpbWFnZS9qcGVnfGFXMWhaMlZ6TDJnNVlTOW9PR1V2T0RjNU5qYzVOREU1TVRrd01pNXFjR2N8ZjNlNjM4OGU4MWJjYjExNDdjZGIzZTAwYzIyNjY0YzY2MWM3YmFkNjBhOWViMDBkNDE2MWNlYWM5NGJjMWZjMg
83025    ,Blocked Boardshort youth                                   , Environmentally friendly and stylish. This cool boardshort with an all-over print and 4-way stretch is the coolest thing this summer. Made of recycled PET. 85% polyester and 15% spandex.                                                                                               ,24.26  ,Quiksilver|kids|streetwear|270600      ,https://ec2-3-17-109-117.us-east-2.compute.amazonaws.com:9002/medias/?context=bWFzdGVyfGltYWdlc3wzMzU4MXxpbWFnZS9qcGVnfGFXMWhaMlZ6TDJnM015OW9NRFV2T0RjNU5qa3hNRFk0TWpFME1pNXFjR2N8MGQ0NzBjNWRlMmNkZDEzYWU3YmMwYzYzNWNkOWQyZGIyMDdjMDQ1YjI0NjNkYTQxMzczYTc5Mzc4MzA5NTNlNA
83174    ,Stella Dress Women                                         , Checked is in                                                                                                                                                                                                                                                                            ,44.51  ,streetwear|260700                      ,https://ec2-3-17-109-117.us-east-2.compute.amazonaws.com:9002/medias/?context=bWFzdGVyfGltYWdlc3wyMTg0NHxpbWFnZS9qcGVnfGFXMWhaMlZ6TDJnM1pDOW9PVFF2T0RjNU5qZzVOamt4T1RVNE1pNXFjR2N8YTlkZGUwNDU5OTA5Y2E2NzIxOTcwOWE1YTNlM2JiY2I0Njk2MThkZGI5OTg0OGUyYWIwNWJmNzllNmE1Y2NjOA
83223    ,Selva Dress Women                                          , With the femipleasure Selva dress in a colourful stripe pattern with chest pocket on the left side and draw cord belt you'll be even more scrumptious in the eyes of the boys. 100 % cotton                                                                                              ,32.36  ,Femipleasure|streetwear|260700         ,https://ec2-3-17-109-117.us-east-2.compute.amazonaws.com:9002/medias/?context=bWFzdGVyfGltYWdlc3wxODc2N3xpbWFnZS9qcGVnfGFXMWhaMlZ6TDJnNE5DOW9Nak12T0RjNU5qZzVPVGcyT0Rjd01pNXFjR2N8NjliOWFhNmMwMTdhY2NlNDEzNzU1M2Y4ZjU2OTRkM2RiMWY4ZGNiOTI2MGZlNTIxYWQ3ZDQ2ZThiNjliOGZjNg
84574    ,Stratus Dress Women                                        , The Stratus Dress is the perfect companion whether you're at the beach or sipping a cocktail in the city. You're sure to catch everyone's attention! 51% cotton                                                                                                                          ,36.4099,Hurley|streetwear|260700               ,https://ec2-3-17-109-117.us-east-2.compute.amazonaws.com:9002/medias/?context=bWFzdGVyfGltYWdlc3wxNDk0OXxpbWFnZS9qcGVnfGFXMWhaMlZ6TDJnME1DOW9Zek12T0RjNU5qZzVOemt3TWpZeU1pNXFjR2N8ZDc5YjliNDQxMWE2MWMyNDljYTg2YWJjYjRjM2U2OWFkMDAxOWFmODA1Y2VlYzI4MDI5MDZjZDUwMjk2NmI3MA
92637    ,Boardshort youth                                           , You will be the best styled kid with the Boardshort by Slam 69. 100% Polyester                                                                                                                                                                                                           ,667    ,69 Slam|kids|streetwear|270600         ,https://ec2-3-17-109-117.us-east-2.compute.amazonaws.com:9002/medias/?context=bWFzdGVyfGltYWdlc3wzNTA1MXxpbWFnZS9qcGVnfGFXMWhaMlZ6TDJoaU55OW9ZamN2T0RjNU5qa3hNVE16TnpVd01pNXFjR2N8NzgxZGI2ZmUyYWVmYjNiMzc2NWYxMDdlZWExYjRiZmM5OWQ5Mjc5MTM2MmM5ODg5MDY0ZjgyMGJlMjU3YTU5Mw
92905    ,Vintage 72 metallic grey/ yellow                           , Take a look back through time as you look ahead through the lenses of the Nike Vintage '72 Sunglasses. Featuring an over-sized frame                                                                                                                                                     ,28.31  ,210100|Nike                            ,https://ec2-3-17-109-117.us-east-2.compute.amazonaws.com:9002/medias/?context=bWFzdGVyfGltYWdlc3wxMDU0MHxpbWFnZS9qcGVnfGFXMWhaMlZ6TDJoaFlTOW9Oekl2T0RjNU5qazJOek0zTURjNE1pNXFjR2N8MmE0NmI0YzFiYzAxOTM1ZDdiZTU1NzcxZGYzOTA4NzA2Mjk4NmM4ODA4M2JlYTEwZDZhMzgyYzU5NTNhNmRmYg
92961    ,Spikes 44                                                  ," The Skim One Spikes Skimboard guarantees endless fun. Dimensions: 44 """                                                                                                                                                                                                                ,24.26  ,351200|Skim One|surf                   ,https://ec2-3-17-109-117.us-east-2.compute.amazonaws.com:9002/medias/?context=bWFzdGVyfGltYWdlc3wyMTc5NXxpbWFnZS9qcGVnfGFXMWhaMlZ6TDJnMk5TOW9NR012T0RjNU5qZzVNalE1TlRrd01pNXFjR2N8OGM4NmZiZDY5NDgyOTE1YzE1ZGI0ODAzYTlmYWM3YTMzM2NjOGY1YjMxMTgyNWZjODUzN2UwMTAzOGI3MjQ2Yg
93762    ,The Brick Beanie                                           , Loose fit beanie by VIVO in a nice color. 100% Acrylic                                                                                                                                                                                                                                   ,36.4099,VIVO|220500                            ,https://ec2-3-17-109-117.us-east-2.compute.amazonaws.com:9002/medias/?context=bWFzdGVyfGltYWdlc3wyODgwNHxpbWFnZS9qcGVnfGFXMWhaMlZ6TDJobU1pOW9Zemd2T0RjNU5qY3pPVFEyT1RNME1pNXFjR2N8Yzg5NTRkNDJkMWNjYTdjNDk0YzY4MGUzZTljMTk1OWZhMDJmYWM5NGUwNjEyYTJjYTczYjY2NzFiYjNhYjlmNA
94063    ,The 51-30                                                  , The 51-30 by Nixon is a sporty watch for men and moreover for real water sports men!                                                                                                                                                                                                     ,77.72  ,340000|Nixon                           ,https://ec2-3-17-109-117.us-east-2.compute.amazonaws.com:9002/medias/?context=bWFzdGVyfGltYWdlc3wyNjIzM3xpbWFnZS9qcGVnfGFXMWhaMlZ6TDJneVlTOW9PRE12T0RjNU5qZzFOamMzT0RjNE1pNXFjR2N8OGE3ZGYyOGE2Yzc5MDc1OTNjMjVlOGE3MmIyODM1OWFkODVhYjEwZTRhYjgwNjZkN2I3Yjc1YjA5N2Q1ODU1MA
94172    ,Camper Beanie                                              , It is better to always choose the right thing - and the Camper beanie by Nixon is the right thing. 100% Acrylic                                                                                                                                                                          ,153.860,Nixon|220500                           ,https://ec2-3-17-109-117.us-east-2.compute.amazonaws.com:9002/medias/?context=bWFzdGVyfGltYWdlc3wyMTg5M3xpbWFnZS9qcGVnfGFXMWhaMlZ6TDJnME9TOW9Zamd2T0RjNU5qYzBNamMwTmpFME1pNXFjR2N8OWNmODk1OTZkNmQ5NzMxM2YxZWQyOTNmNGY4NzJjZjJlYWNlYzMyYTE0ODE4YzI1MjIyYjlmMTkzMmFmODQ0MA
94374    ,Studio Pant                                                , Constructed with pure on-snow functionality in mind                                                                                                                                                                                                                                      ,14.54  ,Foursquare|snow|190300                 ,https://ec2-3-17-109-117.us-east-2.compute.amazonaws.com:9002/medias/?context=bWFzdGVyfGltYWdlc3wxOTAyMXxpbWFnZS9qcGVnfGFXMWhaMlZ6TDJnMU15OW9ObUV2T0RjNU5qYzNNVFU0TVRrNE1pNXFjR2N8MGZkMDM1YTIzYmY1YTA0MGYyMGRlZTFjMGQxOTRhODU2MjdiNjJjMTZjZjgwZjQ3M2NiZGVlNjc4YTdhMThhNg
94382    ,Strut Pant Women                                           , Such an awesome piece you shouldn't miss out on! The Strut pant by Foursquare is the perfect companion for an amazing season in the snow.                                                                                                                                                ,404.96 ,200300|Foursquare|snow                 ,https://ec2-3-17-109-117.us-east-2.compute.amazonaws.com:9002/medias/?context=bWFzdGVyfGltYWdlc3wxMzA3MHxpbWFnZS9qcGVnfGFXMWhaMlZ6TDJneVl5OW9aR1l2T0RjNU5qZzBOall5TURjd01pNXFjR2N8N2JhZGI3OTZiZjVlNTk0YTQyNjk0MDRlNzQ3MjBjYzU0MzQxOWFhMGJlODczNjg1YmExZDg1Mjk5MTU5NWMyZA
94415    ,Adapt New Era                                              , The Adapt New Era cap by Foursquare is so genius                                                                                                                                                                                                                                         ,16.16  ,Foursquare|220600                      ,https://ec2-3-17-109-117.us-east-2.compute.amazonaws.com:9002/medias/?context=bWFzdGVyfGltYWdlc3wzMTUyNHxpbWFnZS9qcGVnfGFXMWhaMlZ6TDJnd09DOW9Nemd2T0RjNU5qazNNRGszTlRJMk1pNXFjR2N8NDNmZDdlYTZkYzdiYzczNjk2MWQ3YzEyZGVmMDJkZGU2Mzc0YzgxYzk5N2Q5OTI1OWFiNWE5YjM3ZmZiNzkzMg
94462    ,Bender Jacket                                              , Keeps you warm and looks absolutely stylish. The Bender jacket by Special Blend is a genius piece                                                                                                                                                                                        ,89.06  ,Special Blend|snow|190100              ,https://ec2-3-17-109-117.us-east-2.compute.amazonaws.com:9002/medias/?context=bWFzdGVyfGltYWdlc3wyMTM1NHxpbWFnZS9qcGVnfGFXMWhaMlZ6TDJnNE15OW9OMlF2T0RjNU5qWTRPVFkyTVRrNE1pNXFjR2N8MWI0MzAxM2MyMzU0MWM4MTg5ZGU1NzdmOTgwNDk5MjBjNjIwNTNhMDBkN2NlOGUwNDE0ZjhkNTkyMWVkYjZjNA
94474    ,Trenchtown Jacket                                          , So stylish and so cool - the Trenchtown jacket by Special Blend.                                                                                                                                                                                                                         ,80.9599,Special Blend|snow|190100              ,https://ec2-3-17-109-117.us-east-2.compute.amazonaws.com:9002/medias/?context=bWFzdGVyfGltYWdlc3wxOTUxOXxpbWFnZS9qcGVnfGFXMWhaMlZ6TDJnek15OW9Oek12T0RjNU5qWTRNelF6TmpBMk1pNXFjR2N8ZjRmOGIxMzEzZjBiOGRlZGRhZDg4YmNkZTA5MGFmNWM5NmQwNjEyNzExNjQxNGJjNWJjMTIyNzcxNzhjNDJlYQ
94489    ,5 Pocket Freedom Pant                                      , The 5 Pocket Freedom pant by Special Blend is part of the Revolver collection.<br />The Revolver group is a reflection on the season's most distinct looks.                                                                                                                              ,32.36  ,Special Blend|snow|190300              ,https://ec2-3-17-109-117.us-east-2.compute.amazonaws.com:9002/medias/?context=bWFzdGVyfGltYWdlc3wxNjgwN3xpbWFnZS9qcGVnfGFXMWhaMlZ6TDJnNU1TOW9OV0l2T0RjNU5qYzJOak16T1RFd01pNXFjR2N8M2U4YjM3OWZhOGJkYWI0OTA1ZTFjMmJhNzU1MTMzZWIwMzQ1NGU0YzBmYWMyNDU3NTA2MDk3MDM2YTY3ZDEyZg
94491    ,Annex Pant                                                 , The Special Blend Annex snowboard pant offers enormous legroom and highest comfort because of its extreme and stylish baggy fit. The immense cargo pockets got a lot of space for all your stuff. With the technical features you won't have to resign your turns even at                ,97.16  ,190300|Special Blend|snow              ,https://ec2-3-17-109-117.us-east-2.compute.amazonaws.com:9002/medias/?context=bWFzdGVyfGltYWdlc3wxNTEyMHxpbWFnZS9qcGVnfGFXMWhaMlZ6TDJnMk1TOW9Oamd2T0RjNU5qYzFOalV3T0Rjd01pNXFjR2N8NTJhMWI4ZjU3ZWFjYjRmN2ZkZTQ2ZDU5ZTRiYTQyYjY3Y2NlNzRmYzE5NDViMjlmN2IzMzlkNDNhOWU4NWZiMg
94714    ,Limmer Pant                                                , The Limmer Pant by Zimtstern is a cargo snowboard pant that still offers everything you need despite their killer price.                                                                                                                                                                 ,113.36 ,Zimtstern|snow|190300                  ,https://ec2-3-17-109-117.us-east-2.compute.amazonaws.com:9002/medias/?context=bWFzdGVyfGltYWdlc3wxNDA3NnxpbWFnZS9qcGVnfGFXMWhaMlZ6TDJoa055OW9ZakV2T0RjNU5qYzJOams1TkRRMk1pNXFjR2N8NWU3ZmYyZGY2NGIzM2JlZGMwY2ZjYTIzOWQxNzUyYWI2N2E1ZjZkYmFmYTg4MjVmMzM0YzlhYzc1NWE5MTQ2Nw
94791    ,Kompass Tee SS Women                                       , The Kompass Tee is a Soft t-shirt with a big                                                                                                                                                                                                                                             ,97.16  ,260100|Zimtstern|streetwear            ,https://ec2-3-17-109-117.us-east-2.compute.amazonaws.com:9002/medias/?context=bWFzdGVyfGltYWdlc3wyMTU4N3xpbWFnZS9qcGVnfGFXMWhaMlZ6TDJobFl5OW9NMll2T0RjNU5qazFORFU1TVRJMk1pNXFjR2N8ZWJjNjgyN2Q0MzRhZjBlODQ1NTQzZjM5OTY1ZTVmYjRhMGU2YjcwMjlmMDA4MjQyZDM4ODE5ZDVhN2M4MTc3MQ
94942    ,Mira Twill Jacket youth                                    , Incredibly light                                                                                                                                                                                                                                                                         ,97.16  ,Zimtstern|snow|kids|330100             ,https://ec2-3-17-109-117.us-east-2.compute.amazonaws.com:9002/medias/?context=bWFzdGVyfGltYWdlc3wxOTAyN3xpbWFnZS9qcGVnfGFXMWhaMlZ6TDJnNFpDOW9ZV0V2T0RjNU5qYzROell6T0RNd01pNXFjR2N8NTliODMxNWEzZDIwMzZhY2I2ZmIwNWFkY2QwMTA1YWFiYmFiMjJiYTY1ZGMyOTJkNjA5NzA2ZGNlMjQwMGY1Yg
95288    ,Buffer II Sock                                             , Freestyle-focused support and cushioning. Guaranteed to help you land more tricks.                                                                                                                                                                                                       ,97.16  ,221100|Burton                          ,https://ec2-3-17-109-117.us-east-2.compute.amazonaws.com:9002/medias/?context=bWFzdGVyfGltYWdlc3wxMjkzNHxpbWFnZS9qcGVnfGFXMWhaMlZ6TDJnMk9TOW9OalF2T0RjNU5qYzBPRFkwTkRNNE1pNXFjR2N8MWNjMmQzYTNlYTdiYTZmMjk0MzUyNmQ3ZWEyOTcwMTI3ZGU0YmY3OWFmYTkxNTdjOWU4YzVmODYxMmNhYWQ3Ng
95290    ,Party Sock                                                 , A breathable blend of woolly warmth                                                                                                                                                                                                                                                      ,20.21  ,221100|Burton                          ,https://ec2-3-17-109-117.us-east-2.compute.amazonaws.com:9002/medias/?context=bWFzdGVyfGltYWdlc3wxNzM3OHxpbWFnZS9qcGVnfGFXMWhaMlZ6TDJneE55OW9PVFl2T0RjNU5qYzBPVEk1T1RjME1pNXFjR2N8ZmViMTJkMzA2NWEwMjNhZmVlYjMzN2JjNDljZGFkOWNhMTMzMzhjZDBjM2JiYjlhZmU3MmQxNTk4ZmRjODM2Mw
95353    ,Amped Jacket youth                                         , Save loot for lift tickets—rugged warmth and weather protection with a fit that grows as you go!                                                                                                                                                                                         ,137.66 ,snow|kids|330100|Burton                ,https://ec2-3-17-109-117.us-east-2.compute.amazonaws.com:9002/medias/?context=bWFzdGVyfGltYWdlc3wzMTU4OHxpbWFnZS9qcGVnfGFXMWhaMlZ6TDJnM015OW9NVFF2T0RjNU5qYzRNak01TlRReU1pNXFjR2N8MTE1NzVkODFkZWRmMTBlNWEzZmI4ZTYyOTkxNjNiYzMxMzYzM2I5NWY5YjUyYjg4ZDAwMTYwZGI3YTg3YzAxMg
95361    ,Sludge Jacket youth                                        , Uniquely Burton. Designed to inspire both on and off the mountain.                                                                                                                                                                                                                       ,20.21  ,330100|kids|snow|Burton                ,https://ec2-3-17-109-117.us-east-2.compute.amazonaws.com:9002/medias/?context=bWFzdGVyfGltYWdlc3wyMTQ1MnxpbWFnZS9qcGVnfGFXMWhaMlZ6TDJoa09DOW9PVGt2T0RjNU5qYzNOVEU0TmpRMk1pNXFjR2N8ZThiNjFjOGQ2NDg5MjFhNDY4MTRlYTg3ZTI2NThhYzBkMTY0ZDQxMzhkZTgwZjdhMTNjMDEzOGM4MTkyMGIxYg
95366    ,Minishred Illusion 1 Piece yth                             , Astronaut-caliber coverage with Room-to-Grow™ for non-stop protection from wind                                                                                                                                                                                                          ,17.78  ,snow|kids|330100|Burton                ,https://ec2-3-17-109-117.us-east-2.compute.amazonaws.com:9002/medias/?context=bWFzdGVyfGltYWdlc3wyMzI2M3xpbWFnZS9qcGVnfGFXMWhaMlZ6TDJobE9TOW9NR012T0RjNU5qYzRNemN3TmpFME1pNXFjR2N8YWNkYWNhNjNmYWQzNWJiMzlhN2Y5NmNjM2MzOTZhMzI2NGZiYzMzMGQxMDZiN2Y3MmEyMGNjMTg3YjJkMzExNQ
95367    ,Minishred Melody Jacket youth                              , Kid-tested                                                                                                                                                                                                                                                                               ,52.61  ,snow|kids|330100|Burton                ,https://ec2-3-17-109-117.us-east-2.compute.amazonaws.com:9002/medias/?context=bWFzdGVyfGltYWdlc3wyMDYwOXxpbWFnZS9qcGVnfGFXMWhaMlZ6TDJnMk9TOW9ORGd2T0RjNU5qYzROVFkzTWpJeU1pNXFjR2N8ODM4OGM5MTlkZTE2Nzk1MzcwN2M5MmRiNTFkM2NhZjc2ZTk0MzQ2YWFkNWQ5ZDFmYWIwZWYwNTEwN2EwNmQ4YQ
95385    ,Andover Jacket                                             , Whoa! It’s a steal. Heli tech at t-bar prices.                                                                                                                                                                                                                                           ,68.81  ,Burton|snow|190100                     ,https://ec2-3-17-109-117.us-east-2.compute.amazonaws.com:9002/medias/?context=bWFzdGVyfGltYWdlc3wyMjg1NHxpbWFnZS9qcGVnfGFXMWhaMlZ6TDJnMFl5OW9OelV2T0RjNU5qWTROVFF3TWpFME1pNXFjR2N8ZjZmMWJkOGU5YmRhYTZjYzFkZjhiNzNhODUwNDA3OWNkZTUzZThlNGM2ZGUyOWRkNzUxZTQyY2EyZGJlOTYxNg
95424    ,Dandridge Down Jacket Women                                , Vintage flannel sleeping bag experience without the smell of stale mothballs.                                                                                                                                                                                                            ,80.9599,200100|Burton|snow                     ,https://ec2-3-17-109-117.us-east-2.compute.amazonaws.com:9002/medias/?context=bWFzdGVyfGltYWdlc3wyNDE4M3xpbWFnZS9qcGVnfGFXMWhaMlZ6TDJobU9DOW9NMlF2T0RjNU5qZ3lORFkyTmpFME1pNXFjR2N8NjFmOWNjNGMyN2FjYjdmMGVmNzZlNjhhOWQ0ODQ5ODVkNTZlMWFjYWEwNmJkY2RhMGZhN2FmY2E3YjBhMzJjYw
95437    ,Tabloid Jacket Women                                       , Roll out the red carpet. A smoking hot                                                                                                                                                                                                                                                   ,52.61  ,200100|Burton|snow                     ,https://ec2-3-17-109-117.us-east-2.compute.amazonaws.com:9002/medias/?context=bWFzdGVyfGltYWdlc3wxODUxM3xpbWFnZS9qcGVnfGFXMWhaMlZ6TDJoa1lpOW9NREF2T0RjNU5qZ3dOamszTVRReU1pNXFjR2N8ZjNjNjc2MTA5NjZmZGE0Y2U0N2QzZTZiZTcxNzliYmRkZjMwNjMzOWU2ZTEwZjM0ZjY0NzZhMDBmMjQ0YjI2Nw
95438    ,Theory Jacket Women                                        , Retain heat. Sustain the future. Bomber style built with recycled materials.                                                                                                                                                                                                             ,129.56 ,200100|Burton|snow                     ,https://ec2-3-17-109-117.us-east-2.compute.amazonaws.com:9002/medias/?context=bWFzdGVyfGltYWdlc3wyNDMyM3xpbWFnZS9qcGVnfGFXMWhaMlZ6TDJnM09TOW9aVGN2T0RjNU5qZ3hNakl4TkRNd01pNXFjR2N8N2E1ZjFmMmU1ZDRiMzkyYzFmYjFkMDBhM2QwYjc3NTgwMGExOTA3MDM1MTlhYjZkMWMxMDI1NjhiYjFjNGQ3Mw
95441    ,Aster Jacket Women                                         , For the style connoisseur—burly meets girly in this flannel-lined shell.                                                                                                                                                                                                                 ,113.36 ,snow|200100|Burton                     ,https://ec2-3-17-109-117.us-east-2.compute.amazonaws.com:9002/medias/?context=bWFzdGVyfGltYWdlc3wyMTAxNHxpbWFnZS9qcGVnfGFXMWhaMlZ6TDJnMU15OW9OekF2T0RjNU5qZ3pNVGczTlRFd01pNXFjR2N8M2FkZWMwMDhlNzdhNWQ2ZjNmOWY4NGRmZTVlMzYxMWU1NzRjOWIyMjU1YWQzNTUxZDIxMTIzMTllYTFlOWM0Nw
95446    ,Twc Such A Deal Pant youth                                 , No need to shoplift                                                                                                                                                                                                                                                                      ,105.26 ,snow|kids|330700|Burton                ,https://ec2-3-17-109-117.us-east-2.compute.amazonaws.com:9002/medias/?context=bWFzdGVyfGltYWdlc3wxODI4N3xpbWFnZS9qcGVnfGFXMWhaMlZ6TDJnNVlpOW9ZVEl2T0RjNU5qZ3dNRGMwTlRVd01pNXFjR2N8ZjIwMmI5OWNiZTFiMzRkMmUwMjc2NmJkMzE4NzI1YjQzMjBmMDFmZjRiNTRhMGM5N2QzZjUzN2EzMjM2N2Q2NA
95453    ,Sweetheart Pant youth                                      , Warm and weatherproof without the credit card hangover                                                                                                                                                                                                                                   ,89.06  ,330700|snow|kids|Burton                ,https://ec2-3-17-109-117.us-east-2.compute.amazonaws.com:9002/medias/?context=bWFzdGVyfGltYWdlc3wxNzMwNnxpbWFnZS9qcGVnfGFXMWhaMlZ6TDJoaE5TOW9NRFV2T0RjNU5qYzRPVEkzTmpjd01pNXFjR2N8ZjlhZDQ0NWI4YWRiMmMzYmZhZWMyYzUwNjY4ODRhYTkzZmNjYmYzN2I4MTdmOTQ0ZmFkZjYzODViY2IyZjBjZQ
95464    ,Cargo Pant                                                 , The tried and true classic—loose-fitting with room for all your junk.                                                                                                                                                                                                                    ,145.76 ,190300|Burton|snow                     ,https://ec2-3-17-109-117.us-east-2.compute.amazonaws.com:9002/medias/?context=bWFzdGVyfGltYWdlc3wxNzM3NHxpbWFnZS9qcGVnfGFXMWhaMlZ6TDJnd015OW9NRGN2T0RjNU5qYzFNRFl4TURRMk1pNXFjR2N8NWE2NGUxODQ2MmFmZWQ3YWVkNjQxNTgzN2VjMjkyNDBmYmVkMmYyMWZiMTJkZDFiMGFiOTdhZmU4MTE4OGY0MA
95482    ,Twc Honey Buns Pant Women                                  , Hypnotize them with your moves                                                                                                                                                                                                                                                           ,56.66  ,200300|Burton|snow                     ,https://ec2-3-17-109-117.us-east-2.compute.amazonaws.com:9002/medias/?context=bWFzdGVyfGltYWdlc3wxNjY1MnxpbWFnZS9qcGVnfGFXMWhaMlZ6TDJoa05TOW9ORGd2T0RjNU5qZ3pPVGN6T1RReU1pNXFjR2N8MjMwZGViODY2YTk5YTYzODIzZjEzNDkzMWYzMjIxMmMxMjdmYjlhNTZhZmZiYjg0OGMyZTJjNTc3NDMwOWFlYw
95484    ,Basis Pant Women                                           , Putting a new spin on sustainable style.                                                                                                                                                                                                                                                 ,44.51  ,200300|Burton|snow                     ,https://ec2-3-17-109-117.us-east-2.compute.amazonaws.com:9002/medias/?context=bWFzdGVyfGltYWdlc3wyMDM2MHxpbWFnZS9qcGVnfGFXMWhaMlZ6TDJoaU15OW9NV0l2T0RjNU5qZzBPRGt4TkRRMk1pNXFjR2N8MzVhZjI2Y2RiZmIyMTdiMGFmZWNmZTViNDc2YmI0NmMzNmJmMzdmZWMwZGVmNGQ4NjhjYTZhMTZlNzQ4YzRkMw
95490    ,Lucky Pant Women                                           , First chair to last blast—style necessity meets everyday versatility.                                                                                                                                                                                                                    ,97.16  ,200300|Burton|snow                     ,https://ec2-3-17-109-117.us-east-2.compute.amazonaws.com:9002/medias/?context=bWFzdGVyfGltYWdlc3wxMzY1MnxpbWFnZS9qcGVnfGFXMWhaMlZ6TDJneU9TOW9PRFF2T0RjNU5qZ3pNekU0TlRneU1pNXFjR2N8Zjk5N2U0NmVlOTBjODJkNzllZTg5ZjhlNjY5MjdhODE3NDE2OTg0M2MzNDg2Mjg0MDMyZGVjOGMzNGRkY2RkMQ
95521    ,Spectre Glove                                              , Next level secret handshakes are now a reality.                                                                                                                                                                                                                                          ,89.06  ,Burton|190700                          ,https://ec2-3-17-109-117.us-east-2.compute.amazonaws.com:9002/medias/?context=bWFzdGVyfGltYWdlc3wyODM0NXxpbWFnZS9qcGVnfGFXMWhaMlZ6TDJoaE5TOW9NV0V2T0RjNU5qYzBOalkzT0RNd01pNXFjR2N8ODYzMjZiY2FmZjAzMDg5NDc1M2FlMmYyZGQwMGFmZDgyYWVjNzcxZjU2MzhkMWMxODA1YWVkOThmNWYxMmRhZg
96001    ,Fade Beanie                                                , Features:<br /><br />+ 72% Acrylic                                                                                                                                                                                                                                                       ,113.36 ,220500|Burton                          ,https://ec2-3-17-109-117.us-east-2.compute.amazonaws.com:9002/medias/?context=bWFzdGVyfGltYWdlc3wyOTg4MnxpbWFnZS9qcGVnfGFXMWhaMlZ6TDJobU1TOW9OR1F2T0RjNU5qZzVNREl3TWpFME1pNXFjR2N8MTI5OGE2ZjI2MzZlMWE4ZWYzYmY3MjAxYjFmMGYwZDg1ZTIyMTkzODI3YjQyZDNjMzExMGQxOTAwM2JmZGM4Yg
96022    ,Trope Beanie                                               , Features:<br /><br />+ 100% Acrylic<br />+ Vintage Striped Beanie with Pom<br />+ Fold Up with Skully Fit                                                                                                                                                                                ,105.26 ,220500|Burton                          ,https://ec2-3-17-109-117.us-east-2.compute.amazonaws.com:9002/medias/?context=bWFzdGVyfGltYWdlc3wyNjczMnxpbWFnZS9qcGVnfGFXMWhaMlZ6TDJnMU5DOW9ZbVV2T0RjNU5qY3pOalV5TURJeU1pNXFjR2N8NzA1ODE3YjJjNTQ4OTJjMTc5NGFmMTc3Y2RmZGQxYjAwMjM0NzUyZDJlZjAxNzFiYzU1MDc5ZmMwYTZkNTU0Mg
96026    ,What¦s Your Niner                                          , Features:<br /><br />+ 100% Acrylic<br />+ Basic Beanie with Double Stripes and Pom<br />+ Slouch Fit                                                                                                                                                                                    ,32.36  ,Burton|220500                          ,https://ec2-3-17-109-117.us-east-2.compute.amazonaws.com:9002/medias/?context=bWFzdGVyfGltYWdlc3wyODA2M3xpbWFnZS9qcGVnfGFXMWhaMlZ6TDJnNU1pOW9abVF2T0RjNU5qYzBNekEzTXpneU1pNXFjR2N8Yzc0NjE2MTE0MjhmZTczZThhNjY5YjYwYWIyOGI2NTU4ZDg3ZTA3ZGQzNjBhOWFjZjBhNzBjMTcyYjNkNmJkNA
96097    ,Studded Belt                                               , Features:<br /><br />+ PU Leather Belt<br />+ Full Rivet Metal Studs<br />+ Solid Removable Burton Process Logo Buckle                                                                                                                                                                   ,24.26  ,251100|Burton|streetwear               ,https://ec2-3-17-109-117.us-east-2.compute.amazonaws.com:9002/medias/?context=bWFzdGVyfGltYWdlc3wyMjgxNXxpbWFnZS9qcGVnfGFXMWhaMlZ6TDJoaU1TOW9ORGd2T0RjNU5qazJOelk1T0RRMk1pNXFjR2N8ZGEyYjUwZjRkZGEzMWY1MzkxZDVmNzY3NWQyMWI3NzdiNTZiZjc5YTMyZDRiNmJhYWU4NWFkMjYzN2EzZWZjNA
96162    ,Crammed SS                                                 , Features:<br /><br />+ 100% Cotton<br />+ Screen Print on Front<br />+ Regular Fit                                                                                                                                                                                                       ,28.31  ,250100|Burton|streetwear               ,https://ec2-3-17-109-117.us-east-2.compute.amazonaws.com:9002/medias/?context=bWFzdGVyfGltYWdlc3wyMDE2MnxpbWFnZS9qcGVnfGFXMWhaMlZ6TDJnNE1pOW9ORGN2T0RjNU5qa3pPVGcwTlRZMk1pNXFjR2N8Mzg1ODBkNGZmMTFjNDZlOGRiZWIwZTdlZGY2OWY0MjJiNGNlZDc3MGNhNjNkYzFlNjY3ODg2YjI0YTM3MGRlYQ
96172    ,Pennant SS                                                 , Features:<br /><br />+ 90% Cotton                                                                                                                                                                                                                                                        ,24.26  ,250100|streetwear|Burton               ,https://ec2-3-17-109-117.us-east-2.compute.amazonaws.com:9002/medias/?context=bWFzdGVyfGltYWdlc3wxOTg3MXxpbWFnZS9qcGVnfGFXMWhaMlZ6TDJnNU1TOW9OV1l2T0RjNU5qazJPRFk0TVRVd01pNXFjR2N8Y2U0ZDZlY2RlYjQ4Y2U1MTUzMDZlYzVlMTA3ZTIyODM5YzU0NmRiY2EwN2YxOThjN2QwN2IzODEwNDQ1MWEzYQ
96502    ,Hawkeye Painted white                                      , It is the perfect combination - low profile with a penthouse view. There is nothing blocking your vision                                                                                                                                                                                 ,28.31  ,210200|Anon                            ,https://ec2-3-17-109-117.us-east-2.compute.amazonaws.com:9002/medias/?context=bWFzdGVyfGltYWdlc3wxNDYxOHxpbWFnZS9qcGVnfGFXMWhaMlZ6TDJoaFl5OW9PR1F2T0RjNU5qZzRPVGczTkRRMk1pNXFjR2N8ZTljMTY0ZTYxYzhkZGYyYjg0N2EwZDFiYjgyZmIyMmU4NjAzMTQ1ZTIxZGJmNDVmNjcyNmE5MzU5ZmVlZTY3Yw
96977    ,Custom Est 11/12                                           , The feel is real.                                                                                                                                                                                                                                                                        ,24.26  ,50100|Burton|snow                      ,https://ec2-3-17-109-117.us-east-2.compute.amazonaws.com:9002/medias/?context=bWFzdGVyfGltYWdlc3wyMjQ2M3xpbWFnZS9qcGVnfGFXMWhaMlZ6TDJnME1TOW9ObVl2T0RjNU5qWTVNVFl5T0RBMk1pNXFjR2N8YjVmZDI1OWY0YzRjN2U2NGU5OTUwZGRiODEyMjFkMWUwY2JiN2FlZmU2ZGRiMWVlYjA1YjkyMjBhZjhmOTMzOA
96990    ,Custom 11/12                                               , Champagne taste on a beer budget.                                                                                                                                                                                                                                                        ,17.78  ,50100|Burton|snow                      ,https://ec2-3-17-109-117.us-east-2.compute.amazonaws.com:9002/medias/?context=bWFzdGVyfGltYWdlc3wyMjM0NnxpbWFnZS9qcGVnfGFXMWhaMlZ6TDJnNU1pOW9aVEV2T0RjNU5qY3dOakEwTlRrNE1pNXFjR2N8NDhiMzg0NjljYzMxNDFhODdkMmY0YWRlMmVlOGIwZWI0ZWI1NWE2YWE2YjcxOGQwOTkzYWRmMWEyZTY5M2MwYg
97199    ,Monkeywrench 157 11/12                                     , Piping hot from the house of Jeremy.                                                                                                                                                                                                                                                     ,72.86  ,snow|10100|Burton                      ,https://ec2-3-17-109-117.us-east-2.compute.amazonaws.com:9002/medias/?context=bWFzdGVyfGltYWdlc3wyMjk5M3xpbWFnZS9qcGVnfGFXMWhaMlZ6TDJoaVlpOW9Oak12T0RjNU5qYzNOREl3TXpReU1pNXFjR2N8Njk4N2JjZjVmZDliZmRlY2QwOGE3YzJhYmY1YThkMTQ1MzU5MTQyMDUxYzlhYWViZjc1ZTI4NTRlMTVlMjA5MA
97252    ,Twc Standard 156W 11/12                                    , Nothing is standard when it’s coming from Shaun.                                                                                                                                                                                                                                         ,97.16  ,snow|10100|Burton                      ,https://ec2-3-17-109-117.us-east-2.compute.amazonaws.com:9002/medias/?context=bWFzdGVyfGltYWdlc3wyMzI2NnxpbWFnZS9qcGVnfGFXMWhaMlZ6TDJnM1lpOW9abVF2T0RjNU5qYzNORGcxT0RjNE1pNXFjR2N8MTNlM2Q4OWE4MWE3ZTEzNzY0ZGZjNmM0NWVmYmMwNTM1MjQ4MTM1MzNiMDExNDYyNWJiNDZkMTg0ZWVmNjVmNw
97607    ,Budmo Pant                                                 , The Budmo Pant by Nike 6.0 is a loose fit cargo pant with a myriad of pockets                                                                                                                                                                                                            ,101.21 ,Nike 6.0|snow|190300                   ,https://ec2-3-17-109-117.us-east-2.compute.amazonaws.com:9002/medias/?context=bWFzdGVyfGltYWdlc3wxNzE0MHxpbWFnZS9qcGVnfGFXMWhaMlZ6TDJoallpOW9PVGt2T0RjNU5qYzJPVFl4TlRrd01pNXFjR2N8MGE3OTBjMDc0MGNiNGZhZTE2OGYzYWFmNzdjMjhjZDIzN2ExNzU2NWE4ZjQxNTBkYTVhODFjZGUzNDA0YWJlYw
97692    ,Heritage Pipe Glove                                        , You want to drop into and out of the pipe                                                                                                                                                                                                                                                ,259.160,190700|Oakley                          ,https://ec2-3-17-109-117.us-east-2.compute.amazonaws.com:9002/medias/?context=bWFzdGVyfGltYWdlc3wyMzMwNHxpbWFnZS9qcGVnfGFXMWhaMlZ6TDJoall5OW9PV0l2T0RjNU5qYzFNREk0TWpjNE1pNXFjR2N8NmVmNGU1MGY1OTczYmVkZWNkMThiNWYyZDFhOWJhNDk3ZTJlMGFlZmI4OWMxMWRlYmIzZWFlYzAwYzNiNTQ5Zg
97693    ,Sadplant Pipe Glove                                        , There is definitely no need to be sad                                                                                                                                                                                                                                                    ,161.96 ,190700|Oakley                          ,https://ec2-3-17-109-117.us-east-2.compute.amazonaws.com:9002/medias/?context=bWFzdGVyfGltYWdlc3wyMzQzN3xpbWFnZS9qcGVnfGFXMWhaMlZ6TDJnNFl5OW9NRGN2T0RjNU5qYzBOVE0yTnpVNE1pNXFjR2N8OGUwNTQ2YjliY2RjNmU4OTU4YzEzMDYzMWU2YzNiYmIzZjVhMjQyZTE4NTY5ODkwZDA0ZTkxZDgyZGM1NGFlZg
97788    ,Landen Insulated Pant                                      , The Landen Insulated Pant by Vans!                                                                                                                                                                                                                                                       ,80.9599,190300|Vans|snow                       ,https://ec2-3-17-109-117.us-east-2.compute.amazonaws.com:9002/medias/?context=bWFzdGVyfGltYWdlc3wxNDU0N3xpbWFnZS9qcGVnfGFXMWhaMlZ6TDJnM055OW9ZakV2T0RjNU5qYzJORE0zTXpBeU1pNXFjR2N8ZjRjNGExZDZiMjIxNDdjZTliZDBiODIyMTQzNjY2MmFkNTRiN2Q2NTgyMzZlMGZlMTE1MWUyYmM1MTJkMzFjYQ
98851    ,Lenus Belt                                                 , Your pants are always sliding down? Well                                                                                                                                                                                                                                                 ,36.4099,Billabong|streetwear|251100            ,https://ec2-3-17-109-117.us-east-2.compute.amazonaws.com:9002/medias/?context=bWFzdGVyfGltYWdlc3wyMDMxOHxpbWFnZS9qcGVnfGFXMWhaMlZ6TDJoaE9TOW9ORFV2T0RjNU5qa3lPVFk0TnpVNE1pNXFjR2N8ZjE2MjQ1ZTQ4YjY3Njc5NDFiMzgyZDFkZWU4NzA3ZjBkYzRlMDI0M2IxN2FiYzA2ODM1ZjJkODNhMzgxNDFjZA
98908    ,Tarzo Pants youth                                          , Solid coloured                                                                                                                                                                                                                                                                           ,24.26  ,Orage|snow|kids|330700                 ,https://ec2-3-17-109-117.us-east-2.compute.amazonaws.com:9002/medias/?context=bWFzdGVyfGltYWdlc3wxODIzOXxpbWFnZS9qcGVnfGFXMWhaMlZ6TDJnMVpTOW9Zemd2T0RjNU5qYzVPREV5TkRBMk1pNXFjR2N8MDc4OTczY2Y4OGIxN2RkZDdhNjcxMzE2MGFlYTM2MjY5NjAwNDFmOGUwNzdhYzJlN2Q5ZDdjZmNmMDY2ZWYxYg
98913    ,Plan B Youth Pant                                          , You need a plan B.? Here it is! The Plan B pant by Quicksilver fulfilles all your wishes.                                                                                                                                                                                                ,89.06  ,Quiksilver|snow|kids|330700            ,https://ec2-3-17-109-117.us-east-2.compute.amazonaws.com:9002/medias/?context=bWFzdGVyfGltYWdlc3wxNzY1MnxpbWFnZS9qcGVnfGFXMWhaMlZ6TDJoaU1DOW9NV012T0RjNU5qYzVOakUxTnprNE1pNXFjR2N8YTYwMWRkZDgzZjA1OWUwMGVlNmM0OGUyZmUzYjlhZTU1NjU0ZGNkMTU4NjE3NzM0NTU3NzcxMGE4ZWY2NjM4Mw
98929    ,Luna Twill Pant Women                                      , The Luna Twill Pant fits easily even the most eye-catching jacket. Through the adjustable waistband                                                                                                                                                                                      ,20.21  ,Roxy|snow|200300                       ,https://ec2-3-17-109-117.us-east-2.compute.amazonaws.com:9002/medias/?context=bWFzdGVyfGltYWdlc3wxNTg2NHxpbWFnZS9qcGVnfGFXMWhaMlZ6TDJnNE1pOW9OMk12T0RjNU5qZzFNemd5T1RZMk1pNXFjR2N8MGJjNjdiOGRhMDk1N2UxMmFkYzNiOWFiM2UwMmY4ZWRmODEzMmY2NDU1OTM0NmIzYTc4OTc5M2U1MTUxYWU3Ng
98951    ,Mountain SS Basic Tee Logo youth                           , The Mountain Logo tee by Quiksilver is                                                                                                                                                                                                                                                   ,56.66  ,Quiksilver|kids|streetwear|270100      ,https://ec2-3-17-109-117.us-east-2.compute.amazonaws.com:9002/medias/?context=bWFzdGVyfGltYWdlc3wxNTQ2MnxpbWFnZS9qcGVnfGFXMWhaMlZ6TDJnMU1TOW9OVFl2T0RjNU5qa3pNamsyTkRNNE1pNXFjR2N8MTBkZWE5N2RiZjliMDE0NmQ1ZWRlYTNmYzM3M2IzOTc4MDBjNmUyMWU1NDQ4NTc5MGQyODU2N2ViMDFjZWQ4NA
99063    ,Mannual Bricks Insulated Jacket youth                      , Actually various pieces of art look rather similar to the Mannual Bricks Insulated Jacket by 686. So you can not be surprised if people start looking at you approvingly                                                                                                                 ,56.66  ,snow|kids|330100                       ,https://ec2-3-17-109-117.us-east-2.compute.amazonaws.com:9002/medias/?context=bWFzdGVyfGltYWdlc3wzMzc2NHxpbWFnZS9qcGVnfGFXMWhaMlZ6TDJoaVppOW9NREF2T0RjNU5qYzNPVGMzTXprNE1pNXFjR2N8NGQ0ODk5NGE4MWVkN2RhZmUzNGViMTNjMjk4N2ZhM2I1OWMzYWVjOWIzZjE0YmVhYmJjMTg1ODA5ZTkzNDM4Ng
99146    ,Arc Jacket Women                                           , Rest less - rip more! The Arc jacket by Volcom allows you everything and gives you an amazing style!                                                                                                                                                                                     ,68.81  ,200100|Volcom|snow                     ,https://ec2-3-17-109-117.us-east-2.compute.amazonaws.com:9002/medias/?context=bWFzdGVyfGltYWdlc3wxODk1M3xpbWFnZS9qcGVnfGFXMWhaMlZ6TDJnNE1DOW9PVEV2T0RjNU5qZ3hOakUwTmpRMk1pNXFjR2N8MTgwNzY5ODdmYTIxNGRlYzFkYjgwMzJkNjk2ODcxZDQwY2E3YjFkMWIzMGFhY2JjMGFkYzBmNzJlNjQ5MWUwZA
99154    ,Twain Pant Women                                           , Function meets style at the highest stage. The Volcom Twain pant is so cool                                                                                                                                                                                                              ,12.92  ,200300|Volcom|snow                     ,https://ec2-3-17-109-117.us-east-2.compute.amazonaws.com:9002/medias/?context=bWFzdGVyfGltYWdlc3wxNDI2MHxpbWFnZS9qcGVnfGFXMWhaMlZ6TDJneE5DOW9aR1F2T0RjNU5qZzBORFkxTkRZeU1pNXFjR2N8MGYyMjBiMmM1Y2Y2NmIyZDMxMmVmMWZiZDJjZTAyODNmOTg1Y2YxNjk2M2ViNWM2Y2U5YmJhZDlkYzJlNjk2Zg
99277    ,Spaghetti SS Women                                         , Comfy Volcom tee with a edgy logo print at front. 100% Cotton                                                                                                                                                                                                                            ,686    ,Volcom|streetwear|260100               ,https://ec2-3-17-109-117.us-east-2.compute.amazonaws.com:9002/medias/?context=bWFzdGVyfGltYWdlc3wxOTUyNXxpbWFnZS9qcGVnfGFXMWhaMlZ6TDJnek1TOW9aakl2T0RjNU5qazFOVEkwTmpZeU1pNXFjR2N8ZmI2NDlmNDVlMGZkZGEzNTI0MzlkY2VkYTRjYjQ1ODY3MjVhODNhZTlmZjI0ZmM3MzhiMTkwYjA5MDFmYzEwNg
300026673,Sneakers Vans Old Skool black/white 10.5                   ,Classic Vans Old Skool in a black colourway.                                                                                                                                                                                                                                              ,105.26 ,shoes|Vans|230000                      ,https://ec2-3-17-109-117.us-east-2.compute.amazonaws.com:9002/medias/?context=bWFzdGVyfGltYWdlc3w3Nzg4fGltYWdlL2pwZWd8YVcxaFoyVnpMMmc1T1M5b1pXVXZPRGM1TmpZMU5EY3pNVEk1TkM1cWNHY3xmM2M1YzQ1NThiYmI1NmYxMTRmNWUyNWIxOTJkMmFlYmM4NzBlZjgwZjRkMDcwMDk5NWRlNjM4MzYzY2YyNDNm
300026674,Sneakers Vans Old Skool black/white 11.0                   ,Classic Vans Old Skool in a black colourway.                                                                                                                                                                                                                                              ,97.16  ,shoes|Vans|230000                      ,https://ec2-3-17-109-117.us-east-2.compute.amazonaws.com:9002/medias/?context=bWFzdGVyfGltYWdlc3w3Nzg4fGltYWdlL2pwZWd8YVcxaFoyVnpMMmc1T1M5b1pXVXZPRGM1TmpZMU5EY3pNVEk1TkM1cWNHY3xmM2M1YzQ1NThiYmI1NmYxMTRmNWUyNWIxOTJkMmFlYmM4NzBlZjgwZjRkMDcwMDk5NWRlNjM4MzYzY2YyNDNm
300026675,Sneakers Vans Old Skool black/white 12.0                   ,Classic Vans Old Skool in a black colourway.                                                                                                                                                                                                                                              ,24.26  ,shoes|Vans|230000                      ,https://ec2-3-17-109-117.us-east-2.compute.amazonaws.com:9002/medias/?context=bWFzdGVyfGltYWdlc3w3Nzg4fGltYWdlL2pwZWd8YVcxaFoyVnpMMmc1T1M5b1pXVXZPRGM1TmpZMU5EY3pNVEk1TkM1cWNHY3xmM2M1YzQ1NThiYmI1NmYxMTRmNWUyNWIxOTJkMmFlYmM4NzBlZjgwZjRkMDcwMDk5NWRlNjM4MzYzY2YyNDNm
300026676,Sneakers Vans Old Skool black/white 8.5                    ,Classic Vans Old Skool in a black colourway.                                                                                                                                                                                                                                              ,59.46  ,shoes|Vans|230000                      ,https://ec2-3-17-109-117.us-east-2.compute.amazonaws.com:9002/medias/?context=bWFzdGVyfGltYWdlc3w3Nzg4fGltYWdlL2pwZWd8YVcxaFoyVnpMMmc1T1M5b1pXVXZPRGM1TmpZMU5EY3pNVEk1TkM1cWNHY3xmM2M1YzQ1NThiYmI1NmYxMTRmNWUyNWIxOTJkMmFlYmM4NzBlZjgwZjRkMDcwMDk5NWRlNjM4MzYzY2YyNDNm
300026677,Sneakers Vans Old Skool black/white 9.0                    ,Classic Vans Old Skool in a black colourway.                                                                                                                                                                                                                                              ,59.46  ,shoes|Vans|230000                      ,https://ec2-3-17-109-117.us-east-2.compute.amazonaws.com:9002/medias/?context=bWFzdGVyfGltYWdlc3w3Nzg4fGltYWdlL2pwZWd8YVcxaFoyVnpMMmc1T1M5b1pXVXZPRGM1TmpZMU5EY3pNVEk1TkM1cWNHY3xmM2M1YzQ1NThiYmI1NmYxMTRmNWUyNWIxOTJkMmFlYmM4NzBlZjgwZjRkMDcwMDk5NWRlNjM4MzYzY2YyNDNm
300026678,Sneakers Vans Old Skool black/white 9.5                    ,Classic Vans Old Skool in a black colourway.                                                                                                                                                                                                                                              ,59.46  ,shoes|Vans|230000                      ,https://ec2-3-17-109-117.us-east-2.compute.amazonaws.com:9002/medias/?context=bWFzdGVyfGltYWdlc3w3Nzg4fGltYWdlL2pwZWd8YVcxaFoyVnpMMmc1T1M5b1pXVXZPRGM1TmpZMU5EY3pNVEk1TkM1cWNHY3xmM2M1YzQ1NThiYmI1NmYxMTRmNWUyNWIxOTJkMmFlYmM4NzBlZjgwZjRkMDcwMDk5NWRlNjM4MzYzY2YyNDNm
300026679,Slip On Vans Classic Slip on black white checker/white 10.0,Comfy slip ons in subtle colours for understatement. With waffle rubber sole for good grip. Canvas upper.                                                                                                                                                                                 ,59.46  ,shoes|Vans|230000                      ,https://ec2-3-17-109-117.us-east-2.compute.amazonaws.com:9002/medias/?context=bWFzdGVyfGltYWdlc3w5MDE5fGltYWdlL2pwZWd8YVcxaFoyVnpMMmcwTnk5b056a3ZPRGM1TmpZMU5EYzVOamd6TUM1cWNHY3xiZmYyYjNhMGY5NGJjNDM1ZDI3NTIyMTk5NWNkM2JhOWFkYzliMmZjOGViZmUwMWM5ZTkwMDQzNzYzYzVhNWUy
300026680,Slip On Vans Classic Slip on black white checker/white 10.5,Comfy slip ons in subtle colours for understatement. With waffle rubber sole for good grip. Canvas upper.                                                                                                                                                                                 ,59.46  ,shoes|Vans|230000                      ,https://ec2-3-17-109-117.us-east-2.compute.amazonaws.com:9002/medias/?context=bWFzdGVyfGltYWdlc3w5MDE5fGltYWdlL2pwZWd8YVcxaFoyVnpMMmcwTnk5b056a3ZPRGM1TmpZMU5EYzVOamd6TUM1cWNHY3xiZmYyYjNhMGY5NGJjNDM1ZDI3NTIyMTk5NWNkM2JhOWFkYzliMmZjOGViZmUwMWM5ZTkwMDQzNzYzYzVhNWUy
300026681,Slip On Vans Classic Slip on black white checker/white 11.0,Comfy slip ons in subtle colours for understatement. With waffle rubber sole for good grip. Canvas upper.                                                                                                                                                                                 ,59.46  ,shoes|Vans|230000                      ,https://ec2-3-17-109-117.us-east-2.compute.amazonaws.com:9002/medias/?context=bWFzdGVyfGltYWdlc3w5MDE5fGltYWdlL2pwZWd8YVcxaFoyVnpMMmcwTnk5b056a3ZPRGM1TmpZMU5EYzVOamd6TUM1cWNHY3xiZmYyYjNhMGY5NGJjNDM1ZDI3NTIyMTk5NWNkM2JhOWFkYzliMmZjOGViZmUwMWM5ZTkwMDQzNzYzYzVhNWUy
300026682,Slip On Vans Classic Slip on black white checker/white 12.0,Comfy slip ons in subtle colours for understatement. With waffle rubber sole for good grip. Canvas upper.                                                                                                                                                                                 ,50.96  ,shoes|Vans|230000                      ,https://ec2-3-17-109-117.us-east-2.compute.amazonaws.com:9002/medias/?context=bWFzdGVyfGltYWdlc3w5MDE5fGltYWdlL2pwZWd8YVcxaFoyVnpMMmcwTnk5b056a3ZPRGM1TmpZMU5EYzVOamd6TUM1cWNHY3xiZmYyYjNhMGY5NGJjNDM1ZDI3NTIyMTk5NWNkM2JhOWFkYzliMmZjOGViZmUwMWM5ZTkwMDQzNzYzYzVhNWUy
300026684,Slip On Vans Classic Slip on black white checker/white 8.5 ,Comfy slip ons in subtle colours for understatement. With waffle rubber sole for good grip. Canvas upper.                                                                                                                                                                                 ,50.96  ,shoes|Vans|230000                      ,https://ec2-3-17-109-117.us-east-2.compute.amazonaws.com:9002/medias/?context=bWFzdGVyfGltYWdlc3w5MDE5fGltYWdlL2pwZWd8YVcxaFoyVnpMMmcwTnk5b056a3ZPRGM1TmpZMU5EYzVOamd6TUM1cWNHY3xiZmYyYjNhMGY5NGJjNDM1ZDI3NTIyMTk5NWNkM2JhOWFkYzliMmZjOGViZmUwMWM5ZTkwMDQzNzYzYzVhNWUy
300026685,Slip On Vans Classic Slip on black white checker/white 9.0 ,Comfy slip ons in subtle colours for understatement. With waffle rubber sole for good grip. Canvas upper.                                                                                                                                                                                 ,50.96  ,shoes|Vans|230000                      ,https://ec2-3-17-109-117.us-east-2.compute.amazonaws.com:9002/medias/?context=bWFzdGVyfGltYWdlc3w5MDE5fGltYWdlL2pwZWd8YVcxaFoyVnpMMmcwTnk5b056a3ZPRGM1TmpZMU5EYzVOamd6TUM1cWNHY3xiZmYyYjNhMGY5NGJjNDM1ZDI3NTIyMTk5NWNkM2JhOWFkYzliMmZjOGViZmUwMWM5ZTkwMDQzNzYzYzVhNWUy
300026686,Slip On Vans Classic Slip on black white checker/white 9.5 ,Comfy slip ons in subtle colours for understatement. With waffle rubber sole for good grip. Canvas upper.                                                                                                                                                                                 ,50.96  ,shoes|Vans|230000                      ,https://ec2-3-17-109-117.us-east-2.compute.amazonaws.com:9002/medias/?context=bWFzdGVyfGltYWdlc3w5MDE5fGltYWdlL2pwZWd8YVcxaFoyVnpMMmcwTnk5b056a3ZPRGM1TmpZMU5EYzVOamd6TUM1cWNHY3xiZmYyYjNhMGY5NGJjNDM1ZDI3NTIyMTk5NWNkM2JhOWFkYzliMmZjOGViZmUwMWM5ZTkwMDQzNzYzYzVhNWUy
300026687,Slip On Vans Classic Slip on black white checker/white 11.5,Comfy slip ons in subtle colours for understatement. With waffle rubber sole for good grip. Canvas upper.                                                                                                                                                                                 ,50.96  ,shoes|Vans|230000                      ,https://ec2-3-17-109-117.us-east-2.compute.amazonaws.com:9002/medias/?context=bWFzdGVyfGltYWdlc3w5MDE5fGltYWdlL2pwZWd8YVcxaFoyVnpMMmcwTnk5b056a3ZPRGM1TmpZMU5EYzVOamd6TUM1cWNHY3xiZmYyYjNhMGY5NGJjNDM1ZDI3NTIyMTk5NWNkM2JhOWFkYzliMmZjOGViZmUwMWM5ZTkwMDQzNzYzYzVhNWUy
300026688,Slip On Vans Classic Slip on black white checker/white 13.0,Comfy slip ons in subtle colours for understatement. With waffle rubber sole for good grip. Canvas upper.                                                                                                                                                                                 ,50.96  ,shoes|Vans|230000                      ,https://ec2-3-17-109-117.us-east-2.compute.amazonaws.com:9002/medias/?context=bWFzdGVyfGltYWdlc3w5MDE5fGltYWdlL2pwZWd8YVcxaFoyVnpMMmcwTnk5b056a3ZPRGM1TmpZMU5EYzVOamd6TUM1cWNHY3xiZmYyYjNhMGY5NGJjNDM1ZDI3NTIyMTk5NWNkM2JhOWFkYzliMmZjOGViZmUwMWM5ZTkwMDQzNzYzYzVhNWUy
300026689,Slip On Vans Classic Slip on black white checker/white 14.0,Comfy slip ons in subtle colours for understatement. With waffle rubber sole for good grip. Canvas upper.                                                                                                                                                                                 ,50.96  ,shoes|Vans|230000                      ,https://ec2-3-17-109-117.us-east-2.compute.amazonaws.com:9002/medias/?context=bWFzdGVyfGltYWdlc3w5MDE5fGltYWdlL2pwZWd8YVcxaFoyVnpMMmcwTnk5b056a3ZPRGM1TmpZMU5EYzVOamd6TUM1cWNHY3xiZmYyYjNhMGY5NGJjNDM1ZDI3NTIyMTk5NWNkM2JhOWFkYzliMmZjOGViZmUwMWM5ZTkwMDQzNzYzYzVhNWUy
300026690,Slip On Vans Classic Slip on black white checker/white 15.0,Comfy slip ons in subtle colours for understatement. With waffle rubber sole for good grip. Canvas upper.                                                                                                                                                                                 ,50.96  ,shoes|Vans|230000                      ,https://ec2-3-17-109-117.us-east-2.compute.amazonaws.com:9002/medias/?context=bWFzdGVyfGltYWdlc3w5MDE5fGltYWdlL2pwZWd8YVcxaFoyVnpMMmcwTnk5b056a3ZPRGM1TmpZMU5EYzVOamd6TUM1cWNHY3xiZmYyYjNhMGY5NGJjNDM1ZDI3NTIyMTk5NWNkM2JhOWFkYzliMmZjOGViZmUwMWM5ZTkwMDQzNzYzYzVhNWUy
300026691,Slip On Vans Classic Slip on black white checker/white 7.0 ,Comfy slip ons in subtle colours for understatement. With waffle rubber sole for good grip. Canvas upper.                                                                                                                                                                                 ,50.96  ,shoes|Vans|230000                      ,https://ec2-3-17-109-117.us-east-2.compute.amazonaws.com:9002/medias/?context=bWFzdGVyfGltYWdlc3w5MDE5fGltYWdlL2pwZWd8YVcxaFoyVnpMMmcwTnk5b056a3ZPRGM1TmpZMU5EYzVOamd6TUM1cWNHY3xiZmYyYjNhMGY5NGJjNDM1ZDI3NTIyMTk5NWNkM2JhOWFkYzliMmZjOGViZmUwMWM5ZTkwMDQzNzYzYzVhNWUy
300036392,Sneakers Vans Old Skool black/white 11.5                   ,Classic Vans Old Skool in a black colourway.                                                                                                                                                                                                                                              ,50.96  ,shoes|Vans|230000                      ,https://ec2-3-17-109-117.us-east-2.compute.amazonaws.com:9002/medias/?context=bWFzdGVyfGltYWdlc3w3Nzg4fGltYWdlL2pwZWd8YVcxaFoyVnpMMmc1T1M5b1pXVXZPRGM1TmpZMU5EY3pNVEk1TkM1cWNHY3xmM2M1YzQ1NThiYmI1NmYxMTRmNWUyNWIxOTJkMmFlYmM4NzBlZjgwZjRkMDcwMDk5NWRlNjM4MzYzY2YyNDNm
300036393,Sneakers Vans Old Skool black/white 13.0                   ,Classic Vans Old Skool in a black colourway.                                                                                                                                                                                                                                              ,50.96  ,shoes|Vans|230000                      ,https://ec2-3-17-109-117.us-east-2.compute.amazonaws.com:9002/medias/?context=bWFzdGVyfGltYWdlc3w3Nzg4fGltYWdlL2pwZWd8YVcxaFoyVnpMMmc1T1M5b1pXVXZPRGM1TmpZMU5EY3pNVEk1TkM1cWNHY3xmM2M1YzQ1NThiYmI1NmYxMTRmNWUyNWIxOTJkMmFlYmM4NzBlZjgwZjRkMDcwMDk5NWRlNjM4MzYzY2YyNDNm
300036394,Sneakers Vans Old Skool black/white 8.0                    ,Classic Vans Old Skool in a black colourway.                                                                                                                                                                                                                                              ,50.96  ,shoes|Vans|230000                      ,https://ec2-3-17-109-117.us-east-2.compute.amazonaws.com:9002/medias/?context=bWFzdGVyfGltYWdlc3w3Nzg4fGltYWdlL2pwZWd8YVcxaFoyVnpMMmc1T1M5b1pXVXZPRGM1TmpZMU5EY3pNVEk1TkM1cWNHY3xmM2M1YzQ1NThiYmI1NmYxMTRmNWUyNWIxOTJkMmFlYmM4NzBlZjgwZjRkMDcwMDk5NWRlNjM4MzYzY2YyNDNm
300046029,T-Shirt Men Playboard Raster SS red M                      ,Classic Playboard print tshirt. 100% cotton.                                                                                                                                                                                                                                              ,59.46  ,shirts|Playboard                       ,https://ec2-3-17-109-117.us-east-2.compute.amazonaws.com:9002/medias/?context=bWFzdGVyfGltYWdlc3wxNzQ1OXxpbWFnZS9qcGVnfGFXMWhaMlZ6TDJoa1lpOW9ZMll2T0RjNU5qWTFOVEV5TkRVeE1DNXFjR2N8Zjk5YjU3YjExZTNkOWI5ODk5M2ZlOTkzMTViOGQyMzRkZjgwMTM4ZGJmMzk0NjFhZDNmZDljZjk4OWY2ZmI3NA
300046030,T-Shirt Men Playboard Raster SS red S                      ,Classic Playboard print tshirt. 100% cotton.                                                                                                                                                                                                                                              ,59.46  ,shirts|Playboard                       ,https://ec2-3-17-109-117.us-east-2.compute.amazonaws.com:9002/medias/?context=bWFzdGVyfGltYWdlc3wxNzQ1OXxpbWFnZS9qcGVnfGFXMWhaMlZ6TDJoa1lpOW9ZMll2T0RjNU5qWTFOVEV5TkRVeE1DNXFjR2N8Zjk5YjU3YjExZTNkOWI5ODk5M2ZlOTkzMTViOGQyMzRkZjgwMTM4ZGJmMzk0NjFhZDNmZDljZjk4OWY2ZmI3NA
300046031,T-Shirt Men Playboard Raster SS red XL                     ,Classic Playboard print tshirt. 100% cotton.                                                                                                                                                                                                                                              ,59.46  ,shirts|Playboard                       ,https://ec2-3-17-109-117.us-east-2.compute.amazonaws.com:9002/medias/?context=bWFzdGVyfGltYWdlc3wxNzQ1OXxpbWFnZS9qcGVnfGFXMWhaMlZ6TDJoa1lpOW9ZMll2T0RjNU5qWTFOVEV5TkRVeE1DNXFjR2N8Zjk5YjU3YjExZTNkOWI5ODk5M2ZlOTkzMTViOGQyMzRkZjgwMTM4ZGJmMzk0NjFhZDNmZDljZjk4OWY2ZmI3NA
300046032,T-Shirt Men Playboard Raster SS white L                    ,Classic Playboard print tshirt. 100% cotton.                                                                                                                                                                                                                                              ,26.68  ,shirts|Playboard                       ,https://ec2-3-17-109-117.us-east-2.compute.amazonaws.com:9002/medias/?context=bWFzdGVyfGltYWdlc3wxMTE1NXxpbWFnZS9qcGVnfGFXMWhaMlZ6TDJoak1DOW9NRFl2T0RjNU5qWTFOVEU1TURBME5pNXFjR2N8NTFmM2RjNWIwYTk3ZGUxNDhhMmU1OTNiOGU5OGFmZjg5NjIzNTNlMTU2N2FhZWMzMDM3NmJjN2YzNzRjYjgwYg
300046033,T-Shirt Men Playboard Raster SS white M                    ,Classic Playboard print tshirt. 100% cotton.                                                                                                                                                                                                                                              ,26.68  ,shirts|Playboard                       ,https://ec2-3-17-109-117.us-east-2.compute.amazonaws.com:9002/medias/?context=bWFzdGVyfGltYWdlc3wxMTE1NXxpbWFnZS9qcGVnfGFXMWhaMlZ6TDJoak1DOW9NRFl2T0RjNU5qWTFOVEU1TURBME5pNXFjR2N8NTFmM2RjNWIwYTk3ZGUxNDhhMmU1OTNiOGU5OGFmZjg5NjIzNTNlMTU2N2FhZWMzMDM3NmJjN2YzNzRjYjgwYg
300046035,T-Shirt Men Playboard Raster SS white XL                   ,Classic Playboard print tshirt. 100% cotton.                                                                                                                                                                                                                                              ,26.68  ,shirts|Playboard                       ,https://ec2-3-17-109-117.us-east-2.compute.amazonaws.com:9002/medias/?context=bWFzdGVyfGltYWdlc3wxMTE1NXxpbWFnZS9qcGVnfGFXMWhaMlZ6TDJoak1DOW9NRFl2T0RjNU5qWTFOVEU1TURBME5pNXFjR2N8NTFmM2RjNWIwYTk3ZGUxNDhhMmU1OTNiOGU5OGFmZjg5NjIzNTNlMTU2N2FhZWMzMDM3NmJjN2YzNzRjYjgwYg
300046036,T-Shirt Men Playboard Flower SS black L                    ,Classic t-shirt from Playboard with front print                                                                                                                                                                                                                                           ,26.68  ,shirts|Playboard                       ,https://ec2-3-17-109-117.us-east-2.compute.amazonaws.com:9002/medias/?context=bWFzdGVyfGltYWdlc3wxMTU3NXxpbWFnZS9qcGVnfGFXMWhaMlZ6TDJobE55OW9NR0l2T0RjNU5qWTFOVE00TmpZMU5DNXFjR2N8NTU5ZTE0M2Y1MjI0ODJhMTJlYjFjNDJhZmRmMzdmMDEwZGRjOWJiZmRiZjRiOWFmODI0YzU4MTQwZjU3ZmRmOQ
300046037,T-Shirt Men Playboard Flower SS black M                    ,Classic t-shirt from Playboard with front print                                                                                                                                                                                                                                           ,26.68  ,shirts|Playboard                       ,https://ec2-3-17-109-117.us-east-2.compute.amazonaws.com:9002/medias/?context=bWFzdGVyfGltYWdlc3wxMTU3NXxpbWFnZS9qcGVnfGFXMWhaMlZ6TDJobE55OW9NR0l2T0RjNU5qWTFOVE00TmpZMU5DNXFjR2N8NTU5ZTE0M2Y1MjI0ODJhMTJlYjFjNDJhZmRmMzdmMDEwZGRjOWJiZmRiZjRiOWFmODI0YzU4MTQwZjU3ZmRmOQ
300046038,T-Shirt Men Playboard Flower SS black S                    ,Classic t-shirt from Playboard with front print                                                                                                                                                                                                                                           ,26.68  ,shirts|Playboard                       ,https://ec2-3-17-109-117.us-east-2.compute.amazonaws.com:9002/medias/?context=bWFzdGVyfGltYWdlc3wxMTU3NXxpbWFnZS9qcGVnfGFXMWhaMlZ6TDJobE55OW9NR0l2T0RjNU5qWTFOVE00TmpZMU5DNXFjR2N8NTU5ZTE0M2Y1MjI0ODJhMTJlYjFjNDJhZmRmMzdmMDEwZGRjOWJiZmRiZjRiOWFmODI0YzU4MTQwZjU3ZmRmOQ
300046039,T-Shirt Men Playboard Flower SS black XL                   ,Classic t-shirt from Playboard with front print                                                                                                                                                                                                                                           ,26.68  ,shirts|Playboard                       ,https://ec2-3-17-109-117.us-east-2.compute.amazonaws.com:9002/medias/?context=bWFzdGVyfGltYWdlc3wxMTU3NXxpbWFnZS9qcGVnfGFXMWhaMlZ6TDJobE55OW9NR0l2T0RjNU5qWTFOVE00TmpZMU5DNXFjR2N8NTU5ZTE0M2Y1MjI0ODJhMTJlYjFjNDJhZmRmMzdmMDEwZGRjOWJiZmRiZjRiOWFmODI0YzU4MTQwZjU3ZmRmOQ
300050253,Slip On Vans Classic Slip On checkerboard/black/pewter 7.0 ,Comfy slip ons in subtle colours for understatement. With waffle rubber sole for good grip. Canvas upper.                                                                                                                                                                                 ,26.68  ,shoes|Vans                             ,https://ec2-3-17-109-117.us-east-2.compute.amazonaws.com:9002/medias/?context=bWFzdGVyfGltYWdlc3w4MTM4fGltYWdlL2pwZWd8YVcxaFoyVnpMMmd4WVM5b1l6VXZPRGM1TmpZMU5UWTBPRGM1T0M1cWNHY3w0NTA0NmY2OTY4NDUxZmU0MWI4MjAzYTg1NzdmZjBmZDEwNjE4MjlkYWVmNTkwZDdiY2VjZmRmMWVhZmE1NWJm
300050254,Slip On Vans Classic Slip On checkerboard/black/pewter 7.5 ,Comfy slip ons in subtle colours for understatement. With waffle rubber sole for good grip. Canvas upper.                                                                                                                                                                                 ,26.68  ,shoes|Vans                             ,https://ec2-3-17-109-117.us-east-2.compute.amazonaws.com:9002/medias/?context=bWFzdGVyfGltYWdlc3w4MTM4fGltYWdlL2pwZWd8YVcxaFoyVnpMMmd4WVM5b1l6VXZPRGM1TmpZMU5UWTBPRGM1T0M1cWNHY3w0NTA0NmY2OTY4NDUxZmU0MWI4MjAzYTg1NzdmZjBmZDEwNjE4MjlkYWVmNTkwZDdiY2VjZmRmMWVhZmE1NWJm
300050255,Slip On Vans Classic Slip On checkerboard/black/pewter 8.0 ,Comfy slip ons in subtle colours for understatement. With waffle rubber sole for good grip. Canvas upper.                                                                                                                                                                                 ,26.68  ,shoes|Vans                             ,https://ec2-3-17-109-117.us-east-2.compute.amazonaws.com:9002/medias/?context=bWFzdGVyfGltYWdlc3w4MTM4fGltYWdlL2pwZWd8YVcxaFoyVnpMMmd4WVM5b1l6VXZPRGM1TmpZMU5UWTBPRGM1T0M1cWNHY3w0NTA0NmY2OTY4NDUxZmU0MWI4MjAzYTg1NzdmZjBmZDEwNjE4MjlkYWVmNTkwZDdiY2VjZmRmMWVhZmE1NWJm
300050256,Slip On Vans Classic Slip On checkerboard/black/pewter 8.5 ,Comfy slip ons in subtle colours for understatement. With waffle rubber sole for good grip. Canvas upper.                                                                                                                                                                                 ,46.71  ,shoes|Vans                             ,https://ec2-3-17-109-117.us-east-2.compute.amazonaws.com:9002/medias/?context=bWFzdGVyfGltYWdlc3w4MTM4fGltYWdlL2pwZWd8YVcxaFoyVnpMMmd4WVM5b1l6VXZPRGM1TmpZMU5UWTBPRGM1T0M1cWNHY3w0NTA0NmY2OTY4NDUxZmU0MWI4MjAzYTg1NzdmZjBmZDEwNjE4MjlkYWVmNTkwZDdiY2VjZmRmMWVhZmE1NWJm
300050257,Slip On Vans Classic Slip On checkerboard/black/pewter 9.0 ,Comfy slip ons in subtle colours for understatement. With waffle rubber sole for good grip. Canvas upper.                                                                                                                                                                                 ,46.71  ,shoes|Vans                             ,https://ec2-3-17-109-117.us-east-2.compute.amazonaws.com:9002/medias/?context=bWFzdGVyfGltYWdlc3w4MTM4fGltYWdlL2pwZWd8YVcxaFoyVnpMMmd4WVM5b1l6VXZPRGM1TmpZMU5UWTBPRGM1T0M1cWNHY3w0NTA0NmY2OTY4NDUxZmU0MWI4MjAzYTg1NzdmZjBmZDEwNjE4MjlkYWVmNTkwZDdiY2VjZmRmMWVhZmE1NWJm
300050258,Slip On Vans Classic Slip On checkerboard/black/pewter 9.5 ,Comfy slip ons in subtle colours for understatement. With waffle rubber sole for good grip. Canvas upper.                                                                                                                                                                                 ,46.71  ,shoes|Vans                             ,https://ec2-3-17-109-117.us-east-2.compute.amazonaws.com:9002/medias/?context=bWFzdGVyfGltYWdlc3w4MTM4fGltYWdlL2pwZWd8YVcxaFoyVnpMMmd4WVM5b1l6VXZPRGM1TmpZMU5UWTBPRGM1T0M1cWNHY3w0NTA0NmY2OTY4NDUxZmU0MWI4MjAzYTg1NzdmZjBmZDEwNjE4MjlkYWVmNTkwZDdiY2VjZmRmMWVhZmE1NWJm
300060389,Snowboard Binding F2-FTWO Mondo LT black L                 ,Beginners and occasional riders will find the Mondo LT to be an extremly robust and high quality binding.                                                                                                                                                                                 ,46.71  ,shoes|F2-FTWO|snow|50100               ,https://ec2-3-17-109-117.us-east-2.compute.amazonaws.com:9002/medias/?context=bWFzdGVyfGltYWdlc3wxMTc1MXxpbWFnZS9qcGVnfGFXMWhaMlZ6TDJoak5pOW9ZVEV2T0RjNU5qWTFORGt5Tnprd01pNXFjR2N8NmY2MWIzNDEwODMzZWVlZDgzMzNiYWYxNGRmNTAwNTBmN2QwYjBkYTg5ZmIzMTIxZDZiMWQ4MGJmMWNjZGM1MA
300062456,Helmet Women TSG Lotus Graphic Designs wms Butterfly LXL   ,The Lotus from TSG! One for the Ladies:                                                                                                                                                                                                                                                   ,46.71  ,helmet|TSG                             ,https://ec2-3-17-109-117.us-east-2.compute.amazonaws.com:9002/medias/?context=bWFzdGVyfGltYWdlc3wxMDE0OHxpbWFnZS9qcGVnfGFXMWhaMlZ6TDJoa05pOW9NelF2T0RjNU5qWTFORGs1TXpRek9DNXFjR2N8Y2ZhY2E4ZTNlOGFjMzlmM2M4NTBjNDQwYjM3ZjBlYzY0MTlmN2YwNGY5OWQ2OTRjNDgxNWY5NTMzOWJjZTYzZA
300062466,Sneakers Vans Old Skool black/white 7.0                    ,Classic Vans Old Skool in a black colourway.                                                                                                                                                                                                                                              ,46.71  ,shoes|Vans|230000                      ,https://ec2-3-17-109-117.us-east-2.compute.amazonaws.com:9002/medias/?context=bWFzdGVyfGltYWdlc3w3Nzg4fGltYWdlL2pwZWd8YVcxaFoyVnpMMmc1T1M5b1pXVXZPRGM1TmpZMU5EY3pNVEk1TkM1cWNHY3xmM2M1YzQ1NThiYmI1NmYxMTRmNWUyNWIxOTJkMmFlYmM4NzBlZjgwZjRkMDcwMDk5NWRlNjM4MzYzY2YyNDNm
300065500,Slip On Vans Classic Slip On checkerboard/black/pewter 5.0 ,Comfy slip ons in subtle colours for understatement. With waffle rubber sole for good grip. Canvas upper.                                                                                                                                                                                 ,101.11 ,shoes|Vans                             ,https://ec2-3-17-109-117.us-east-2.compute.amazonaws.com:9002/medias/?context=bWFzdGVyfGltYWdlc3w4MTM4fGltYWdlL2pwZWd8YVcxaFoyVnpMMmd4WVM5b1l6VXZPRGM1TmpZMU5UWTBPRGM1T0M1cWNHY3w0NTA0NmY2OTY4NDUxZmU0MWI4MjAzYTg1NzdmZjBmZDEwNjE4MjlkYWVmNTkwZDdiY2VjZmRmMWVhZmE1NWJm
300065501,Slip On Vans Classic Slip On checkerboard/black/pewter 6.5 ,Comfy slip ons in subtle colours for understatement. With waffle rubber sole for good grip. Canvas upper.                                                                                                                                                                                 ,67.96  ,shoes|Vans                             ,https://ec2-3-17-109-117.us-east-2.compute.amazonaws.com:9002/medias/?context=bWFzdGVyfGltYWdlc3w4MTM4fGltYWdlL2pwZWd8YVcxaFoyVnpMMmd4WVM5b1l6VXZPRGM1TmpZMU5UWTBPRGM1T0M1cWNHY3w0NTA0NmY2OTY4NDUxZmU0MWI4MjAzYTg1NzdmZjBmZDEwNjE4MjlkYWVmNTkwZDdiY2VjZmRmMWVhZmE1NWJm
300067366,T-Shirt Men Playboard Raster SS black L                    ,Classic Playboard print tshirt. 100% cotton.                                                                                                                                                                                                                                              ,59.46  ,shirts|Playboard                       ,https://ec2-3-17-109-117.us-east-2.compute.amazonaws.com:9002/medias/?context=bWFzdGVyfGltYWdlc3w5MjYxfGltYWdlL2pwZWd8YVcxaFoyVnpMMmhqWmk5b09EVXZPRGM1TmpZMU5USTFOVFU0TWk1cWNHY3wwZjk5NDRjNTI4ZWM3MDZhNmI0MzU4MWY2YTlkZjJjYzM4MzYwZTRlYjM1NTAwODE4NDQyYWJhNGNlZTkwNWI0
300067367,T-Shirt Men Playboard Raster SS black M                    ,Classic Playboard print tshirt. 100% cotton.                                                                                                                                                                                                                                              ,46.71  ,shirts|Playboard                       ,https://ec2-3-17-109-117.us-east-2.compute.amazonaws.com:9002/medias/?context=bWFzdGVyfGltYWdlc3w5MjYxfGltYWdlL2pwZWd8YVcxaFoyVnpMMmhqWmk5b09EVXZPRGM1TmpZMU5USTFOVFU0TWk1cWNHY3wwZjk5NDRjNTI4ZWM3MDZhNmI0MzU4MWY2YTlkZjJjYzM4MzYwZTRlYjM1NTAwODE4NDQyYWJhNGNlZTkwNWI0
300067368,T-Shirt Men Playboard Raster SS black S                    ,Classic Playboard print tshirt. 100% cotton.                                                                                                                                                                                                                                              ,46.71  ,shirts|Playboard                       ,https://ec2-3-17-109-117.us-east-2.compute.amazonaws.com:9002/medias/?context=bWFzdGVyfGltYWdlc3w5MjYxfGltYWdlL2pwZWd8YVcxaFoyVnpMMmhqWmk5b09EVXZPRGM1TmpZMU5USTFOVFU0TWk1cWNHY3wwZjk5NDRjNTI4ZWM3MDZhNmI0MzU4MWY2YTlkZjJjYzM4MzYwZTRlYjM1NTAwODE4NDQyYWJhNGNlZTkwNWI0
300067369,T-Shirt Men Playboard Raster SS black XL                   ,Classic Playboard print tshirt. 100% cotton.                                                                                                                                                                                                                                              ,26.68  ,shirts|Playboard                       ,https://ec2-3-17-109-117.us-east-2.compute.amazonaws.com:9002/medias/?context=bWFzdGVyfGltYWdlc3w5MjYxfGltYWdlL2pwZWd8YVcxaFoyVnpMMmhqWmk5b09EVXZPRGM1TmpZMU5USTFOVFU0TWk1cWNHY3wwZjk5NDRjNTI4ZWM3MDZhNmI0MzU4MWY2YTlkZjJjYzM4MzYwZTRlYjM1NTAwODE4NDQyYWJhNGNlZTkwNWI0
300067371,T-Shirt Men Playboard Raster SS purple M                   ,Classic Playboard print tshirt. 100% cotton.                                                                                                                                                                                                                                              ,26.68  ,shirts|Playboard                       ,https://ec2-3-17-109-117.us-east-2.compute.amazonaws.com:9002/medias/?context=bWFzdGVyfGltYWdlc3wxMzI5OXxpbWFnZS9qcGVnfGFXMWhaMlZ6TDJoaU1pOW9aV0l2T0RjNU5qWTFOVE15TVRFeE9DNXFjR2N8MWViZDA1Nzk1OTNlNTYxNmE1NTE4NThiYTk1YzdhNGExNjEwNmI5NWJhNjQ4YjZiM2M0NDE3OWQ5MGQzNWI1ZQ
300067372,T-Shirt Men Playboard Raster SS purple S                   ,Classic Playboard print tshirt. 100% cotton.                                                                                                                                                                                                                                              ,26.68  ,shirts|Playboard                       ,https://ec2-3-17-109-117.us-east-2.compute.amazonaws.com:9002/medias/?context=bWFzdGVyfGltYWdlc3wxMzI5OXxpbWFnZS9qcGVnfGFXMWhaMlZ6TDJoaU1pOW9aV0l2T0RjNU5qWTFOVE15TVRFeE9DNXFjR2N8MWViZDA1Nzk1OTNlNTYxNmE1NTE4NThiYTk1YzdhNGExNjEwNmI5NWJhNjQ4YjZiM2M0NDE3OWQ5MGQzNWI1ZQ
300067374,T-Shirt Men Playboard Logo Tee black L                     ,T-Shirt from Playboard with logo front print.                                                                                                                                                                                                                                             ,26.68  ,shirts|Playboard					    ,https://ec2-3-17-109-117.us-east-2.compute.amazonaws.com:9002/medias/?context=bWFzdGVyfGltYWdlc3wxMDA5NnxpbWFnZS9qcGVnfGFXMWhaMlZ6TDJnek9TOW9Nell2T0RjNU5qWTFOVFU0TXpJMk1pNXFjR2N8MThlYzAzNGM1ZDRjMWNhODY0MjA3YTVjMmQyNWFmNmEyZDFlYzUxNmI1ZDkzYjQzYjIyOThjM2ZhMTlhNWVmMQ
300067375,T-Shirt Men Playboard Logo Tee black M                     ,T-Shirt from Playboard with logo front print.                                                                                                                                                                                                                                             ,26.68  ,shirts|Playboard                       ,https://ec2-3-17-109-117.us-east-2.compute.amazonaws.com:9002/medias/?context=bWFzdGVyfGltYWdlc3wxMDA5NnxpbWFnZS9qcGVnfGFXMWhaMlZ6TDJnek9TOW9Nell2T0RjNU5qWTFOVFU0TXpJMk1pNXFjR2N8MThlYzAzNGM1ZDRjMWNhODY0MjA3YTVjMmQyNWFmNmEyZDFlYzUxNmI1ZDkzYjQzYjIyOThjM2ZhMTlhNWVmMQ
300067376,T-Shirt Men Playboard Logo Tee black S                     ,T-Shirt from Playboard with logo front print.                                                                                                                                                                                                                                             ,26.68  ,shirts|Playboard                       ,https://ec2-3-17-109-117.us-east-2.compute.amazonaws.com:9002/medias/?context=bWFzdGVyfGltYWdlc3wxMDA5NnxpbWFnZS9qcGVnfGFXMWhaMlZ6TDJnek9TOW9Nell2T0RjNU5qWTFOVFU0TXpJMk1pNXFjR2N8MThlYzAzNGM1ZDRjMWNhODY0MjA3YTVjMmQyNWFmNmEyZDFlYzUxNmI1ZDkzYjQzYjIyOThjM2ZhMTlhNWVmMQ
300067377,T-Shirt Men Playboard Logo Tee black XL                    ,T-Shirt from Playboard with logo front print.                                                                                                                                                                                                                                             ,26.68  ,shirts|Playboard                       ,https://ec2-3-17-109-117.us-east-2.compute.amazonaws.com:9002/medias/?context=bWFzdGVyfGltYWdlc3wxMDA5NnxpbWFnZS9qcGVnfGFXMWhaMlZ6TDJnek9TOW9Nell2T0RjNU5qWTFOVFU0TXpJMk1pNXFjR2N8MThlYzAzNGM1ZDRjMWNhODY0MjA3YTVjMmQyNWFmNmEyZDFlYzUxNmI1ZDkzYjQzYjIyOThjM2ZhMTlhNWVmMQ
300068437,Slip On Vans Classic Slip on black white checker/white 11.5,The classic Vans Slip-on is a shoe that never goes out of style.                                                                                                                                                                                                                          ,26.68  ,shoes|Vans|230000                      ,https://ec2-3-17-109-117.us-east-2.compute.amazonaws.com:9002/medias/?context=bWFzdGVyfGltYWdlc3w5MDE5fGltYWdlL2pwZWd8YVcxaFoyVnpMMmcwTnk5b056a3ZPRGM1TmpZMU5EYzVOamd6TUM1cWNHY3xiZmYyYjNhMGY5NGJjNDM1ZDI3NTIyMTk5NWNkM2JhOWFkYzliMmZjOGViZmUwMWM5ZTkwMDQzNzYzYzVhNWUy
300076093,T-Shirt Men Playboard Logo Tee red L                       ,T-Shirt from Playboard with logo front print.                                                                                                                                                                                                                                             ,26.68  ,shirts|Playboard                       ,https://ec2-3-17-109-117.us-east-2.compute.amazonaws.com:9002/medias/?context=bWFzdGVyfGltYWdlc3wxNjQxNHxpbWFnZS9qcGVnfGFXMWhaMlZ6TDJobU1TOW9ZemN2T0RjNU5qWTFOVFExTWpFNU1DNXFjR2N8ZmJhMDVjZmJiODYzMzc5NGM2ZmNjOGMzYThlMWExYjZjNjdhYTUxYTliNjBlNTJmMGY0N2M4MGU5MTNmNDk0OQ
300076094,T-Shirt Men Playboard Logo Tee red M                       ,T-Shirt from Playboard with logo front print.                                                                                                                                                                                                                                             ,26.68  ,shirts|Playboard                       ,https://ec2-3-17-109-117.us-east-2.compute.amazonaws.com:9002/medias/?context=bWFzdGVyfGltYWdlc3wxNjQxNHxpbWFnZS9qcGVnfGFXMWhaMlZ6TDJobU1TOW9ZemN2T0RjNU5qWTFOVFExTWpFNU1DNXFjR2N8ZmJhMDVjZmJiODYzMzc5NGM2ZmNjOGMzYThlMWExYjZjNjdhYTUxYTliNjBlNTJmMGY0N2M4MGU5MTNmNDk0OQ
300076932,Sneakers Vans Old Skool black/white 4.0                    ,Classic Vans Old Skool in a black colourway.                                                                                                                                                                                                                                              ,50.96  ,shoes|Vans|230000                      ,https://ec2-3-17-109-117.us-east-2.compute.amazonaws.com:9002/medias/?context=bWFzdGVyfGltYWdlc3w3Nzg4fGltYWdlL2pwZWd8YVcxaFoyVnpMMmc1T1M5b1pXVXZPRGM1TmpZMU5EY3pNVEk1TkM1cWNHY3xmM2M1YzQ1NThiYmI1NmYxMTRmNWUyNWIxOTJkMmFlYmM4NzBlZjgwZjRkMDcwMDk5NWRlNjM4MzYzY2YyNDNm
300076933,Sneakers Vans Old Skool black/white 4.5                    ,Classic Vans Old Skool in a black colourway.                                                                                                                                                                                                                                              ,26.68  ,shoes|Vans|230000                      ,https://ec2-3-17-109-117.us-east-2.compute.amazonaws.com:9002/medias/?context=bWFzdGVyfGltYWdlc3w3Nzg4fGltYWdlL2pwZWd8YVcxaFoyVnpMMmc1T1M5b1pXVXZPRGM1TmpZMU5EY3pNVEk1TkM1cWNHY3xmM2M1YzQ1NThiYmI1NmYxMTRmNWUyNWIxOTJkMmFlYmM4NzBlZjgwZjRkMDcwMDk5NWRlNjM4MzYzY2YyNDNm
300076934,Sneakers Vans Old Skool black/white 5.0                    ,Classic Vans Old Skool in a black colourway.                                                                                                                                                                                                                                              ,26.68  ,shoes|Vans|230000                      ,https://ec2-3-17-109-117.us-east-2.compute.amazonaws.com:9002/medias/?context=bWFzdGVyfGltYWdlc3w3Nzg4fGltYWdlL2pwZWd8YVcxaFoyVnpMMmc1T1M5b1pXVXZPRGM1TmpZMU5EY3pNVEk1TkM1cWNHY3xmM2M1YzQ1NThiYmI1NmYxMTRmNWUyNWIxOTJkMmFlYmM4NzBlZjgwZjRkMDcwMDk5NWRlNjM4MzYzY2YyNDNm
300076935,Sneakers Vans Old Skool black/white 6.0                    ,Classic Vans Old Skool in a black colourway.                                                                                                                                                                                                                                              ,59.46  ,shoes|Vans|230000                      ,https://ec2-3-17-109-117.us-east-2.compute.amazonaws.com:9002/medias/?context=bWFzdGVyfGltYWdlc3w3Nzg4fGltYWdlL2pwZWd8YVcxaFoyVnpMMmc1T1M5b1pXVXZPRGM1TmpZMU5EY3pNVEk1TkM1cWNHY3xmM2M1YzQ1NThiYmI1NmYxMTRmNWUyNWIxOTJkMmFlYmM4NzBlZjgwZjRkMDcwMDk5NWRlNjM4MzYzY2YyNDNm
300076936,Sneakers Vans Old Skool black/white 7.5                    ,Classic Vans Old Skool in a black colourway.                                                                                                                                                                                                                                              ,59.46  ,shoes|Vans|230000                      ,https://ec2-3-17-109-117.us-east-2.compute.amazonaws.com:9002/medias/?context=bWFzdGVyfGltYWdlc3w3Nzg4fGltYWdlL2pwZWd8YVcxaFoyVnpMMmc1T1M5b1pXVXZPRGM1TmpZMU5EY3pNVEk1TkM1cWNHY3xmM2M1YzQ1NThiYmI1NmYxMTRmNWUyNWIxOTJkMmFlYmM4NzBlZjgwZjRkMDcwMDk5NWRlNjM4MzYzY2YyNDNm
300147490,T-Shirt Men Playboard Skull SS black S                     ,T shirt with playboard skull logo on chest                                                                                                                                                                                                                                                ,59.46  ,shirts|Playboard                       ,https://ec2-3-17-109-117.us-east-2.compute.amazonaws.com:9002/medias/?context=bWFzdGVyfGltYWdlc3w5NjU4fGltYWdlL2pwZWd8YVcxaFoyVnpMMmczTnk5b1lXTXZPRGM1TmpZMU5EVXpORFk0Tmk1cWNHY3w4OTkzNjdmODAwNTVlNjI3MWM3NjIwNTM1OWZkYmMzMWNmN2ExN2NmZDYxZTEwNGM5M2VlYTY1NTQ4MjFkOTIy
300147493,T-Shirt Men Playboard Skull SS black XXL                   ,T shirt with playboard skull logo on chest                                                                                                                                                                                                                                                ,59.46  ,shirts|Playboard                       ,https://ec2-3-17-109-117.us-east-2.compute.amazonaws.com:9002/medias/?context=bWFzdGVyfGltYWdlc3w5NjU4fGltYWdlL2pwZWd8YVcxaFoyVnpMMmczTnk5b1lXTXZPRGM1TmpZMU5EVXpORFk0Tmk1cWNHY3w4OTkzNjdmODAwNTVlNjI3MWM3NjIwNTM1OWZkYmMzMWNmN2ExN2NmZDYxZTEwNGM5M2VlYTY1NTQ4MjFkOTIy
300147503,T-Shirt Men Playboard Skull SS white XL                    ,T shirt with playboard skull logo on chest                                                                                                                                                                                                                                                ,59.46  ,shirts|Playboard                       ,https://ec2-3-17-109-117.us-east-2.compute.amazonaws.com:9002/medias/?context=bWFzdGVyfGltYWdlc3wxMTUzOXxpbWFnZS9qcGVnfGFXMWhaMlZ6TDJnMVlTOW9ZemN2T0RjNU5qWTFORFl3TURJeU1pNXFjR2N8ZDY2YzliYmIwM2QxOGE2NzExN2MxNjkwODViYTA4YzJmNzcyZjhjNzdmNWM3YTgzNjg4Y2I2OTRjYjdmMDJhOA
300147505,T-Shirt Men Playboard Skull SS white XXL                   ,T shirt with playboard skull logo on chest                                                                                                                                                                                                                                                ,26.68  ,shirts|Playboard                       ,https://ec2-3-17-109-117.us-east-2.compute.amazonaws.com:9002/medias/?context=bWFzdGVyfGltYWdlc3wxMTUzOXxpbWFnZS9qcGVnfGFXMWhaMlZ6TDJnMVlTOW9ZemN2T0RjNU5qWTFORFl3TURJeU1pNXFjR2N8ZDY2YzliYmIwM2QxOGE2NzExN2MxNjkwODViYTA4YzJmNzcyZjhjNzdmNWM3YTgzNjg4Y2I2OTRjYjdmMDJhOA
300147511,T-Shirt Men Playboard Logo Tee irish green M               ,T-Shirt from Playboard with logo front print.                                                                                                                                                                                                                                             ,26.68  ,shirts|Playboard                       ,https://ec2-3-17-109-117.us-east-2.compute.amazonaws.com:9002/medias/?context=bWFzdGVyfGltYWdlc3wxMDQxNnxpbWFnZS9qcGVnfGFXMWhaMlZ6TDJoa09TOW9aakF2T0RjNU5qWTFOVFV4TnpjeU5pNXFjR2N8OWI0MDM2MDgzNmQ2ODMxZTAzZGVkMGM1OTIxODM3ZDgzNWFjY2M3NzczYWUwMDM1YzZmNWUzN2FkYTBhN2VlNA
300147512,T-Shirt Men Playboard Logo Tee irish green S               ,T-Shirt from Playboard with logo front print.                                                                                                                                                                                                                                             ,26.68  ,shirts|Playboard                       ,https://ec2-3-17-109-117.us-east-2.compute.amazonaws.com:9002/medias/?context=bWFzdGVyfGltYWdlc3wxMDQxNnxpbWFnZS9qcGVnfGFXMWhaMlZ6TDJoa09TOW9aakF2T0RjNU5qWTFOVFV4TnpjeU5pNXFjR2N8OWI0MDM2MDgzNmQ2ODMxZTAzZGVkMGM1OTIxODM3ZDgzNWFjY2M3NzczYWUwMDM1YzZmNWUzN2FkYTBhN2VlNA
300147513,T-Shirt Men Playboard Logo Tee irish green XL              ,T-Shirt from Playboard with logo front print.                                                                                                                                                                                                                                             ,26.68  ,shirts|Playboard                       ,https://ec2-3-17-109-117.us-east-2.compute.amazonaws.com:9002/medias/?context=bWFzdGVyfGltYWdlc3wxMDQxNnxpbWFnZS9qcGVnfGFXMWhaMlZ6TDJoa09TOW9aakF2T0RjNU5qWTFOVFV4TnpjeU5pNXFjR2N8OWI0MDM2MDgzNmQ2ODMxZTAzZGVkMGM1OTIxODM3ZDgzNWFjY2M3NzczYWUwMDM1YzZmNWUzN2FkYTBhN2VlNA
300150177,Slip On Vans Classic Slip On checkerboard/black/pewter 5.5 ,Comfy slip ons in subtle colours for understatement. With waffle rubber sole for good grip. Canvas upper.                                                                                                                                                                                 ,26.68  ,shoes|Vans                             ,https://ec2-3-17-109-117.us-east-2.compute.amazonaws.com:9002/medias/?context=bWFzdGVyfGltYWdlc3w4MTM4fGltYWdlL2pwZWd8YVcxaFoyVnpMMmd4WVM5b1l6VXZPRGM1TmpZMU5UWTBPRGM1T0M1cWNHY3w0NTA0NmY2OTY4NDUxZmU0MWI4MjAzYTg1NzdmZjBmZDEwNjE4MjlkYWVmNTkwZDdiY2VjZmRmMWVhZmE1NWJm
300415712,Trope Beanie astro turf Uni                                ,A cozy and stylish beanie in a unique astro turf green color                                                                                                                                                                                                                              ,26.68  ,220500|Burton                          ,https://ec2-3-17-109-117.us-east-2.compute.amazonaws.com:9002/medias/?context=bWFzdGVyfGltYWdlc3wyOTQwOHxpbWFnZS9qcGVnfGFXMWhaMlZ6TDJneU1TOW9Nemt2T0RjNU5qY3pOemd6TURrME1pNXFjR2N8N2NkN2JkZWNiNDZmOWU2OTRjMjY2NDE1YTE3MzA0NmZiY2VhNmQ1YWFhNGZjMTA3N2FjY2NmMWIxNDc2OTYxMA
300427739,Sadplant Pipe Glove digi plaid S                           ,These gloves feature a modern digital plaid pattern and are designed in size small                                                                                                                                                                                                        ,26.68  ,190700|Oakley                          ,https://ec2-3-17-109-117.us-east-2.compute.amazonaws.com:9002/medias/?context=bWFzdGVyfGltYWdlc3wyNDA5MXxpbWFnZS9qcGVnfGFXMWhaMlZ6TDJoaU5TOW9ZVEF2T0RjNU5qYzBOak0xTURZeU1pNXFjR2N8YWFiY2JlOTAyODZhZWUwZWYyMjU1ZjNjZmVhZGZmZDM4NGIyZDNmOGQzOTdhMjIxOTk1MTI1ZTBiMGNhMDNiMA
300617125,Rollercoaster SS holiday/multicolor L                      ,A large short-sleeve shirt with a festive holiday-themed multicolor design                                                                                                                                                                                                                ,46.71  ,streetwear|250100|Carhartt             ,https://ec2-3-17-109-117.us-east-2.compute.amazonaws.com:9002/medias/?context=bWFzdGVyfGltYWdlc3wyMTIzM3xpbWFnZS9qcGVnfGFXMWhaMlZ6TDJnNFpTOW9ZVFl2T0RjNU5qazBOek00TWpNd01pNXFjR2N8MDQzMDc2MmVkNjc5Zjk5ZDkxZjIyMjQ3ZDhjYzJmYWY3Y2RjODA5Y2IyYmZjYzdhNjAzOGFkOWFhMDZmOGRlMQ
300738114,Asterisk SS youth black XS                                 ,A versatile black short-sleeve shirt for youth in extra small size                                                                                                                                                                                                                        ,28.31  ,Billabong|kids|streetwear|270100       ,https://ec2-3-17-109-117.us-east-2.compute.amazonaws.com:9002/medias/?context=bWFzdGVyfGltYWdlc3wxNzY4NnxpbWFnZS9qcGVnfGFXMWhaMlZ6TDJobU5pOW9NVEl2T0RjNU5qZzNPVEEyTVRBeU1pNXFjR2N8MWE2NjZlNDE0OTUwMWZiNGMxYzYxMTlkNGVmMzZmN2E5YzZhNmUyZGVkZmUwYjAyYjQ1MDgxMWRlZmJlZTVlMA
35100    ,Slip On Vans Classic Slip On black/formula one checker 10.5,The Ferrari in the slip on world in a cool Formula 1 checkered pattern. with waffle rubber sole for grip and Canvas upper.                                                                                                                                                                ,24.26  ,shoes|Vans|230000                      ,https://ec2-3-17-109-117.us-east-2.compute.amazonaws.com:9002/medias/?context=bWFzdGVyfGltYWdlc3w4NTI4fGltYWdlL2pwZWd8YVcxaFoyVnpMMmczTnk5b1pEY3ZPRGM1TmpZMU5EUTJPVEUxTUM1cWNHY3w2YTAwOGJiODc5NjczMWVlMDhhOTNmZWFiODM5N2M1ZmE4ZjU5MzYxZWRlOTczOGNjNGZjMTZlZDkyN2JlZTJh
35101    ,Slip On Vans Classic Slip On black/formula one checker 11.0,The Ferrari in the slip on world in a cool Formula 1 checkered pattern. with waffle rubber sole for grip and Canvas upper.                                                                                                                                                                ,28.31  ,shoes|Vans|230000                      ,https://ec2-3-17-109-117.us-east-2.compute.amazonaws.com:9002/medias/?context=bWFzdGVyfGltYWdlc3w4NTI4fGltYWdlL2pwZWd8YVcxaFoyVnpMMmczTnk5b1pEY3ZPRGM1TmpZMU5EUTJPVEUxTUM1cWNHY3w2YTAwOGJiODc5NjczMWVlMDhhOTNmZWFiODM5N2M1ZmE4ZjU5MzYxZWRlOTczOGNjNGZjMTZlZDkyN2JlZTJh
35102    ,Slip On Vans Classic Slip On black/formula one checker 12.0,The Ferrari in the slip on world in a cool Formula 1 checkered pattern. with waffle rubber sole for grip and Canvas upper.                                                                                                                                                                ,20.21  ,shoes|Vans|230000                      ,https://ec2-3-17-109-117.us-east-2.compute.amazonaws.com:9002/medias/?context=bWFzdGVyfGltYWdlc3w4NTI4fGltYWdlL2pwZWd8YVcxaFoyVnpMMmczTnk5b1pEY3ZPRGM1TmpZMU5EUTJPVEUxTUM1cWNHY3w2YTAwOGJiODc5NjczMWVlMDhhOTNmZWFiODM5N2M1ZmE4ZjU5MzYxZWRlOTczOGNjNGZjMTZlZDkyN2JlZTJh
35104    ,Slip On Vans Classic Slip On black/formula one checker 8.5 ,The Ferrari in the slip on world in a cool Formula 1 checkered pattern. with waffle rubber sole for grip and Canvas upper.                                                                                                                                                                ,50.96  ,shoes|Vans|230000                      ,https://ec2-3-17-109-117.us-east-2.compute.amazonaws.com:9002/medias/?context=bWFzdGVyfGltYWdlc3w4NTI4fGltYWdlL2pwZWd8YVcxaFoyVnpMMmczTnk5b1pEY3ZPRGM1TmpZMU5EUTJPVEUxTUM1cWNHY3w2YTAwOGJiODc5NjczMWVlMDhhOTNmZWFiODM5N2M1ZmE4ZjU5MzYxZWRlOTczOGNjNGZjMTZlZDkyN2JlZTJh
35105    ,Slip On Vans Classic Slip On black/formula one checker 9.0 ,The Ferrari in the slip on world in a cool Formula 1 checkered pattern. with waffle rubber sole for grip and Canvas upper.                                                                                                                                                                ,50.96  ,shoes|Vans|230000                      ,https://ec2-3-17-109-117.us-east-2.compute.amazonaws.com:9002/medias/?context=bWFzdGVyfGltYWdlc3w4NTI4fGltYWdlL2pwZWd8YVcxaFoyVnpMMmczTnk5b1pEY3ZPRGM1TmpZMU5EUTJPVEUxTUM1cWNHY3w2YTAwOGJiODc5NjczMWVlMDhhOTNmZWFiODM5N2M1ZmE4ZjU5MzYxZWRlOTczOGNjNGZjMTZlZDkyN2JlZTJh
35106    ,Slip On Vans Classic Slip On black/formula one checker 9.5 ,The Ferrari in the slip on world in a cool Formula 1 checkered pattern. with waffle rubber sole for grip and Canvas upper.                                                                                                                                                                ,50.96  ,shoes|Vans|230000                      ,https://ec2-3-17-109-117.us-east-2.compute.amazonaws.com:9002/medias/?context=bWFzdGVyfGltYWdlc3w4NTI4fGltYWdlL2pwZWd8YVcxaFoyVnpMMmczTnk5b1pEY3ZPRGM1TmpZMU5EUTJPVEUxTUM1cWNHY3w2YTAwOGJiODc5NjczMWVlMDhhOTNmZWFiODM5N2M1ZmE4ZjU5MzYxZWRlOTczOGNjNGZjMTZlZDkyN2JlZTJh
35135    ,Slip On Vans Classic Slip On black/formula one checker 8.0 ,The Ferrari in the slip on world in a cool Formula 1 checkered pattern. with waffle rubber sole for grip and Canvas upper.                                                                                                                                                                ,50.96  ,shoes|Vans|230000                      ,https://ec2-3-17-109-117.us-east-2.compute.amazonaws.com:9002/medias/?context=bWFzdGVyfGltYWdlc3w4NTI4fGltYWdlL2pwZWd8YVcxaFoyVnpMMmczTnk5b1pEY3ZPRGM1TmpZMU5EUTJPVEUxTUM1cWNHY3w2YTAwOGJiODc5NjczMWVlMDhhOTNmZWFiODM5N2M1ZmE4ZjU5MzYxZWRlOTczOGNjNGZjMTZlZDkyN2JlZTJh
300399834,5 Pocket Freedom Pant burnt greens M                       ,Medium-sized pants in a distinctive burnt green shade                                                                                                                                                                                                                                     ,50.96  ,Special Blend|snow|190300              ,https://ec2-3-17-109-117.us-east-2.compute.amazonaws.com:9002/medias/?context=bWFzdGVyfGltYWdlc3wxNjIxMnxpbWFnZS9qcGVnfGFXMWhaMlZ6TDJnNU1pOW9abVV2T0RjNU5qYzJOalkyTmpjNE1pNXFjR2N8ODRmMjYyZWVkN2QxMzE5MzllODE2YWE3OThiOTk1NTVkMWViNTY0ZDFlNTk0OTAyYWVhYjM2Njg1YTE1M2E0OQ
300410422,Sludge Jacket youth col mustard colorblock XL              ,Sludge Jacket youth col mustard colorblock XL                                                                                                                                                                                                                                             ,50.96  ,snow|kids|330100|Burton                ,https://ec2-3-17-109-117.us-east-2.compute.amazonaws.com:9002/medias/?context=bWFzdGVyfGltYWdlc3wyMTQ1MnxpbWFnZS9qcGVnfGFXMWhaMlZ6TDJoa09DOW9PVGt2T0RjNU5qYzNOVEU0TmpRMk1pNXFjR2N8ZThiNjFjOGQ2NDg5MjFhNDY4MTRlYTg3ZTI2NThhYzBkMTY0ZDQxMzhkZTgwZjdhMTNjMDEzOGM4MTkyMGIxYg
300464995,Nightlife T-Shirt Women violet M                           ,A vibrant violet t-shirt designed for women in medium size                                                                                                                                                                                                                                ,50.96  ,Horsefeathers|streetwear|260100        ,https://ec2-3-17-109-117.us-east-2.compute.amazonaws.com:9002/medias/?context=bWFzdGVyfGltYWdlc3wxMTMyNXxpbWFnZS9qcGVnfGFXMWhaMlZ6TDJoa1ppOW9NR1V2T0RjNU5qZzJNRE00TXpJMk1pNXFjR2N8YjlkNDc0YjliMThlZGY4ZjhjOWMxNDUwYTIxYmVjMTI4YTFhMGViMmQ2MTQyNmE1OTk1MTRiMDQ5NGYzMDRjOQ
300608392,I Love Tee SS Women grey heather M                         ,The I Love t-shirt by Billabong got an awesome I Love Billabong Print.                                                                                                                                                                                                                    ,97.16  ,Billabong|streetwear|260100            ,https://ec2-3-17-109-117.us-east-2.compute.amazonaws.com:9002/medias/?context=bWFzdGVyfGltYWdlc3wyMTc0MXxpbWFnZS9qcGVnfGFXMWhaMlZ6TDJnMk5TOW9NVFV2T0RjNU5qazFNall5TlRFNE1pNXFjR2N8MzVmNzlhY2Y1M2JlNTliNThmZjNkMTA0MDU5MDA5MzAxNWZjNTA2NjE0YzdhODQxODAxYzg3NzcwZGJjMDMyNA
300659388,HD Hero2 Outdoor Edition uni Uni                           ,GoPro cameras are used by more professional athletes                                                                                                                                                                                                                                      ,68.81  ,222000|GoPro Cam                       ,https://ec2-3-17-109-117.us-east-2.compute.amazonaws.com:9002/medias/?context=bWFzdGVyfGltYWdlc3wyNzAzOHxpbWFnZS9qcGVnfGFXMWhaMlZ6TDJnM055OW9PVFV2T0RjNU5qY3lOek0wTlRFNE1pNXFjR2N8YWU0YjZmZWUwODdhNDU2YmFkZDcxNjJkYTUyMTAwMDI4Y2RjMjI4Zjc3NjMzM2Q4MjFjZGQ1ZTlmOTNmNDEzYg
300738204,Skull 80 SS youth navy S                                   ,The Skull 80 t-shirt by Billabong got a funky front print.                                                                                                                                                                                                                                ,64.76  ,Billabong|kids|streetwear|270100       ,https://ec2-3-17-109-117.us-east-2.compute.amazonaws.com:9002/medias/?context=bWFzdGVyfGltYWdlc3wxODkwMnxpbWFnZS9qcGVnfGFXMWhaMlZ6TDJoak1pOW9Nek12T0RjNU5qZzNOemMxTURNd01pNXFjR2N8OTI5NmQ4MzFkMDNjNWI4ZmUxMjlhZGJlYjU1YzZmMDlhN2JiMGMwYTA5MWI3ZmNhMmFkNDhmYWRjNWVjOWEwNw
300772559,Del Chaos Tee SS Youth white L                             ,Great standart fit tee by DC with eyecatching logo print on the front: The Delivering Chaos shirt. Unbeatable.                                                                                                                                                                            ,24.26  ,DC|kids|streetwear|270100              ,https://ec2-3-17-109-117.us-east-2.compute.amazonaws.com:9002/medias/?context=bWFzdGVyfGltYWdlc3wzMDU3NXxpbWFnZS9qcGVnfGFXMWhaMlZ6TDJoaU1TOW9ZbUV2T0RjNU5qZzROVEk0TmprME1pNXFjR2N8Y2M1MmQ4ZDEyOTdmNzFlOGM4YWZlYTEwNjUwMmMwYTVlYTc5MjViOTBlZmEyZjAxNWNiNDdmMWYzOWRiMWY1MA
                                                                                                                                                                                                                                                                                                                                                                
                                                                                                                                                                                                                                                                                                                                                                