PRODUCT_ID,PRODUCT_NAME,SUMMARY,PRICE,CATEGORY_IDS,IMAGE_URL
94474    ,Trench Coat												 ,A timeless and elegant trench coat																																																														,650    ,HypPerCategory|260400					,/static/product_images/94474.jpg
97602    ,Leather Jacket                                             ,A classic leather jacket that offers a stylish and edgy look                                                                                                                                                                                                                              ,999    ,HypPerCategory|250400                  ,/static/product_images/97602.jpg
300614711   ,Black Newyork Cap                                          ,Minimalist and bold                                                                                                                                                                                                                                                                       ,50     ,HypPerCategory                         ,/static/product_images/300614711.jpg
100124   ,Panorama Pants Women                                       , Show everyone what a nice figure you have. Now it's even possible when you go snowboarding                                                                                                                                                                                               ,153.860,260900|streetwear|Nikita               ,/static/product_images/100124.jpg
100191   ,Beacon Jacket                                              , Who can say no to fresh roast bacon?! Then you should also say Yes to the Beacon Jacket by Armada. This jacket doesn't only has style but also super features                                                                                                                            ,101.21 ,Armada|snow|190100                     ,/static/product_images/100191.jpg
100378   ,Machete 158 11/12                                          , Rock out with your pop out! The award-winning Machete by Ride comes with Pop-Rods® 1.0.                                                                                                                                                                                                  ,275.36 ,10100|Ride|snow                        ,/static/product_images/100378.jpg
100402   ,Seizure Bag                                                , No chance that Billabong forgets about the classic among their bags. Therefore the Seizure bag is again part of the collection                                                                                                                                                           ,24.26  ,Billabong|streetwear|160700            ,/static/product_images/100402.jpg
100744   ,Ace Straight Pant Women                                    , Chic and comfy! The Ace pant by DC comes with subtle cargo pockets and in a clean design. It is ready for anything you throw at her and the added 40g insulation will keep you warmer in colder climates.                                                                                ,89.06  ,DC|snow|200300                         ,/static/product_images/100744.jpg
100746   ,Anzere Pant Women                                          , Best of the best for all weather conditions. DC's Anzere pant for women is an amazing piece in a cool design and with cargo pockets.                                                                                                                                                     ,113.36 ,DC|snow|200300                         ,/static/product_images/100746.jpg
100988   ,Cascata Beanie                                             , Reversible plus a visor! This is the Cascata Beanie by DC! 100% Acrylic                                                                                                                                                                                                                  ,28.31  ,DC|220500                              ,/static/product_images/100988.jpg
101580   ,Tone 153 11/12                                             , DC's most versatile board ever                                                                                                                                                                                                                                                           ,226.76 ,DC|snow|10100                          ,/static/product_images/101580.jpg
102153   ,AC Trefoil Shop Bag white                                  , You can store your shopping or your favourite belongings for every day use into the adidas AC Trefoil Shop bag.                                                                                                                                                                          ,1.98   ,adidas Originals|streetwear|160400     ,/static/product_images/102153.jpg
102277   ,Trace Helm                                                 , You could say you never bail and we could say you never try. For those who go for it on a daily basis                                                                                                                                                                                    ,40.46  ,450100|Red|snow                        ,/static/product_images/102277.jpg
102278   ,Trace Grom Helm youth                                      , Made for the preschool ripper that puts you to shame                                                                                                                                                                                                                                     ,32.36  ,450200|Red|kids                        ,/static/product_images/102278.jpg
102284   ,Tracker Insulated Jacket Youth                             , Let it storm children!<br /><br />The youth know. They hike past legs twice their length in pursuit of visions that rip them from sleep.                                                                                                                                                 ,97.16  ,Volcom|snow|kids|330100                ,/static/product_images/102284.jpg
103088   ,New Standard SS                                            , Set a new standard with the trendy Standard tee by Volcom. 100% Cotton                                                                                                                                                                                                                   ,20.21  ,Volcom|streetwear|250100               ,/static/product_images/103088.jpg
103151   ,Transplant Flexfit Cap                                     , A trendy Volcom Stone logo on the Transplant Flexfit cap. 98% Cotton 2% Spandex                                                                                                                                                                                                          ,24.26  ,Volcom|220600                          ,/static/product_images/103151.jpg
103335   ,Kelly Jacket Women                                         , The Kelly Jacket by WLD is a top cut jacket for all the girls out there                                                                                                                                                                                                                  ,80.95  ,200100|WLD|snow                        ,/static/product_images/103335.jpg
103410   ,Last Mission Jacket                                        , This is the Quiksilver classic and it always presents itself in a new outfit. Even if you thought you have seen them all you will always find a new one. The Last Mission Jacket presents itself in new colours                                                                          ,64.7600,190100|Quiksilver|snow                 ,/static/product_images/103410.jpg
104176   ,Nightlife T-Shirt Women                                    , Features:<br /><br /> <br />+ 50% COTTON                                                                                                                                                                                                                                                 ,64.7600,260100|streetwear|Horsefeathers        ,/static/product_images/104176.jpg
104396   ,BT Shopping Bag                                            , Not just for shopping. You can also use the BT Shopping bag for the beach or something else. 100% Polyester                                                                                                                                                                              ,1.58   ,Blue Tomato|streetwear|160700          ,/static/product_images/104396.jpg
104485   ,Dream Team II Skate Backpack                               , You have already found your Dream Team concerning your Skate career… only a backpack is missing. Well then the Dream Team II Backpack by Skullcandy is the solution for you! It has skate straps                                                                                         ,60.71  ,160300|Skullcandy|streetwear           ,/static/product_images/104485.jpg
104668   ,The Reservoir Beanie                                       ," You will not find a more typical Beanie for Elm than the Reservoir Beanie. This beanie really has the Elm Fit"". 100% Acrylic""                                                                                                                                                        ",14.54  ,220500|Elm                             ,/static/product_images/104668.jpg
104905   ,Kyrpton Rampage 11/12                                      , One of the most popular Freestyle boots in the world. The Krypton Rampage is a World Class performer developed specifically for all around the mountain versatility and performance.                                                                                                     ,242.96 ,110600|Dalbello                        ,/static/product_images/104905.jpg
105977   ,The Life Beanie                                            , Live you life… or something like that could have been the motto for the invention of the Life Beanie. Casual beanie with embroidered logo by Landing. 100% Acrylic                                                                                                                       ,15.35  ,Landing|220500                         ,/static/product_images/105977.jpg
105979   ,The Stripee Fresh Beanie                                   , You will always attract attention with this great beanie. The Stripee Fresh Beanie by Landing with trendy stripes and logo embroidery at front. 100% Acrylic                                                                                                                             ,26.69  ,220500|Landing                         ,/static/product_images/105979.jpg
107728   ,Score Mini Stripe Jacket youth                             , Sessions Score Mini Stripe Jacket                                                                                                                                                                                                                                                        ,97.16  ,Sessions|snow|kids|330100              ,/static/product_images/107728.jpg
108295	 ,Respect 164 11/12											 ,Featuring Variorocker and V-Tail for the big days on big mountains it will make you appreciate the surfy feel of this innovative concept																																					,291.56 ,F2-FTWO|snow|10100                     ,/static/product_images/108295.jpg
108803   ,Multilogo Good Looking SS Women                            , Unbelievable, but true! The Multilogo Good Looking T-Shirt by Roxy will get all eyes on you																																																,17.78	,260100|streetwear|Roxy                 
110839   ,Team 153 11/12                                             ," The Team line stands for Ästhetikers standards of hight quality woodcore snowboards produced in the Alps! A fair trÄde"" board featuring everything you need for a perfect day at your favourite spot																						",178.00	,10100|Aesthetiker|snow         ,/static/product_images/110839.jpg
111114   ,Biarritz Women                                             , Stylish watch with cool Roxy design!                                                                                                                                                                                                                                                     ,291.56 ,Roxy|370700                            ,/static/product_images/111114.jpg
115117   ,Vintage 86 blue havana striped                             , The Nike Vintage 86 is a highlight among the Vintage sunglasses                                                                                                                                                                                                                          ,17.78  ,Nike|210100                            ,/static/product_images/115117.jpg
115118   ,Vintage 88 black havana                                    , The Nike Vintage 88 combines an old school look with up to date design. The multiple layers of colours and the authentic hinge construction                                                                                                                                              ,178.16 ,Nike|210100                            ,/static/product_images/115118.jpg
115195   ,The Dial Women                                             , The Nixon The Dial watch is every girl's dream!                                                                                                                                                                                                                                          ,80.9599,370700|Nixon                           ,/static/product_images/115195.jpg
115202   ,The Player                                                 , The Nixon Player watch combines magnificant steel with style and diamonds! A mixture women can't resist!                                                                                                                                                                                 ,72.86  ,340000|Nixon                           ,/static/product_images/115202.jpg
115755   ,Ekeel 6.3 G/O Fish                                         , The new traditional fish design developed exclusively with Joe Curren. The Even Keel by Al Merrick comes standard with double foil wood keel fins and 6+6/4 layups that achieve ideal swing weight and momentum through turns. Joe’s board of choice over 50% of the time                ,72.86  ,Al Merrick|surf|350100                 ,/static/product_images/115755.jpg
117080   ,Monster SS Youth Girls                                     , Girls This one on the new Blue Tomato Monster t-shirt for specially for girls                                                                                                                                                                                                            ,56.66  ,Blue Tomato|kids|streetwear|270100     ,/static/product_images/117080.jpg
117204   ,BT Contrast Cap                                            , The Blue Tomato Contrast cap is the one piece missing in your wardrobe. 97% Cotton 3% spandex                                                                                                                                                                                            ,210.56 ,Blue Tomato|220600                     ,/static/product_images/117204.jpg
117205   ,BT Full Splatter Cap                                       , The Blue Tomato Full Splatter Cap brings the missing style points. 97% cotton 3% spandex                                                                                                                                                                                                 ,720.86 ,Blue Tomato|220600                     ,/static/product_images/117205.jpg
117210   ,Faded Droid Cap                                            , The droid. Faded Cap let you never fade away. 97% Cotton 3% spandex                                                                                                                                                                                                                      ,12.92  ,droid|220600                           ,/static/product_images/117210.jpg
117211   ,Easy Beanie                                                , The droid. Easy Beanie - keeps your head warm easily. 100% acrylic                                                                                                                                                                                                                       ,11.3   ,220500|droid                           ,/static/product_images/117211.jpg
117452   ,X8CH 154.5 11/12                                           , Snappiest rocker on offer.<br /><br />Focus the aggressive power of Camber beneath the feet and you get the X8 with Camber Humps                                                                                                                                                         ,11.3   ,10100|Burton|snow                      ,/static/product_images/117452.jpg
117896   ,Acid SS                                                    , The Acid t-shirt by Quiksilver got an unique look for you due to the washing. 100% Organic Cotton                                                                                                                                                                                        ,11.3   ,Quiksilver|streetwear|250100           ,/static/product_images/117896.jpg
117900   ,Ginga Cap                                                  , The Ginga Cap by Quiksilver won't only protect you from the sun                                                                                                                                                                                                                          ,16.16  ,Quiksilver|220600                      ,/static/product_images/117900.jpg
117909   ,Handshake Belt                                             , You can wear the Handshake Belt by Quiksilver to every outfit. 100% PU                                                                                                                                                                                                                   ,307.76 ,251100|Quiksilver|streetwear           ,/static/product_images/117909.jpg
117911   ,Granda Belt                                                , The Granda Belt by Quiksilver is an awesome leather belt that fits to every outfit. 100% Leather                                                                                                                                                                                         ,28.31  ,Quiksilver|streetwear|251100           ,/static/product_images/117911.jpg
118174   ,Sixo Cargo Short                                           , No sweat! Wear the cool Sixo Cargo Shorts by Nike and you'll look great wherever you go. 100% cotton                                                                                                                                                                                     ,28.31  ,Nike 6.0|streetwear|250600             ,/static/product_images/118174.jpg
118313   ,Star SS                                                    , The Star Standard fit t-shirt with DC logo print. A definite winner. 100% Cotton                                                                                                                                                                                                         ,28.31  ,250100|DC|streetwear                   ,/static/product_images/118313.jpg
118514   ,Avionics Shades Black                                      , The Avionics Shades Black by Vans aren't just for pilots! But they still give you that ultra-cool look on every Party. 100% brass frame / 20% cellulose acetate                                                                                                                          ,40.46  ,210100|Vans                            ,/static/product_images/118514.jpg
118591   ,Frickin Too Short 22''                                     , When you think of chino's                                                                                                                                                                                                                                                                ,44.51  ,250600|Volcom|streetwear               ,/static/product_images/118591.jpg
118603   ,Laundry Chino Short                                        , You don't want to put the Laundry Chino Pant by Volcom in the laundry because you can't wear it at this time. 100% Cotton                                                                                                                                                                ,28.31  ,250600|Volcom|streetwear               ,/static/product_images/118603.jpg
118693   ,Secret Spot Belt Women                                     , Roxy's Secret Spot Belt is a printed cotton belt with metal roller buckle with Roxy enamelling.                                                                                                                                                                                          ,14.54  ,Roxy|370900                            ,/static/product_images/118693.jpg
118720   ,Bene Women                                                 ," Roxy's Bene are simple but classy sandals for every day. <font size=4"">Sizes are EU</font>""                                                                                                                                                                                          ",40.46  ,Roxy|400300                            ,/static/product_images/118720.jpg
118833   ,Purma Backpack                                             , The Purma Backpack by Volcom offers great organization and storage for your everday needs! Main compartment features roomy interior to accommodate your books                                                                                                                            ,52.61  ,160300|streetwear|Volcom               ,/static/product_images/118833.jpg
118859   ,Assortment Web Belt                                        , The Assortment Web Belt by Volcom is a cotton webbbing belt with a metal bottle opener buckle. 100% Polyester                                                                                                                                                                            ,20.21  ,streetwear|251100|Volcom               ,/static/product_images/118859.jpg
118871   ,Maguro Pu Belt                                             , Another stylish belt with a Maguro design and logo embroidery. 100% polyurethane.                                                                                                                                                                                                        ,20.21  ,streetwear|251100|Volcom               ,/static/product_images/118871.jpg
118879   ,Incision Leather Belt                                      , The Incision Leather Belt by Volcom will change your life. 100% Leather                                                                                                                                                                                                                  ,56.66  ,streetwear|251100|Volcom               ,/static/product_images/118879.jpg
118893   ,I Love Tee SS Women                                        , The I Love t-shirt by Billabong got an awesome I Love Billabong Print. 50% Cotton                                                                                                                                                                                                        ,20.21  ,260100|Billabong|streetwear            ,/static/product_images/118893.jpg
118894   ,Lola Tee SS Women                                          , The Lola Tee by Billabong got an awesome front print. 50% Cotton                                                                                                                                                                                                                         ,24.26  ,Billabong|streetwear|260100            ,/static/product_images/118894.jpg
118899   ,Maguro Print Boardshort Youth                              , Jump in the waves! Nothing can stop you in these cool Maguro boardshorts by Volcom. All-over print and logo embroidery. 100% polyester                                                                                                                                                   ,40.46  ,Volcom|kids|streetwear|270600          ,/static/product_images/118899.jpg
121832   ,Strybal Scoop Tee SS Women                                 , The Strybal Scoop Tee is a super nice printed Volcom Tee. 100% Cotton                                                                                                                                                                                                                    ,24.26  ,260100|Volcom|streetwear               ,/static/product_images/121832.jpg
121868   ,Strybal Dress Women                                        , The Strybal Drss by Volcom is a super nice Dress with an awesome all over print. 100% Cotton                                                                                                                                                                                             ,24.26  ,260700|Volcom|streetwear               ,/static/product_images/121868.jpg
121939   ,Forever Creedlers Women                                    ," You never wanted to wear your shoes forever? The Forever Sandals by Volcom will be the first pair you want to wear forever. 75% Polyurethane 25% Molded EVA<font size=4"">Sizes are <strong><u>US</u></strong></font>""                                                                ",40.46  ,400300|Volcom                          ,/static/product_images/121939.jpg
121941   ,Rocking 2 Creedlers Women                                  ," The Rocking 2 Women are comfortable sandals with EVA footbed and EVA outsole. Volcom knows how to make you feel comfortable. <font size=4"">Sizes are <strong><u>US</u></strong></font>""                                                                                              ",28.31  ,Volcom|400300                          ,/static/product_images/121941.jpg
121942   ,Rocking 2 Creedlers Women                                  ," You wanna rock the next beachparty? Try the Rocking 2 Sandals by Volcom. 70% Molded EVA 30% TPR<font size=4"">Sizes are <strong><u>US</u></strong></font>""                                                                                                                            ",44.51  ,400300|Volcom                          ,/static/product_images/121942.jpg
122041   ,Pledge Short                                               , The lumberjack look isn't restricted to shirts - the Pledge plaid shorts by Element look just as awesome! 100% cotton                                                                                                                                                                    ,24.26  ,Element|streetwear|250600              ,/static/product_images/122041.jpg
122059   ,Eat                                                        , Sleep Dream SS F, Eat sleep, dream! What more could you ask for? Follow your passion with the stylish Eat, Sleep Dream T-shirt by Element!                                                                                                                                               
122072   ,Element Flat Cap                                           , Non-adjustable cap by Element. The Flat Cap is a casual and nice cap with an athletic flavour. 100% Cotton                                                                                                                                                                               ,14.54  ,Element|220600                         ,/static/product_images/122072.jpg
122074   ,El Moro Hat                                                , You will always look awesome and chic with the EL Moro Hat by Element                                                                                                                                                                                                                    ,48.56  ,Element|220600                         ,/static/product_images/122074.jpg
122233   ,Nava-Roll the World Beach Tote Women                       , The Nava-Roll The World Beach Tote by Vans got a cute cat print with plastic goggly eye detail. 100% Cotton Canvas                                                                                                                                                                       ,28.31  ,Vans|streetwear|160400                 ,/static/product_images/122233.jpg
122312   ,System Tee SS                                              , The System SS is a standard longsleeve with Billabong lettering and logo. 100% Cotton                                                                                                                                                                                                    ,24.26  ,250100|streetwear|Billabong            ,/static/product_images/122312.jpg
122320   ,Eclipse Tee SS                                             , The Eclipse t-shirt by Billabong got an awesome Logo Print. 100% Cotton                                                                                                                                                                                                                  ,36.4099,250100|Billabong|streetwear            ,/static/product_images/122320.jpg
122321   ,Quad Tee SS                                                , The Quad t-shirt by Billabong got a nice softhand front photoprint. 100% Cotton                                                                                                                                                                                                          ,16.16  ,Billabong|streetwear|250100            ,/static/product_images/122321.jpg
122333   ,Because Tee SS                                             , The Because t-shirt by Billabong don't need a reason to look awesome. 100% Cotton                                                                                                                                                                                                        ,21.83  ,streetwear|Billabong                   ,/static/product_images/122333.jpg
122340   ,Jackson Tee SS                                             , The Jackson t-shirt by Billabong got an awesome vintage softhand print. 12                                                                                                                                                                                                               ,24.26  ,Billabong|streetwear|250100            ,/static/product_images/122340.jpg
122379   ,Seizure Satchel                                            , No chance that Billabong forgets about the classic among their bags. Therefore the Seizure bag is again part of the collection                                                                                                                                                           ,24.26  ,160700|Billabong|streetwear            ,/static/product_images/122379.jpg
122394   ,Boxed Out Boardshort youth                                 , The Boxed Out Boardshort by Billabong got a nice square print. 100% Polyester                                                                                                                                                                                                            ,25.90 ',270600|kids|Billabong|streetwear       ,/static/product_images/122394.jpg
122405   ,Eclipse SS youth                                           , The Eclipse t-shirt by Billabong got an awesome Logo Print. 100% Cotton                                                                                                                                                                                                                  ,30.74  ,270100|kids|streetwear|Billabong       ,/static/product_images/122405.jpg
122409   ,Asterisk SS youth                                          , The Asterisk t-shirt by Billabong got an awesome Photoprint. 100% Cotton                                                                                                                                                                                                                 ,34.79  ,Billabong|kids|streetwear|270100       ,/static/product_images/122409.jpg
122410   ,Thort SS youth                                             , The Thort t-shirt by Billabong got an awesome front skate photoprint. 100% Cotton                                                                                                                                                                                                        ,44.51  ,Billabong|kids|streetwear|270100       ,/static/product_images/122410.jpg
122412   ,Skull 80 SS youth                                          , The Skull 80 t-shirt by Billabong got a funky front print. 100% Cotton                                                                                                                                                                                                                   ,18.59  ,Billabong|kids|streetwear|270100       ,/static/product_images/122412.jpg
122447   ,Up Country Floral Dress Women                              , A summer's dream! Super cute dress with a flowery print and puffy sleeves                                                                                                                                                                                                                ,20.21  ,Quiksilver|streetwear|260700           ,/static/product_images/122447.jpg
122459   ,Gusty Tote Ball Bag Women                                  , The Gusty Tote Ball Bag Women by Quiksilver won't let you down. Light beach bag for trips to the Oceanside or a shopping tour. 100% Cotton                                                                                                                                               ,20.21  ,160400|Quiksilver|streetwear           ,/static/product_images/122459.jpg
122461   ,Wind Jammer Tote Beach Bag Women                           , Using the Wind Jammer Tote Beach Bag by Quiksilver you can cary everything you need with you. 100% Polyester                                                                                                                                                                             ,20.21  ,Quiksilver|streetwear|160400           ,/static/product_images/122461.jpg
122670   ,Enterprize Cap                                             , You can´t miss the big and aggressive logo print of the Enterprize cap from Fox and also it does not do things by halves. 72% cotton 25% polyester 3% Elastane                                                                                                                           ,60.71  ,220600|Fox                             ,/static/product_images/122670.jpg
122723   ,Override Reversible Belt Women                             , A big metal Fox head use to be the belt buckle and so the Override Reversible belt looks on the one hand heavy and on the other hand dressy. 100% polyurethan                                                                                                                            ,32.36  ,Fox                                    ,/static/product_images/122723.jpg
122784   ,Overlay Cushion Women                                      ," Make your walk to the beach something special with the Overlay Cushion sandals by Reef. Zebra-patterned straps and memory EVA footbed. Synthetic/Satin<font size=4"">Sizes are <strong><u>US</u></strong></font>""                                                                     ",36.4099,Reef|400300                            ,/static/product_images/122784.jpg
122800   ,Solo Parenth SS                                            , The Solo Parenth T-Shirt by Alien Workshop looks super spacey! 100% cotton                                                                                                                                                                                                               ,28.31  ,Alien Workshop|streetwear|250100       ,/static/product_images/122800.jpg
122811   ,Her Logo SS Women                                          , Simplicity is the key! The Burton Her Logo Women t-shirtis the best example.                                                                                                                                                                                                             ,370900 ,Burton|streetwear|260100               ,/static/product_images/122811.jpg
123759   ,Rollercoaster SS                                           , Life is a rollercoaster! Especially with the Carhartt Rollercoaster T-Shirt. Featuring a graphic print by Playarea and a Carhartt sports label on the hem. 100% cotton single jersey                                                                                                     ,28.31  ,Carhartt|streetwear|250100             ,/static/product_images/123759.jpg
123922   ,Bike Bones SS Youth                                        , The Bike Bones Youth t-shirt by Quiksilver is not just a regular t-shirt. It's the ultimate allrounder to make sure you always look amazing! 100% Cotton                                                                                                                                 ,22.64  ,kids|Quiksilver|streetwear             ,/static/product_images/123922.jpg
123970   ,Baby II Bag Women                                          , The Baby II Bag by Element simply has it all. Practical size with a large main compartment and a smaller inner compartment                                                                                                                                                               ,21.83  ,Element|streetwear|160400              ,/static/product_images/123970.jpg
124267   ,Airline Bag                                                , The adidas Originals Airline Bag brings back a classic midsize travel bag design from the archives.                                                                                                                                                                                      ,28.31  ,adidas Originals|streetwear|160300     ,/static/product_images/124267.jpg
124693   ,Rachel Women                                               , The Rachel Handbag by Dakine is perfect for shopping trips and nights out.                                                                                                                                                                                                               ,27.09 ',Dakine|streetwear|160400               ,/static/product_images/124693.jpg
129704   ,The Lodown                                                 , The Nixon Lodown watch is the perfect surf guide.                                                                                                                                                                                                                                        ,28.31  ,340000|Nixon                           ,/static/product_images/129704.jpg
129707   ,The Private                                                , The Private by Nixon is plain but equipped with high-end engineering and materials.                                                                                                                                                                                                      ,40.46  ,340000|Nixon                           ,/static/product_images/129707.jpg
130663   ,HD Hero2 Outdoor Edition                                   , GoPro cameras are used by more professional athletes                                                                                                                                                                                                                                     ,36.4099,222000|GoPro Cam                       ,/static/product_images/130663.jpg
132042   ,Tassara Pants Girls Youth                                  , The Tassara Youth Girl is the perfect all-around snow pant                                                                                                                                                                                                                               ,105.26 ,Orage|snow|kids|330700                 ,/static/product_images/132042.jpg
132871   ,Limited Jacket                                             , The perfect set up to reach your next freeriding level Further Improvements in performance and functionality ensures a perfect and dry ride in any freeride conditions. The “Limited” jacker supports your own way.                                                                      ,137.66 ,PYUA|snow|190100                       ,/static/product_images/132871.jpg
135304   ,Thermo Cork                                                , Polishing cork for polishing rub-on paste or liquid wax Perfect for working with 100% fluorinated top finish products                                                                                                                                                                    ,283.459,Toko|100200                            ,/static/product_images/135304.jpg
138966   ,Flow Tee SS Youth                                          , Just go with the flow and well dressed with the Flow t-shirt by Burton.                                                                                                                                                                                                                  ,80.9599,Burton|kids|streetwear|270100          ,/static/product_images/138966.jpg
144862   ,Del Chaos Tee SS Youth                                     , Great standart fit tee by DC with eyecatching logo print on the front: The Delivering Chaos shirt. Unbeatable. 100% cotton                                                                                                                                                               ,485.96 ,DC|kids|streetwear|270100              ,/static/product_images/144862.jpg
21618    ,Base Brush Combi Nylon/Copper                              , An economical brush option of 1/2 nylon and 1/2 copper.                                                                                                                                                                                                                                  ,4.82   ,Toko|100200                            ,/static/product_images/21618.jpg
29160    ,The Rotolog                                                , Stylish noble and a unusual movement.                                                                                                                                                                                                                                                    ,18.59  ,340000|Nixon                           ,/static/product_images/29160.jpg
29531    ,Snowboard Ski Tool Toko Side Edge Angle Pro 88 Grad        ,For fitting the files to the blade angle and to the Precision Base File Control.                                                                                                                                                                                                          ,20.21  ,Toko|skigear|snow|100200               ,/static/product_images/29531.jpg
29532    ,Snowboard Ski Tool Toko Side Edge Tuning Angle Pro 87 Grad ,Negative side and blade angle for professional blade tuning. The tool used by alpine World Cup pros.                                                                                                                                                                                      ,12.92  ,skigear|Toko|snow|100200               ,/static/product_images/29532.jpg
29867    ,Wayne Lynch 6.3                                            ,For delivery-costs outside EU please contact our customerservice at: info@blue-tomato.at <br /><br />6                                                                                                                                                                                    ,242.96 ,350100|surf|Surftech                   ,/static/product_images/29867.jpg
300013358,Snowboard Ski Tool Red FBI 6                               ,A pit crew for your pocket.                                                                                                                                                                                                                                                               ,21.21  ,Red|tools|100200|snow                  ,/static/product_images/300013358.jpg
300015407,Shades Von Zipper Fernstein gold moss gradient             ,The signature Von Zipper eyepiece is the living example that it is your god given right to stand up and scream your individuality at the top of your lungs.                                                                                                                               ,21.21  ,sunglasses|Von Zipper                  ,/static/product_images/300015407.jpg
300020294,Shade Accessories Spy Omega Lens persimmon                 ,Replacement lens for the Omega from Spy/ persimmon                                                                                                                                                                                                                                        ,558.86 ,Spy|goggles                            ,/static/product_images/300020294.jpg
300022349,Wax Toko S3 Hydro Carbon 60g blue                          ,Very hard friction resistant hydrocarbon wax for extremely cold aggressive conditions. For all disciplines. 60 gramm                                                                                                                                                                      ,16.96  ,skigear|Toko|snow|100200               ,/static/product_images/300022349.jpg
300022356,Snowboard Ski Tool Toko Ergo Speed Top 88°/89°             ,Small handy tool for the preparing stages of the sidecute edges.Rotatable file discs with a lock mechanism provide for a 100% usable file material.Ideal also for on the way.                                                                                                             ,76.4599,skigear|Toko|snow|100200               ,/static/product_images/300022356.jpg
300024964,Shades Fox The Median polished black warm grey             ,Styli sun glasses in black.                                                                                                                                                                                                                                                               ,19.5100,sunglasses|Fox|210100                  ,/static/product_images/300024964.jpg
300040462,Shades Women Roxy Carla roxy black grey                    ,Classic Vans Old Skool in a black colourway.                                                                                                                                                                                                                                              ,33.5900,Roxy|sunglasses|210100                 ,/static/product_images/300040462.jpg
300044323,Snowboard Ski Tool Red Basic Kit                           ,BASIC KIT Satisfy your need for speed.  Includes + Zip Tool + Ceramic Stone + Rub-Down Wax + Stash Carry Pouch                                                                                                                                                                            ,29.71  ,tools|Red|snow|100200                  ,/static/product_images/300044323.jpg
300044596,Wax Toko S3 Hydro Carbon 120 g yellow                      ,A soft easy to use hydrocarbon wax for damp and wet snow conditions across the indicated temperature range. For training uses and for the care of stressed and worn coatings.                                                                                                             ,101.11 ,skigear|Toko|snow|100200               ,/static/product_images/300044596.jpg
300044599,Snowboard Ski Tool Toko T8 800 Wachsbügeleisen für Heißwach,Ergonomic Waxiron enables easy waxing in all directions. Precise temperature adjustment from 100°C to 160°C. The extra-strong aluminium pressure cast plate for ideal heat storage has a curved rhomboid structure that improves                                                          ,67.9599,skigear|Toko|snow|100200               ,/static/product_images/300044599.jpg
300044600,Snowboard Ski Tool Toko Multi Base File Control            ,Precision base (hanging) edge tuning tool                                                                                                                                                                                                                                                 ,29.71  ,skigear|Toko|snow|100200               ,/static/product_images/300044600.jpg
300044601,Snowboard Ski Tool Toko Base File Radial                   ,Radial file for working on ski and snowboard bases. For good material removal.                                                                                                                                                                                                            ,42.44  ,skigear|Toko|snow|100200               ,/static/product_images/300044601.jpg
300044617,Shades Anon Convict black fade grey gradient               ,Anon Convict sunglasses in a black fade frame with grey gradient lenses. The Convict offers a medium fit with medium coverage.                                                                                                                                                            ,33.96  ,Anon|210100|sunglasses                 ,/static/product_images/300044617.jpg
300044623,Shades Anon Legion crystal & black grey                    ,Anon Legion Sunglasses in a plaid style.                                                                                                                                                                                                                                                  ,39.06  ,sunglasses|Anon|210100                 ,/static/product_images/300044623.jpg
300044624,Shades Anon Allie brown tortoise brown                     ,Anon built the Allie Sunglasses to last. They combined stainless steel hinges durable acetate frames and scratch-resistant lenses to ensure they can take hard use.                                                                                                                       ,15.26  ,sunglasses|Anon|210100                 ,/static/product_images/300044624.jpg
300045375,Shades Quiksilver Dinero black white red grey              ,The Quiksilver Dinero sunglasses are from Quik's fashion range.These great Quiksilver sunnies provide 100% u.v. protection and an acetate frame.The Dinero shades from Quiksilver have polycarbonate lenses and high quality Italian hinges.                                              ,67.9599,Quiksilver|sunglasses|210100           ,/static/product_images/300045375.jpg
300046043,T-Shirt Men Playboard Flower SS white XL                   ,Classic t-shirt from Playboard with front print                                                                                                                                                                                                                                           ,84.96  ,shirts|Playboard                       ,/static/product_images/300046043.jpg
300046587,Shades Fox The Condition polished black grey               ,Back in action for 07 The Condition brings slick aesthetics and a comfortable fit. Features like the lighweight stress resistant O-Matter Frame with intergrated hinges and metal Fox Head accents.                                                                                       ,67.9599,240100|sunglasses|Fox                  ,/static/product_images/300046587.jpg
300046592,Shades Fox The Duncan polished black grey                  ,-- Featuring patented XYZ Optics for razor sharp clarity at every angle of vision plus the impact resistance and 100% UV filtering of pure Plutonite lenses. <br />-- Lightweight O Matter material <br />-- Metal Fox logo icon accent <br />-- Extended wrap                            ,84.96  ,Fox|sunglasses                         ,/static/product_images/300046592.jpg
300047195,Shades Women Roxy Tee Dee Gee dark tortoise brown grey     ,Roxy Sunglasses with 100% UV protectionshatter with nylon lense.                                                                                                                                                                                                                          ,26.68  ,Roxy|sunglasses|240100                 ,/static/product_images/300047195.jpg
300047196,Shades Women Roxy Minx black sig grey GR                   ,Roxy Sunglasses with 100% UV protection propionate frame and polycarbonate de-centered lenses.                                                                                                                                                                                            ,84.96  ,Roxy|sunglasses|210100                 ,/static/product_images/300047196.jpg
300047199,Shades Women Roxy Roma purple grey                         ,Roxy Sunglasses with 100% UV protection distortion free lenses and studded Roxy logo on the side.                                                                                                                                                                                         ,101.96 ,sunglasses|Roxy|240100                 ,/static/product_images/300047199.jpg
300047436,Shades Anon Crusher polar black grey polarized             ,Everbody nows tha ANON designs super nice goggles But since a while they also have extremly good looking sunglasses. To prodect your eyes everywhere in the sunshine.                                                                                                                     ,84.96  ,sunglasses|Roxy|210100                 ,/static/product_images/300047436.jpg
300047513,Shades Von Zipper Papa G white grey chrome                 ,Like a chunk of fudge on december 26th this super-sized piece of eye candy is the gift that keeps on giving into the New Year and doesn't melt in your hand or cause love handles.                                                                                                        ,93.46  ,sunglasses|Von Zipper|210100           ,/static/product_images/300047513.jpg
300051511,Cap Rip Curl D Cap vetiver                                 ,Adjustable trucker cap with front skulls print and rear horror logo stitching.                                                                                                                                                                                                            ,84.96  ,Rip Curl|caps                          ,/static/product_images/300051511.jpg
300310070,Bag Dakine 101 Pack wrap                                   ,Classical allround back pack from Dakine with laptop compartment.                                                                                                                                                                                                                         ,89.21  ,Dakine|backpack                        ,/static/product_images/300310070.jpg
300310086,Bag Dakine Factor Pack bomber                              ,Functional like no other bag!                                                                                                                                                                                                                                                             ,67.9599,backpack|Dakine                        ,/static/product_images/300310086.jpg
300310163,Bag Dakine Point Pack bomber                               ,The point pack by Dakine comes with a seam sealed wetsuit pocket so you always have a place for wet or dirty gear.                                                                                                                                                                        ,40.6300,backpack|Dakine                        ,/static/product_images/300310163.jpg
300310180,Bag Dakine Sunglass Case black patches                     ,Soft lined sunglass case.;Features:+ Zippered closure+ Faux fur lined interior+ Measures (in cm): 175 x 9 x 7 inside: 155 x 8 x 6+ Material: fleece lined;600D Polyester                                                                                                                  ,84.96  ,others|Dakine                          ,/static/product_images/300310180.jpg
300441142,Cap Blue Tomato BT Snow Trucker Cap black                  ,Show your love for snow and Blue Tomato! With the BT Snow Trucker Cap with Mesh on the back and print on the front.                                                                                                                                                                       ,42.46  ,Blue Tomato|caps                       ,/static/product_images/300441142.jpg
30404    ,Shades Von Zipper Papa G black gloss black gloss/grey      ,Like a chunk of fudge on december 26th this super-sized piece of eye candy is the gift that keeps on giving into the New Year and doesn't melt in your hand or cause love handles                                                                                                         ,50.96  ,Von Zipper|sunglasses|240100|snow|10020,/static/product_images/30404.jpg
36265    ,The Rotolog                                                , STYLE BY DESIGN<br /><br />Movement: Custom right-read direct time Japanese quartz with LED light. <br />Case: Custom 30 meter stainless steel with hardened mineral crystal                                                                                                             ,26.68  ,340000|Nixon                           ,/static/product_images/36265.jpg
43339    ,The Sentry                                                 , Guards you from boredom.                                                                                                                                                                                                                                                                 ,8.46000,340000|Nixon                           ,/static/product_images/43339.jpg
45573    ,Snowboard Ski Tool Toko Scraper Sharpener World Cup        ,Plexiblade sharpener for 3 4 5 and 6 mm (1/8? 3/16? 5/32? and 1/4?) blade width. With ceramic disc.Level: Ambitious                                                                                                                                                                       ,67.9599,skigear|Toko|snow|100200               ,/static/product_images/45573.jpg
45576    ,Snowboard Ski Tool Toko Skibürste Kombi Nylon/Kupfer       ,An economical brush option of 1/2 nylon and 1/2 copper.                                                                                                                                                                                                                                   ,226.76 ,skigear|Toko|snow|100200               ,/static/product_images/45576.jpg
51411    ,The Iris Women                                             , Minimalist style! Watch with japanese Quartz movment with hour                                                                                                                                                                                                                           ,137.66 ,370700|Nixon                           ,/static/product_images/51411.jpg
5191     ,All in One 120g                                            , These high-quality waxes guarantee excellent gliding and easier turning for skis and boards.                                                                                                                                                                                             ,30.56  ,100100|Toko                            ,/static/product_images/5191.jpg
5203     ,Repair Candle 6 mm                                         , Base repair-stick for base damage. Just light it and drip the repair material onto the base.                                                                                                                                                                                             ,12.86  ,Toko|100200                            ,/static/product_images/5203.jpg
56802    ,The Chalet Women                                           , Is it a bracelet or a watch?                                                                                                                                                                                                                                                             ,80.9599,370700|Nixon                           ,/static/product_images/56802.jpg
62001    ,Sweetart Pant youth                                        , Rugged warmth and weather protection with a fit that grows as they go!                                                                                                                                                                                                                   ,9.68   ,snow|kids|330700|Burton                ,/static/product_images/62001.jpg
63500    ,Overtime Belt Women                                        , Stylish Belt with large Logo buckle! 100% cotton                                                                                                                                                                                                                                         ,4.01   ,Fox|370900                             ,/static/product_images/63500.jpg
64389    ,The Vega Women                                             , Flashy stretch band watch!                                                                                                                                                                                                                                                               ,202.46 ,370700|Nixon                           ,/static/product_images/64389.jpg
74010    ,Torbacula Belt                                             , Nice leather belt with cool lettering by Von Zipper. 100% Leather                                                                                                                                                                                                                        ,44.51  ,Von Zipper|streetwear|251100           ,/static/product_images/74010.jpg
74036    ,DMT Diamond File                                           , Professional quality diamond files for removing hardening and for deflashing and polishing the edges after filing. Produces a top-class finish.                                                                                                                                          ,17.78  ,Toko|100200                            ,/static/product_images/74036.jpg
74818    ,The Rubber Re-Run                                          , With the Rubber Re-Run from the new collection                                                                                                                                                                                                                                           ,64.7600,340000|Nixon                           ,/static/product_images/74818.jpg
74825    ,The Sentry                                                 , Guards you from boredom.                                                                                                                                                                                                                                                                 ,17.78  ,340000|Nixon                           ,/static/product_images/74825.jpg
74844    ,The Zona Women                                             , Stylish                                                                                                                                                                                                                                                                                  ,25.88  ,370700|Nixon                           ,/static/product_images/74844.jpg
7907     ,Board Grip                                                 , Nothing simpler! A vice system for when you have to edge and service the board. Exclusively from Toko                                                                                                                                                                                    ,80.9599,Toko|100200                            ,/static/product_images/7907.jpg
79889    ,Ghada Leather Belt Women                                   , Narrow leather belt with rivets. The Elba Belt is two times wrapped around the waist. With buckle and eyelets to close. 100% Leder                                                                                                                                                       ,129.56 ,Bench|370900                           ,/static/product_images/79889.jpg
80147    ,Control Short                                              ," Short with mini plaid pattern and 22 outseam. 100% Cotton""                                                                                                                                                                                                                            ",137.66 ,Analog|streetwear|250600               ,/static/product_images/80147.jpg
81252    ,Fornax Pant Insulated youth                                , The Fornax Pant is available in great pastell colours and is waterproof and super warm! Therefore ideal for the chillier day in winter!                                                                                                                                                  ,80.9599,Horsefeathers|snow|kids|330700         ,/static/product_images/81252.jpg
83025    ,Blocked Boardshort youth                                   , Environmentally friendly and stylish. This cool boardshort with an all-over print and 4-way stretch is the coolest thing this summer. Made of recycled PET. 85% polyester and 15% spandex.                                                                                               ,24.26  ,Quiksilver|kids|streetwear|270600      ,/static/product_images/83025.jpg
83174    ,Stella Dress Women                                         , Checked is in                                                                                                                                                                                                                                                                            ,44.51  ,streetwear|260700                      ,/static/product_images/83174.jpg
83223    ,Selva Dress Women                                          , With the femipleasure Selva dress in a colourful stripe pattern with chest pocket on the left side and draw cord belt you'll be even more scrumptious in the eyes of the boys. 100 % cotton                                                                                              ,32.36  ,Femipleasure|streetwear|260700         ,/static/product_images/83223.jpg
84574    ,Stratus Dress Women                                        , The Stratus Dress is the perfect companion whether you're at the beach or sipping a cocktail in the city. You're sure to catch everyone's attention! 51% cotton                                                                                                                          ,36.4099,Hurley|streetwear|260700               ,/static/product_images/84574.jpg
92637    ,Boardshort youth                                           , You will be the best styled kid with the Boardshort by Slam 69. 100% Polyester                                                                                                                                                                                                           ,667    ,69 Slam|kids|streetwear|270600         ,/static/product_images/92637.jpg
92905    ,Vintage 72 metallic grey/ yellow                           , Take a look back through time as you look ahead through the lenses of the Nike Vintage '72 Sunglasses. Featuring an over-sized frame                                                                                                                                                     ,28.31  ,210100|Nike                            ,/static/product_images/92905.jpg
92961    ,Spikes 44                                                  ," The Skim One Spikes Skimboard guarantees endless fun. Dimensions: 44 ""                                                                                                                                                                                                                ",24.26  ,351200|Skim One|surf                   ,/static/product_images/92961.jpg
93762    ,The Brick Beanie                                           , Loose fit beanie by VIVO in a nice color. 100% Acrylic                                                                                                                                                                                                                                   ,36.4099,VIVO|220500                            ,/static/product_images/93762.jpg
94063    ,The 51-30                                                  , The 51-30 by Nixon is a sporty watch for men and moreover for real water sports men!                                                                                                                                                                                                     ,77.72  ,340000|Nixon                           ,/static/product_images/94063.jpg
94172    ,Camper Beanie                                              , It is better to always choose the right thing - and the Camper beanie by Nixon is the right thing. 100% Acrylic                                                                                                                                                                          ,153.860,Nixon|220500                           ,/static/product_images/94172.jpg
94374    ,Studio Pant                                                , Constructed with pure on-snow functionality in mind                                                                                                                                                                                                                                      ,14.54  ,Foursquare|snow|190300                 ,/static/product_images/94374.jpg
94382    ,Strut Pant Women                                           , Such an awesome piece you shouldn't miss out on! The Strut pant by Foursquare is the perfect companion for an amazing season in the snow.                                                                                                                                                ,404.96 ,200300|Foursquare|snow                 ,/static/product_images/94382.jpg
94415    ,Adapt New Era                                              , The Adapt New Era cap by Foursquare is so genius                                                                                                                                                                                                                                         ,16.16  ,Foursquare|220600                      ,/static/product_images/94415.jpg
94462    ,Bender Jacket                                              , Keeps you warm and looks absolutely stylish. The Bender jacket by Special Blend is a genius piece                                                                                                                                                                                        ,89.06  ,Special Blend|snow|190100              ,/static/product_images/94462.jpg
94474    ,Trenchtown Jacket                                          , So stylish and so cool - the Trenchtown jacket by Special Blend.                                                                                                                                                                                                                         ,80.9599,Special Blend|snow|190100              ,/static/product_images/94474.jpg
94489    ,5 Pocket Freedom Pant                                      , The 5 Pocket Freedom pant by Special Blend is part of the Revolver collection.<br />The Revolver group is a reflection on the season's most distinct looks.                                                                                                                              ,32.36  ,Special Blend|snow|190300              ,/static/product_images/94489.jpg
94491    ,Annex Pant                                                 , The Special Blend Annex snowboard pant offers enormous legroom and highest comfort because of its extreme and stylish baggy fit. The immense cargo pockets got a lot of space for all your stuff. With the technical features you won't have to resign your turns even at                ,97.16  ,190300|Special Blend|snow              ,/static/product_images/94491.jpg
94714    ,Limmer Pant                                                , The Limmer Pant by Zimtstern is a cargo snowboard pant that still offers everything you need despite their killer price.                                                                                                                                                                 ,113.36 ,Zimtstern|snow|190300                  ,/static/product_images/94714.jpg
94791    ,Kompass Tee SS Women                                       , The Kompass Tee is a Soft t-shirt with a big                                                                                                                                                                                                                                             ,97.16  ,260100|Zimtstern|streetwear            ,/static/product_images/94791.jpg
94942    ,Mira Twill Jacket youth                                    , Incredibly light                                                                                                                                                                                                                                                                         ,97.16  ,Zimtstern|snow|kids|330100             ,/static/product_images/94942.jpg
95288    ,Buffer II Sock                                             , Freestyle-focused support and cushioning. Guaranteed to help you land more tricks.                                                                                                                                                                                                       ,97.16  ,221100|Burton                          ,/static/product_images/95288.jpg
95290    ,Party Sock                                                 , A breathable blend of woolly warmth                                                                                                                                                                                                                                                      ,20.21  ,221100|Burton                          ,/static/product_images/95290.jpg
95353    ,Amped Jacket youth                                         , Save loot for lift tickets—rugged warmth and weather protection with a fit that grows as you go!                                                                                                                                                                                         ,137.66 ,snow|kids|330100|Burton                ,/static/product_images/95353.jpg
95361    ,Sludge Jacket youth                                        , Uniquely Burton. Designed to inspire both on and off the mountain.                                                                                                                                                                                                                       ,20.21  ,330100|kids|snow|Burton                ,/static/product_images/95361.jpg
95366    ,Minishred Illusion 1 Piece yth                             , Astronaut-caliber coverage with Room-to-Grow™ for non-stop protection from wind                                                                                                                                                                                                          ,17.78  ,snow|kids|330100|Burton                ,/static/product_images/95366.jpg
95367    ,Minishred Melody Jacket youth                              , Kid-tested                                                                                                                                                                                                                                                                               ,52.61  ,snow|kids|330100|Burton                ,/static/product_images/95367.jpg
95385    ,Andover Jacket                                             , Whoa! It’s a steal. Heli tech at t-bar prices.                                                                                                                                                                                                                                           ,68.81  ,Burton|snow|190100                     ,/static/product_images/95385.jpg
95424    ,Dandridge Down Jacket Women                                , Vintage flannel sleeping bag experience without the smell of stale mothballs.                                                                                                                                                                                                            ,80.9599,200100|Burton|snow                     ,/static/product_images/95424.jpg
95437    ,Tabloid Jacket Women                                       , Roll out the red carpet. A smoking hot                                                                                                                                                                                                                                                   ,52.61  ,200100|Burton|snow                     ,/static/product_images/95437.jpg
95438    ,Theory Jacket Women                                        , Retain heat. Sustain the future. Bomber style built with recycled materials.                                                                                                                                                                                                             ,129.56 ,200100|Burton|snow                     ,/static/product_images/95438.jpg
95441    ,Aster Jacket Women                                         , For the style connoisseur—burly meets girly in this flannel-lined shell.                                                                                                                                                                                                                 ,113.36 ,snow|200100|Burton                     ,/static/product_images/95441.jpg
95446    ,Twc Such A Deal Pant youth                                 , No need to shoplift                                                                                                                                                                                                                                                                      ,105.26 ,snow|kids|330700|Burton                ,/static/product_images/95446.jpg
95453    ,Sweetheart Pant youth                                      , Warm and weatherproof without the credit card hangover                                                                                                                                                                                                                                   ,89.06  ,330700|snow|kids|Burton                ,/static/product_images/95453.jpg
95464    ,Cargo Pant                                                 , The tried and true classic—loose-fitting with room for all your junk.                                                                                                                                                                                                                    ,145.76 ,190300|Burton|snow                     ,/static/product_images/95464.jpg
95482    ,Twc Honey Buns Pant Women                                  , Hypnotize them with your moves                                                                                                                                                                                                                                                           ,56.66  ,200300|Burton|snow                     ,/static/product_images/95482.jpg
95484    ,Basis Pant Women                                           , Putting a new spin on sustainable style.                                                                                                                                                                                                                                                 ,44.51  ,200300|Burton|snow                     ,/static/product_images/95484.jpg
95490    ,Lucky Pant Women                                           , First chair to last blast—style necessity meets everyday versatility.                                                                                                                                                                                                                    ,97.16  ,200300|Burton|snow                     ,/static/product_images/95490.jpg
95521    ,Spectre Glove                                              , Next level secret handshakes are now a reality.                                                                                                                                                                                                                                          ,89.06  ,Burton|190700                          ,/static/product_images/95521.jpg
96001    ,Fade Beanie                                                , Features:<br /><br />+ 72% Acrylic                                                                                                                                                                                                                                                       ,113.36 ,220500|Burton                          ,/static/product_images/96001.jpg
96022    ,Trope Beanie                                               , Features:<br /><br />+ 100% Acrylic<br />+ Vintage Striped Beanie with Pom<br />+ Fold Up with Skully Fit                                                                                                                                                                                ,105.26 ,220500|Burton                          ,/static/product_images/96022.jpg
96026    ,What¦s Your Niner                                          , Features:<br /><br />+ 100% Acrylic<br />+ Basic Beanie with Double Stripes and Pom<br />+ Slouch Fit                                                                                                                                                                                    ,32.36  ,Burton|220500                          ,/static/product_images/96026.jpg
96097    ,Studded Belt                                               , Features:<br /><br />+ PU Leather Belt<br />+ Full Rivet Metal Studs<br />+ Solid Removable Burton Process Logo Buckle                                                                                                                                                                   ,24.26  ,251100|Burton|streetwear               ,/static/product_images/96097.jpg
96162    ,Crammed SS                                                 , Features:<br /><br />+ 100% Cotton<br />+ Screen Print on Front<br />+ Regular Fit                                                                                                                                                                                                       ,28.31  ,250100|Burton|streetwear               ,/static/product_images/96162.jpg
96172    ,Pennant SS                                                 , Features:<br /><br />+ 90% Cotton                                                                                                                                                                                                                                                        ,24.26  ,250100|streetwear|Burton               ,/static/product_images/96172.jpg
96502    ,Hawkeye Painted white                                      , It is the perfect combination - low profile with a penthouse view. There is nothing blocking your vision                                                                                                                                                                                 ,28.31  ,210200|Anon                            ,/static/product_images/96502.jpg
96977    ,Custom Est 11/12                                           , The feel is real.                                                                                                                                                                                                                                                                        ,24.26  ,50100|Burton|snow                      ,/static/product_images/96977.jpg
96990    ,Custom 11/12                                               , Champagne taste on a beer budget.                                                                                                                                                                                                                                                        ,17.78  ,50100|Burton|snow                      ,/static/product_images/96990.jpg
97199    ,Monkeywrench 157 11/12                                     , Piping hot from the house of Jeremy.                                                                                                                                                                                                                                                     ,72.86  ,snow|10100|Burton                      ,/static/product_images/97199.jpg
97252    ,Twc Standard 156W 11/12                                    , Nothing is standard when it’s coming from Shaun.                                                                                                                                                                                                                                         ,97.16  ,snow|10100|Burton                      ,/static/product_images/97252.jpg
97607    ,Budmo Pant                                                 , The Budmo Pant by Nike 6.0 is a loose fit cargo pant with a myriad of pockets                                                                                                                                                                                                            ,101.21 ,Nike 6.0|snow|190300                   ,/static/product_images/97607.jpg
97692    ,Heritage Pipe Glove                                        , You want to drop into and out of the pipe                                                                                                                                                                                                                                                ,259.160,190700|Oakley                          ,/static/product_images/97692.jpg
97693    ,Sadplant Pipe Glove                                        , There is definitely no need to be sad                                                                                                                                                                                                                                                    ,161.96 ,190700|Oakley                          ,/static/product_images/97693.jpg
97788    ,Landen Insulated Pant                                      , The Landen Insulated Pant by Vans!                                                                                                                                                                                                                                                       ,80.9599,190300|Vans|snow                       ,/static/product_images/97788.jpg
98851    ,Lenus Belt                                                 , Your pants are always sliding down? Well                                                                                                                                                                                                                                                 ,36.4099,Billabong|streetwear|251100            ,/static/product_images/98851.jpg
98908    ,Tarzo Pants youth                                          , Solid coloured                                                                                                                                                                                                                                                                           ,24.26  ,Orage|snow|kids|330700                 ,/static/product_images/98908.jpg
98913    ,Plan B Youth Pant                                          , You need a plan B.? Here it is! The Plan B pant by Quicksilver fulfilles all your wishes.                                                                                                                                                                                                ,89.06  ,Quiksilver|snow|kids|330700            ,/static/product_images/98913.jpg
98929    ,Luna Twill Pant Women                                      , The Luna Twill Pant fits easily even the most eye-catching jacket. Through the adjustable waistband                                                                                                                                                                                      ,20.21  ,Roxy|snow|200300                       ,/static/product_images/98929.jpg
98951    ,Mountain SS Basic Tee Logo youth                           , The Mountain Logo tee by Quiksilver is                                                                                                                                                                                                                                                   ,56.66  ,Quiksilver|kids|streetwear|270100      ,/static/product_images/98951.jpg
99063    ,Mannual Bricks Insulated Jacket youth                      , Actually various pieces of art look rather similar to the Mannual Bricks Insulated Jacket by 686. So you can not be surprised if people start looking at you approvingly                                                                                                                 ,56.66  ,snow|kids|330100                       ,/static/product_images/99063.jpg
99146    ,Arc Jacket Women                                           , Rest less - rip more! The Arc jacket by Volcom allows you everything and gives you an amazing style!                                                                                                                                                                                     ,68.81  ,200100|Volcom|snow                     ,/static/product_images/99146.jpg
99154    ,Twain Pant Women                                           , Function meets style at the highest stage. The Volcom Twain pant is so cool                                                                                                                                                                                                              ,12.92  ,200300|Volcom|snow                     ,/static/product_images/99154.jpg
99277    ,Spaghetti SS Women                                         , Comfy Volcom tee with a edgy logo print at front. 100% Cotton                                                                                                                                                                                                                            ,686    ,Volcom|streetwear|260100               ,/static/product_images/99277.jpg
300026673,Sneakers Vans Old Skool black/white 10.5                   ,Classic Vans Old Skool in a black colourway.                                                                                                                                                                                                                                              ,105.26 ,shoes|Vans|230000                      ,/static/product_images/300026673.jpg
300026674,Sneakers Vans Old Skool black/white 11.0                   ,Classic Vans Old Skool in a black colourway.                                                                                                                                                                                                                                              ,97.16  ,shoes|Vans|230000                      ,/static/product_images/300026674.jpg
300026675,Sneakers Vans Old Skool black/white 12.0                   ,Classic Vans Old Skool in a black colourway.                                                                                                                                                                                                                                              ,24.26  ,shoes|Vans|230000                      ,/static/product_images/300026675.jpg
300026676,Sneakers Vans Old Skool black/white 8.5                    ,Classic Vans Old Skool in a black colourway.                                                                                                                                                                                                                                              ,59.46  ,shoes|Vans|230000                      ,/static/product_images/300026676.jpg
300026677,Sneakers Vans Old Skool black/white 9.0                    ,Classic Vans Old Skool in a black colourway.                                                                                                                                                                                                                                              ,59.46  ,shoes|Vans|230000                      ,/static/product_images/300026677.jpg
300026678,Sneakers Vans Old Skool black/white 9.5                    ,Classic Vans Old Skool in a black colourway.                                                                                                                                                                                                                                              ,59.46  ,shoes|Vans|230000                      ,/static/product_images/300026678.jpg
300026679,Slip On Vans Classic Slip on black white checker/white 10.0,Comfy slip ons in subtle colours for understatement. With waffle rubber sole for good grip. Canvas upper.                                                                                                                                                                                 ,59.46  ,shoes|Vans|230000                      ,/static/product_images/300026679.jpg
300026680,Slip On Vans Classic Slip on black white checker/white 10.5,Comfy slip ons in subtle colours for understatement. With waffle rubber sole for good grip. Canvas upper.                                                                                                                                                                                 ,59.46  ,shoes|Vans|230000                      ,/static/product_images/300026680.jpg
300026681,Slip On Vans Classic Slip on black white checker/white 11.0,Comfy slip ons in subtle colours for understatement. With waffle rubber sole for good grip. Canvas upper.                                                                                                                                                                                 ,59.46  ,shoes|Vans|230000                      ,/static/product_images/300026681.jpg
300026682,Slip On Vans Classic Slip on black white checker/white 12.0,Comfy slip ons in subtle colours for understatement. With waffle rubber sole for good grip. Canvas upper.                                                                                                                                                                                 ,50.96  ,shoes|Vans|230000                      ,/static/product_images/300026682.jpg
300026684,Slip On Vans Classic Slip on black white checker/white 8.5 ,Comfy slip ons in subtle colours for understatement. With waffle rubber sole for good grip. Canvas upper.                                                                                                                                                                                 ,50.96  ,shoes|Vans|230000                      ,/static/product_images/300026684.jpg
300026685,Slip On Vans Classic Slip on black white checker/white 9.0 ,Comfy slip ons in subtle colours for understatement. With waffle rubber sole for good grip. Canvas upper.                                                                                                                                                                                 ,50.96  ,shoes|Vans|230000                      ,/static/product_images/300026685.jpg
300026686,Slip On Vans Classic Slip on black white checker/white 9.5 ,Comfy slip ons in subtle colours for understatement. With waffle rubber sole for good grip. Canvas upper.                                                                                                                                                                                 ,50.96  ,shoes|Vans|230000                      ,/static/product_images/300026686.jpg
300026687,Slip On Vans Classic Slip on black white checker/white 11.5,Comfy slip ons in subtle colours for understatement. With waffle rubber sole for good grip. Canvas upper.                                                                                                                                                                                 ,50.96  ,shoes|Vans|230000                      ,/static/product_images/300026687.jpg
300026688,Slip On Vans Classic Slip on black white checker/white 13.0,Comfy slip ons in subtle colours for understatement. With waffle rubber sole for good grip. Canvas upper.                                                                                                                                                                                 ,50.96  ,shoes|Vans|230000                      ,/static/product_images/300026688.jpg
300026689,Slip On Vans Classic Slip on black white checker/white 14.0,Comfy slip ons in subtle colours for understatement. With waffle rubber sole for good grip. Canvas upper.                                                                                                                                                                                 ,50.96  ,shoes|Vans|230000                      ,/static/product_images/300026689.jpg
300026690,Slip On Vans Classic Slip on black white checker/white 15.0,Comfy slip ons in subtle colours for understatement. With waffle rubber sole for good grip. Canvas upper.                                                                                                                                                                                 ,50.96  ,shoes|Vans|230000                      ,/static/product_images/300026690.jpg
300026691,Slip On Vans Classic Slip on black white checker/white 7.0 ,Comfy slip ons in subtle colours for understatement. With waffle rubber sole for good grip. Canvas upper.                                                                                                                                                                                 ,50.96  ,shoes|Vans|230000                      ,/static/product_images/300026691.jpg
300036392,Sneakers Vans Old Skool black/white 11.5                   ,Classic Vans Old Skool in a black colourway.                                                                                                                                                                                                                                              ,50.96  ,shoes|Vans|230000                      ,/static/product_images/300036392.jpg
300036393,Sneakers Vans Old Skool black/white 13.0                   ,Classic Vans Old Skool in a black colourway.                                                                                                                                                                                                                                              ,50.96  ,shoes|Vans|230000                      ,/static/product_images/300036393.jpg
300036394,Sneakers Vans Old Skool black/white 8.0                    ,Classic Vans Old Skool in a black colourway.                                                                                                                                                                                                                                              ,50.96  ,shoes|Vans|230000                      ,/static/product_images/300036394.jpg
300046029,T-Shirt Men Playboard Raster SS red M                      ,Classic Playboard print tshirt. 100% cotton.                                                                                                                                                                                                                                              ,59.46  ,shirts|Playboard                       ,/static/product_images/300046029.jpg
300046030,T-Shirt Men Playboard Raster SS red S                      ,Classic Playboard print tshirt. 100% cotton.                                                                                                                                                                                                                                              ,59.46  ,shirts|Playboard                       ,/static/product_images/300046030.jpg
300046031,T-Shirt Men Playboard Raster SS red XL                     ,Classic Playboard print tshirt. 100% cotton.                                                                                                                                                                                                                                              ,59.46  ,shirts|Playboard                       ,/static/product_images/300046031.jpg
300046032,T-Shirt Men Playboard Raster SS white L                    ,Classic Playboard print tshirt. 100% cotton.                                                                                                                                                                                                                                              ,26.68  ,shirts|Playboard                       ,/static/product_images/300046032.jpg
300046033,T-Shirt Men Playboard Raster SS white M                    ,Classic Playboard print tshirt. 100% cotton.                                                                                                                                                                                                                                              ,26.68  ,shirts|Playboard                       ,/static/product_images/300046033.jpg
300046035,T-Shirt Men Playboard Raster SS white XL                   ,Classic Playboard print tshirt. 100% cotton.                                                                                                                                                                                                                                              ,26.68  ,shirts|Playboard                       ,/static/product_images/300046035.jpg
300046036,T-Shirt Men Playboard Flower SS black L                    ,Classic t-shirt from Playboard with front print                                                                                                                                                                                                                                           ,26.68  ,shirts|Playboard                       ,/static/product_images/300046036.jpg
300046037,T-Shirt Men Playboard Flower SS black M                    ,Classic t-shirt from Playboard with front print                                                                                                                                                                                                                                           ,26.68  ,shirts|Playboard                       ,/static/product_images/300046037.jpg
300046038,T-Shirt Men Playboard Flower SS black S                    ,Classic t-shirt from Playboard with front print                                                                                                                                                                                                                                           ,26.68  ,shirts|Playboard                       ,/static/product_images/300046038.jpg
300046039,T-Shirt Men Playboard Flower SS black XL                   ,Classic t-shirt from Playboard with front print                                                                                                                                                                                                                                           ,26.68  ,shirts|Playboard                       ,/static/product_images/300046039.jpg
300050253,Slip On Vans Classic Slip On checkerboard/black/pewter 7.0 ,Comfy slip ons in subtle colours for understatement. With waffle rubber sole for good grip. Canvas upper.                                                                                                                                                                                 ,26.68  ,shoes|Vans                             ,/static/product_images/300050253.jpg
300050254,Slip On Vans Classic Slip On checkerboard/black/pewter 7.5 ,Comfy slip ons in subtle colours for understatement. With waffle rubber sole for good grip. Canvas upper.                                                                                                                                                                                 ,26.68  ,shoes|Vans                             ,/static/product_images/300050254.jpg
300050255,Slip On Vans Classic Slip On checkerboard/black/pewter 8.0 ,Comfy slip ons in subtle colours for understatement. With waffle rubber sole for good grip. Canvas upper.                                                                                                                                                                                 ,26.68  ,shoes|Vans                             ,/static/product_images/300050255.jpg
300050256,Slip On Vans Classic Slip On checkerboard/black/pewter 8.5 ,Comfy slip ons in subtle colours for understatement. With waffle rubber sole for good grip. Canvas upper.                                                                                                                                                                                 ,46.71  ,shoes|Vans                             ,/static/product_images/300050256.jpg
300050257,Slip On Vans Classic Slip On checkerboard/black/pewter 9.0 ,Comfy slip ons in subtle colours for understatement. With waffle rubber sole for good grip. Canvas upper.                                                                                                                                                                                 ,46.71  ,shoes|Vans                             ,/static/product_images/300050257.jpg
300050258,Slip On Vans Classic Slip On checkerboard/black/pewter 9.5 ,Comfy slip ons in subtle colours for understatement. With waffle rubber sole for good grip. Canvas upper.                                                                                                                                                                                 ,46.71  ,shoes|Vans                             ,/static/product_images/300050258.jpg
300060389,Snowboard Binding F2-FTWO Mondo LT black L                 ,Beginners and occasional riders will find the Mondo LT to be an extremly robust and high quality binding.                                                                                                                                                                                 ,46.71  ,shoes|F2-FTWO|snow|50100               ,/static/product_images/300060389.jpg
300062456,Helmet Women TSG Lotus Graphic Designs wms Butterfly LXL   ,The Lotus from TSG! One for the Ladies:                                                                                                                                                                                                                                                   ,46.71  ,helmet|TSG                             ,/static/product_images/300062456.jpg
300062466,Sneakers Vans Old Skool black/white 7.0                    ,Classic Vans Old Skool in a black colourway.                                                                                                                                                                                                                                              ,46.71  ,shoes|Vans|230000                      ,/static/product_images/300062466.jpg
300065500,Slip On Vans Classic Slip On checkerboard/black/pewter 5.0 ,Comfy slip ons in subtle colours for understatement. With waffle rubber sole for good grip. Canvas upper.                                                                                                                                                                                 ,101.11 ,shoes|Vans                             ,/static/product_images/300065500.jpg
300065501,Slip On Vans Classic Slip On checkerboard/black/pewter 6.5 ,Comfy slip ons in subtle colours for understatement. With waffle rubber sole for good grip. Canvas upper.                                                                                                                                                                                 ,67.96  ,shoes|Vans                             ,/static/product_images/300065501.jpg
300067366,T-Shirt Men Playboard Raster SS black L                    ,Classic Playboard print tshirt. 100% cotton.                                                                                                                                                                                                                                              ,59.46  ,shirts|Playboard                       ,/static/product_images/300067366.jpg
300067367,T-Shirt Men Playboard Raster SS black M                    ,Classic Playboard print tshirt. 100% cotton.                                                                                                                                                                                                                                              ,46.71  ,shirts|Playboard                       ,/static/product_images/300067367.jpg
300067368,T-Shirt Men Playboard Raster SS black S                    ,Classic Playboard print tshirt. 100% cotton.                                                                                                                                                                                                                                              ,46.71  ,shirts|Playboard                       ,/static/product_images/300067368.jpg
300067369,T-Shirt Men Playboard Raster SS black XL                   ,Classic Playboard print tshirt. 100% cotton.                                                                                                                                                                                                                                              ,26.68  ,shirts|Playboard                       ,/static/product_images/300067369.jpg
300067371,T-Shirt Men Playboard Raster SS purple M                   ,Classic Playboard print tshirt. 100% cotton.                                                                                                                                                                                                                                              ,26.68  ,shirts|Playboard                       ,/static/product_images/300067371.jpg
300067372,T-Shirt Men Playboard Raster SS purple S                   ,Classic Playboard print tshirt. 100% cotton.                                                                                                                                                                                                                                              ,26.68  ,shirts|Playboard                       ,/static/product_images/300067372.jpg
300067374,T-Shirt Men Playboard Logo Tee black L                     ,T-Shirt from Playboard with logo front print.                                                                                                                                                                                                                                             ,26.68  ,shirts|Playboard					    ,/static/product_images/300067374.jpg
300067375,T-Shirt Men Playboard Logo Tee black M                     ,T-Shirt from Playboard with logo front print.                                                                                                                                                                                                                                             ,26.68  ,shirts|Playboard                       ,/static/product_images/300067375.jpg
300067376,T-Shirt Men Playboard Logo Tee black S                     ,T-Shirt from Playboard with logo front print.                                                                                                                                                                                                                                             ,26.68  ,shirts|Playboard                       ,/static/product_images/300067376.jpg
300067377,T-Shirt Men Playboard Logo Tee black XL                    ,T-Shirt from Playboard with logo front print.                                                                                                                                                                                                                                             ,26.68  ,shirts|Playboard                       ,/static/product_images/300067377.jpg
300068437,Slip On Vans Classic Slip on black white checker/white 11.5,The classic Vans Slip-on is a shoe that never goes out of style.                                                                                                                                                                                                                          ,26.68  ,shoes|Vans|230000                      ,/static/product_images/300068437.jpg
300076093,T-Shirt Men Playboard Logo Tee red L                       ,T-Shirt from Playboard with logo front print.                                                                                                                                                                                                                                             ,26.68  ,shirts|Playboard                       ,/static/product_images/300076093.jpg
300076094,T-Shirt Men Playboard Logo Tee red M                       ,T-Shirt from Playboard with logo front print.                                                                                                                                                                                                                                             ,26.68  ,shirts|Playboard                       ,/static/product_images/300076094.jpg
300076932,Sneakers Vans Old Skool black/white 4.0                    ,Classic Vans Old Skool in a black colourway.                                                                                                                                                                                                                                              ,50.96  ,shoes|Vans|230000                      ,/static/product_images/300076932.jpg
300076933,Sneakers Vans Old Skool black/white 4.5                    ,Classic Vans Old Skool in a black colourway.                                                                                                                                                                                                                                              ,26.68  ,shoes|Vans|230000                      ,/static/product_images/300076933.jpg
300076934,Sneakers Vans Old Skool black/white 5.0                    ,Classic Vans Old Skool in a black colourway.                                                                                                                                                                                                                                              ,26.68  ,shoes|Vans|230000                      ,/static/product_images/300076934.jpg
300076935,Sneakers Vans Old Skool black/white 6.0                    ,Classic Vans Old Skool in a black colourway.                                                                                                                                                                                                                                              ,59.46  ,shoes|Vans|230000                      ,/static/product_images/300076935.jpg
300076936,Sneakers Vans Old Skool black/white 7.5                    ,Classic Vans Old Skool in a black colourway.                                                                                                                                                                                                                                              ,59.46  ,shoes|Vans|230000                      ,/static/product_images/300076936.jpg
300147490,T-Shirt Men Playboard Skull SS black S                     ,T shirt with playboard skull logo on chest                                                                                                                                                                                                                                                ,59.46  ,shirts|Playboard                       ,/static/product_images/300147490.jpg
300147493,T-Shirt Men Playboard Skull SS black XXL                   ,T shirt with playboard skull logo on chest                                                                                                                                                                                                                                                ,59.46  ,shirts|Playboard                       ,/static/product_images/300147493.jpg
300147503,T-Shirt Men Playboard Skull SS white XL                    ,T shirt with playboard skull logo on chest                                                                                                                                                                                                                                                ,59.46  ,shirts|Playboard                       ,/static/product_images/300147503.jpg
300147505,T-Shirt Men Playboard Skull SS white XXL                   ,T shirt with playboard skull logo on chest                                                                                                                                                                                                                                                ,26.68  ,shirts|Playboard                       ,/static/product_images/300147505.jpg
300147511,T-Shirt Men Playboard Logo Tee irish green M               ,T-Shirt from Playboard with logo front print.                                                                                                                                                                                                                                             ,26.68  ,shirts|Playboard                       ,/static/product_images/300147511.jpg
300147512,T-Shirt Men Playboard Logo Tee irish green S               ,T-Shirt from Playboard with logo front print.                                                                                                                                                                                                                                             ,26.68  ,shirts|Playboard                       ,/static/product_images/300147512.jpg
300147513,T-Shirt Men Playboard Logo Tee irish green XL              ,T-Shirt from Playboard with logo front print.                                                                                                                                                                                                                                             ,26.68  ,shirts|Playboard                       ,/static/product_images/300147513.jpg
300150177,Slip On Vans Classic Slip On checkerboard/black/pewter 5.5 ,Comfy slip ons in subtle colours for understatement. With waffle rubber sole for good grip. Canvas upper.                                                                                                                                                                                 ,26.68  ,shoes|Vans                             ,/static/product_images/300150177.jpg
300415712,Trope Beanie astro turf Uni                                ,A cozy and stylish beanie in a unique astro turf green color                                                                                                                                                                                                                              ,26.68  ,220500|Burton                          ,/static/product_images/300415712.jpg
300427739,Sadplant Pipe Glove digi plaid S                           ,These gloves feature a modern digital plaid pattern and are designed in size small                                                                                                                                                                                                        ,26.68  ,190700|Oakley                          ,/static/product_images/300427739.jpg
300617125,Rollercoaster SS holiday/multicolor L                      ,A large short-sleeve shirt with a festive holiday-themed multicolor design                                                                                                                                                                                                                ,46.71  ,streetwear|250100|Carhartt             ,/static/product_images/300617125.jpg
300738114,Asterisk SS youth black XS                                 ,A versatile black short-sleeve shirt for youth in extra small size                                                                                                                                                                                                                        ,28.31  ,Billabong|kids|streetwear|270100       ,/static/product_images/300738114.jpg
35100    ,Slip On Vans Classic Slip On black/formula one checker 10.5,The Ferrari in the slip on world in a cool Formula 1 checkered pattern. with waffle rubber sole for grip and Canvas upper.                                                                                                                                                                ,24.26  ,shoes|Vans|230000                      ,/static/product_images/35100.jpg
35101    ,Slip On Vans Classic Slip On black/formula one checker 11.0,The Ferrari in the slip on world in a cool Formula 1 checkered pattern. with waffle rubber sole for grip and Canvas upper.                                                                                                                                                                ,28.31  ,shoes|Vans|230000                      ,/static/product_images/35101.jpg
35102    ,Slip On Vans Classic Slip On black/formula one checker 12.0,The Ferrari in the slip on world in a cool Formula 1 checkered pattern. with waffle rubber sole for grip and Canvas upper.                                                                                                                                                                ,20.21  ,shoes|Vans|230000                      ,/static/product_images/35102.jpg
35104    ,Slip On Vans Classic Slip On black/formula one checker 8.5 ,The Ferrari in the slip on world in a cool Formula 1 checkered pattern. with waffle rubber sole for grip and Canvas upper.                                                                                                                                                                ,50.96  ,shoes|Vans|230000                      ,/static/product_images/35104.jpg
35105    ,Slip On Vans Classic Slip On black/formula one checker 9.0 ,The Ferrari in the slip on world in a cool Formula 1 checkered pattern. with waffle rubber sole for grip and Canvas upper.                                                                                                                                                                ,50.96  ,shoes|Vans|230000                      ,/static/product_images/35105.jpg
35106    ,Slip On Vans Classic Slip On black/formula one checker 9.5 ,The Ferrari in the slip on world in a cool Formula 1 checkered pattern. with waffle rubber sole for grip and Canvas upper.                                                                                                                                                                ,50.96  ,shoes|Vans|230000                      ,/static/product_images/35106.jpg
35135    ,Slip On Vans Classic Slip On black/formula one checker 8.0 ,The Ferrari in the slip on world in a cool Formula 1 checkered pattern. with waffle rubber sole for grip and Canvas upper.                                                                                                                                                                ,50.96  ,shoes|Vans|230000                      ,/static/product_images/35135.jpg
300399834,5 Pocket Freedom Pant burnt greens M                       ,Medium-sized pants in a distinctive burnt green shade                                                                                                                                                                                                                                     ,50.96  ,Special Blend|snow|190300              ,/static/product_images/300399834.jpg
300410422,Sludge Jacket youth col mustard colorblock XL              ,Sludge Jacket youth col mustard colorblock XL                                                                                                                                                                                                                                             ,50.96  ,snow|kids|330100|Burton                ,/static/product_images/300410422.jpg
300464995,Nightlife T-Shirt Women violet M                           ,A vibrant violet t-shirt designed for women in medium size                                                                                                                                                                                                                                ,50.96  ,Horsefeathers|streetwear|260100        ,/static/product_images/300464995.jpg
300608392,I Love Tee SS Women grey heather M                         ,The I Love t-shirt by Billabong got an awesome I Love Billabong Print.                                                                                                                                                                                                                    ,97.16  ,Billabong|streetwear|260100            ,/static/product_images/300608392.jpg
300659388,HD Hero2 Outdoor Edition uni Uni                           ,GoPro cameras are used by more professional athletes                                                                                                                                                                                                                                      ,68.81  ,222000|GoPro Cam                       ,/static/product_images/300659388.jpg
300738204,Skull 80 SS youth navy S                                   ,The Skull 80 t-shirt by Billabong got a funky front print.                                                                                                                                                                                                                                ,64.76  ,Billabong|kids|streetwear|270100       ,/static/product_images/300738204.jpg
300772559,Del Chaos Tee SS Youth white L                             ,Great standart fit tee by DC with eyecatching logo print on the front: The Delivering Chaos shirt. Unbeatable.                                                                                                                                                                            ,24.26  ,DC|kids|streetwear|270100              ,/static/product_images/300772559.jpg
