PRODUCT_ID,PRODUCT_NAME,SUMMARY,PRICE,CATEGORY_IDS,IMAGE_URL
94474    ,Trench Coat												 ,A timeless and elegant trench coat																																																														,650    ,HypPerCategory|260400					,https://localhost:9002/medias/?context=bWFzdGVyfGltYWdlc3wxOTg2MHxpbWFnZS9qcGVnfGFXMWhaMlZ6TDJobE5DOW9OMk12T0RjNU5qWTROalUwT1RBeU1pNXFjR2N8ZTJlOWFjZjdlOWYxZGQ4MmMwMjRiNDY4ODQzYzczN2IzNjUxMzcyM2FkN2JkZjA2MDVlZTJkZDMwN2ExY2ZmZg
97602    ,Leather Jacket                                             ,A classic leather jacket that offers a stylish and edgy look                                                                                                                                                                                                                              ,999    ,HypPerCategory|250400                  ,https://localhost:9002/medias/?context=bWFzdGVyfGltYWdlc3wyNjUxNXxpbWFnZS9qcGVnfGFXMWhaMlZ6TDJoaVpTOW9PR1F2T0RjNU5qWTRPVGd5TlRneU1pNXFjR2N8ZDI1NDI0MTRiZmYxMjc2OTQ3OWM3MjMxMDVjNjQ4N2I5YTgyZDA2Yjk2MTA3Y2U3N2NjNzQwMzcwMzQ0Mzk5Yg
7001-1   ,Black Newyork Cap                                          ,Minimalist and bold                                                                                                                                                                                                                                                                       ,50     ,HypPerCategory                         ,https://localhost:9002/medias/?context=bWFzdGVyfGltYWdlc3wxMTk2NXxpbWFnZS9qcGVnfGFXMWhaMlZ6TDJoaE9TOW9aakF2T0RjNU5qWTFNakl3T0RFMU9DNXFjR2N8MGUzMTc4NTA0N2I1MTM4ZmVjNTA2OGE3ZWU4NWNmNzNhYzNhNDE1NTUzYTQ3ZjUyZTMwNTQ5YTZkNTE3MGJhYQ
100124   ,Panorama Pants Women                                       , Show everyone what a nice figure you have. Now it's even possible when you go snowboarding                                                                                                                                                                                               ,153.860,260900|streetwear|Nikita               ,https://localhost:9002/medias/?context=bWFzdGVyfGltYWdlc3w0MTIxN3xpbWFnZS9qcGVnfGFXMWhaMlZ6TDJnNVppOW9Zall2T0RjNU5qZzFORFU0TXpNeU5pNXFjR2N8NmE2Y2I2YmIyZWMzYTQ5N2QwOWJjMTk0ZTY1MDA2MDQ1NWY0Zjg5MmMzODU5MzJlZGI2OGQyYTZlYTkxZGFmNA
100191   ,Beacon Jacket                                              , Who can say no to fresh roast bacon?! Then you should also say Yes to the Beacon Jacket by Armada. This jacket doesn't only has style but also super features                                                                                                                            ,101.21 ,Armada|snow|190100                     ,https://localhost:9002/medias/?context=bWFzdGVyfGltYWdlc3w0OTc0MHxpbWFnZS9qcGVnfGFXMWhaMlZ6TDJobU5TOW9OREV2T0RjNU5qWTRNalUxTVRNeU5pNXFjR2N8ZGYzYTZkYmYxNTg4ODgyZDM3N2MyMzliM2ViMDljNGMwODU1ODBlNWU0MzcyMjU5NmI5NWM0NGFiN2UzOWEzZQ
100378   ,Machete 158 11/12                                          , Rock out with your pop out! The award-winning Machete by Ride comes with Pop-Rods® 1.0.                                                                                                                                                                                                  ,275.36 ,10100|Ride|snow                        ,https://localhost:9002/medias/?context=bWFzdGVyfGltYWdlc3w1NzE3NnxpbWFnZS9qcGVnfGFXMWhaMlZ6TDJoaVlpOW9aREF2T0RjNU5qYzNORFl5T1RRd05pNXFjR2N8MTQ0ZThkNmM1MzhkZGM0ZTBhZDFiNjA5ZWZmODg2ODg2NGJmOTkwOThmNTI0YzNjMGE3OTZhM2RkNWZlNjdiZg
100402   ,Seizure Bag                                                , No chance that Billabong forgets about the classic among their bags. Therefore the Seizure bag is again part of the collection                                                                                                                                                           ,24.26  ,Billabong|streetwear|160700            ,https://localhost:9002/medias/?context=bWFzdGVyfGltYWdlc3w0NTU3MnxpbWFnZS9qcGVnfGFXMWhaMlZ6TDJnd1lpOW9ZMlV2T0RjNU5qa3lOVEU1T0RNMk5pNXFjR2N8ODZmYmM1NWY5NGIxMWU3YmFkNzBmNWJmMmRiMDU5ZDMxNzQxMjlmNjdkMDExYzA4MmVlYmE5NTA5N2RmNjRjYw
100744   ,Ace Straight Pant Women                                    , Chic and comfy! The Ace pant by DC comes with subtle cargo pockets and in a clean design. It is ready for anything you throw at her and the added 40g insulation will keep you warmer in colder climates.                                                                                ,89.06  ,DC|snow|200300                         ,https://localhost:9002/medias/?context=bWFzdGVyfGltYWdlc3w0NDczM3xpbWFnZS9qcGVnfGFXMWhaMlZ6TDJnM055OW9PVE12T0RjNU5qZzFNell3TURJNE5pNXFjR2N8MGIwOTg0ZjVlYTgwNTQwNjE0Y2IxMTU1NTUxZDk4ZDFjNDU1NjQ0MjExNmVjYTA5MDg1ZWRkNTY1YmY1OWVmZQ
100746   ,Anzere Pant Women                                          , Best of the best for all weather conditions. DC's Anzere pant for women is an amazing piece in a cool design and with cargo pockets.                                                                                                                                                     ,113.36 ,DC|snow|200300                         ,https://localhost:9002/medias/?context=bWFzdGVyfGltYWdlc3w0MDUxMXxpbWFnZS9qcGVnfGFXMWhaMlZ6TDJoa1lTOW9OV0l2T0RjNU5qZzFOVGc1TkRBME5pNXFjR2N8OTZjNDAyYjZlZGQzMjBiNjVhYzdiN2Q1MjNlOGQ0Njk4NzZhZGZjYTU1NDRkYzhhODg3NjZjMzc0ODlmNjI3Mw
100988   ,Cascata Beanie                                             , Reversible plus a visor! This is the Cascata Beanie by DC! 100% Acrylic                                                                                                                                                                                                                  ,28.31  ,DC|220500                              ,https://localhost:9002/medias/?context=bWFzdGVyfGltYWdlc3w1NjQ4N3xpbWFnZS9qcGVnfGFXMWhaMlZ6TDJnelppOW9NalF2T0RjNU5qYzBNemd5TnpRNE5pNXFjR2N8ZjE1Y2ZiNTRkNTZmZTExYTVkMWVjNWJlMWNlNTQyZDU4ZjNkYmRjMjVlMjM5MWFmZWRhMDQzOGE1M2Q0Nzg5MA
101580   ,Tone 153 11/12                                             , DC's most versatile board ever                                                                                                                                                                                                                                                           ,226.76 ,DC|snow|10100                          ,https://localhost:9002/medias/?context=bWFzdGVyfGltYWdlc3w0NDEyN3xpbWFnZS9qcGVnfGFXMWhaMlZ6TDJnd1lpOW9aV1F2T0RjNU5qYzNOVEk0TkRjMk5pNXFjR2N8MDg2OTZmMjA0YjZjNjAyOTA0MTYzYTE0OTMxYjk4OWNiMzBlNmQ2ODgxYTVkYzRhNDY3YWY4MDFlNTA5YmRiMw
102153   ,AC Trefoil Shop Bag white                                  , You can store your shopping or your favourite belongings for every day use into the adidas AC Trefoil Shop bag.                                                                                                                                                                          ,1.98   ,adidas Originals|streetwear|160400     ,https://localhost:9002/medias/?context=bWFzdGVyfGltYWdlc3wyNDIxM3xpbWFnZS9qcGVnfGFXMWhaMlZ6TDJobVl5OW9aR0l2T0RjNU5qa3lNVEkyTmpJd05pNXFjR2N8MjBiNDAxZTgxYjkxNGE2ZWNlY2I1MjI0MWFhOGJjN2JkNjZiODc2ZjQ2MThkZWQ3OTRlNGFkZjhhM2M3ZTA2NA
102277   ,Trace Helm                                                 , You could say you never bail and we could say you never try. For those who go for it on a daily basis                                                                                                                                                                                    ,40.46  ,450100|Red|snow                        ,https://localhost:9002/medias/?context=bWFzdGVyfGltYWdlc3w0Nzg2OHxpbWFnZS9qcGVnfGFXMWhaMlZ6TDJnNFpDOW9NRE12T0RjNU5qY3hPRGt5TXpnd05pNXFjR2N8YWFiNGU3ZDBlNDYzOTBkNjNjZDFhNWU2OTZmOTJjMTNkM2JjN2YyMWEzMjUxZWVjOTYxMzQwM2U0MmI2OWRiZQ
102278   ,Trace Grom Helm youth                                      , Made for the preschool ripper that puts you to shame                                                                                                                                                                                                                                     ,32.36  ,450200|Red|kids                        ,https://localhost:9002/medias/?context=bWFzdGVyfGltYWdlc3w1NDQ0MnxpbWFnZS9qcGVnfGFXMWhaMlZ6TDJneFppOW9PRGd2T0RjNU5qZzROek0xTVRNeU5pNXFjR2N8YmNkNjA0NTNjYmY4MDkyNGNiMjE4N2U2NjU0M2ZjYmUyMDQ2YjUxYzA3MGIwMWJhMmVkY2FmODY1ZGM1YmI3ZQ
102284   ,Tracker Insulated Jacket Youth                             , Let it storm children!<br /><br />The youth know. They hike past legs twice their length in pursuit of visions that rip them from sleep.                                                                                                                                                 ,97.16  ,Volcom|snow|kids|330100                ,https://localhost:9002/medias/?context=bWFzdGVyfGltYWdlc3w1NTg0MHxpbWFnZS9qcGVnfGFXMWhaMlZ6TDJneU5TOW9Zakl2T0RjNU5qYzRNREU1T1RrMk5pNXFjR2N8MzY3MjcyZjVhYzA0MmM4MzI1NTI2MGJhZTk3MTdlODMwMTAxMGRlNDVmZjU3NTcxOGUxYzQ5MDI0Mzc0MDI0Nw
103088   ,New Standard SS                                            , Set a new standard with the trendy Standard tee by Volcom. 100% Cotton                                                                                                                                                                                                                   ,20.21  ,Volcom|streetwear|250100               ,https://localhost:9002/medias/?context=bWFzdGVyfGltYWdlc3w0MjE0NHxpbWFnZS9qcGVnfGFXMWhaMlZ6TDJneE15OW9Nemd2T0RjNU5qazBOalE1TnpVMk5pNXFjR2N8ZjE2M2UzYzc3MDhkZjBmM2FkMTU4ZTQ2OTBhOTA0MDk3ZDhiMmVmOTM1MDlkMmY0NWUzMmNjNjBiODJlMjNjZA
103151   ,Transplant Flexfit Cap                                     , A trendy Volcom Stone logo on the Transplant Flexfit cap. 98% Cotton 2% Spandex                                                                                                                                                                                                          ,24.26  ,Volcom|220600                          ,https://localhost:9002/medias/?context=bWFzdGVyfGltYWdlc3w2NzkyNHxpbWFnZS9qcGVnfGFXMWhaMlZ6TDJnNVl5OW9Oak12T0RjNU5qazJOelEyT1RBNE5pNXFjR2N8MmMwNjQ4ZDEzZTQzMWQwZjM4YzUwZTE2Y2M4OTg0MzVjOGI4YTA3ZDRmNjIzYThjMzQxZjZjNWQ2NGY3ZWQ2Ng
103335   ,Kelly Jacket Women                                         , The Kelly Jacket by WLD is a top cut jacket for all the girls out there                                                                                                                                                                                                                  ,80.95  ,200100|WLD|snow                        ,https://localhost:9002/medias/?context=bWFzdGVyfGltYWdlc3w2ODIxMXxpbWFnZS9qcGVnfGFXMWhaMlZ6TDJobE1DOW9NREV2T0RjNU5qZ3lNekV5TmpBME5pNXFjR2N8ZjkxN2Y3YzQ0NTVlODQyNWRmMjMwOGY0ZTg0NDllZmEzMWY4YzBlN2JlMWQyMWIyYWU5ZDE4NGQ3ODZkZDYxNw
103410   ,Last Mission Jacket                                        , This is the Quiksilver classic and it always presents itself in a new outfit. Even if you thought you have seen them all you will always find a new one. The Last Mission Jacket presents itself in new colours                                                                          ,64.7600,190100|Quiksilver|snow                 ,https://localhost:9002/medias/?context=bWFzdGVyfGltYWdlc3w2ODY1MHxpbWFnZS9qcGVnfGFXMWhaMlZ6TDJnek55OW9aV0V2T0RjNU5qWTRNVFUyT0RJNE5pNXFjR2N8NjU4OWNjYzIxMmRmN2YyYjRjMGUxZTE3MzcxMzIzNWM5YWRhNDRhMGVjNWIxYWY3OTc2YWFhN2U4MGY0ODI3NA
104176   ,Nightlife T-Shirt Women                                    , Features:<br /><br /> <br />+ 50% COTTON                                                                                                                                                                                                                                                 ,64.7600,260100|streetwear|Horsefeathers        ,https://localhost:9002/medias/?context=bWFzdGVyfGltYWdlc3wzMzQ0MHxpbWFnZS9qcGVnfGFXMWhaMlZ6TDJnMk5TOW9NV0l2T0RjNU5qZzJNakV4T1RrMk5pNXFjR2N8YWIzYTk2ZWYzZGVkM2I4ODYzODUxZmNjZGQyYzNlYTZlYzNmMDJlMWM5ODZlZjM4YTU0Y2FjMzUxN2NmNDllMw
104396   ,BT Shopping Bag                                            , Not just for shopping. You can also use the BT Shopping bag for the beach or something else. 100% Polyester                                                                                                                                                                              ,1.58   ,Blue Tomato|streetwear|160700          ,https://localhost:9002/medias/?context=bWFzdGVyfGltYWdlc3wzODMzMHxpbWFnZS9qcGVnfGFXMWhaMlZ6TDJnNFpTOW9NbU12T0RjNU5qa3lNalUzTmpreU5pNXFjR2N8ZTAwMWEzNWE4NTkwMTZkZDM1OWQxYzc1OWFiYzBlNGIxN2JhYmQ3NWY0MWYyOGZjMzA2YmYzMzViYWEzOGQ5MQ
104485   ,Dream Team II Skate Backpack                               , You have already found your Dream Team concerning your Skate career… only a backpack is missing. Well then the Dream Team II Backpack by Skullcandy is the solution for you! It has skate straps                                                                                         ,60.71  ,160300|Skullcandy|streetwear           ,https://localhost:9002/medias/?context=bWFzdGVyfGltYWdlc3w2ODczNnxpbWFnZS9qcGVnfGFXMWhaMlZ6TDJobE9DOW9aRFl2T0RjNU5qa3lNelUxT1RrMk5pNXFjR2N8N2E5ZjU5OGNjNzMwODMyOWY4ZDVkZGU4ZWNlNTJhYTg5YWMyNmI4ZTllNjJkYTk3MmMzNWNiZTA5MjdkMTAwMQ
104668   ,The Reservoir Beanie                                       ," You will not find a more typical Beanie for Elm than the Reservoir Beanie. This beanie really has the Elm Fit"". 100% Acrylic""                                                                                                                                                        ",14.54  ,220500|Elm                             ,https://localhost:9002/medias/?context=bWFzdGVyfGltYWdlc3wzOTYxMHxpbWFnZS9qcGVnfGFXMWhaMlZ6TDJnNU1pOW9aR0V2T0RjNU5qY3pNek0wTVRjeU5pNXFjR2N8MjFlYTQ4MGY0MzdhNGI5MTlkNTBmNmM4YTE4N2MxNmY4NGNlZGE2NzdjODJjNmI4MGJiNzlkNTczNzk3ZmMzOA
104905   ,Kyrpton Rampage 11/12                                      , One of the most popular Freestyle boots in the world. The Krypton Rampage is a World Class performer developed specifically for all around the mountain versatility and performance.                                                                                                     ,242.96 ,110600|Dalbello                        ,https://localhost:9002/medias/?context=bWFzdGVyfGltYWdlc3w3ODk2MHxpbWFnZS9qcGVnfGFXMWhaMlZ6TDJnMVl5OW9NbUV2T0RjNU5qZzVNamt5TVRnNE5pNXFjR2N8NTFiMzYzMTRjMzBmNGFiNjk4ZTRhNGY4ZTc3ZjdmOTg5NTBkY2JmMDI1MzA4MTY2Nzk5ODY3YTczYTUxOTNhNw
105977   ,The Life Beanie                                            , Live you life… or something like that could have been the motto for the invention of the Life Beanie. Casual beanie with embroidered logo by Landing. 100% Acrylic                                                                                                                       ,15.35  ,Landing|220500                         ,https://localhost:9002/medias/?context=bWFzdGVyfGltYWdlc3w5NjczMHxpbWFnZS9qcGVnfGFXMWhaMlZ6TDJnd05DOW9OMll2T0RjNU5qYzBNalV4TmpjMk5pNXFjR2N8YzI5MDRkODg0ZWIzMTU4M2FkNWYxN2NlNmUyMmFhYzY2MWNhZDhhODc1NDhhODUxMGQ3NTM4NWNkOTFiMjUwZA
105979   ,The Stripee Fresh Beanie                                   , You will always attract attention with this great beanie. The Stripee Fresh Beanie by Landing with trendy stripes and logo embroidery at front. 100% Acrylic                                                                                                                             ,26.69  ,220500|Landing                         ,https://localhost:9002/medias/?context=bWFzdGVyfGltYWdlc3w4NzEzNnxpbWFnZS9qcGVnfGFXMWhaMlZ6TDJoak1DOW9NalV2T0RjNU5qY3pOakk1TURnME5pNXFjR2N8ZmM2MGI2OTM2Mjg5YmEwZGVjZWYxZTlmNmJjNTcxOTZlZWE3ODZmMmJlNTY0YjhjZTZlOTg3Y2M2M2NmNWNjZg
107728   ,Score Mini Stripe Jacket youth                             , Sessions Score Mini Stripe Jacket                                                                                                                                                                                                                                                        ,97.16  ,Sessions|snow|kids|330100              ,https://localhost:9002/medias/?context=bWFzdGVyfGltYWdlc3wxMDQzNDd8aW1hZ2UvanBlZ3xhVzFoWjJWekwyaGtOUzlvWWpndk9EYzVOamM1TURBek1ETTJOaTVxY0djfDlkNjc0YTllYTI3ZjlmMjVlMjU0ODI3ZjU1ODM2NTEzMjdiZTQ2YmViMGQzNzQ1MjY3YjkwMjk5MmFhZTY2N2Q
108295	 ,Respect 164 11/12											 ,Featuring Variorocker and V-Tail for the big days on big mountains it will make you appreciate the surfy feel of this innovative concept																																					,291.56 ,F2-FTWO|snow|10100                     ,https://localhost:9002/medias/?context=bWFzdGVyfGltYWdlc3w0MDM1NXxpbWFnZS9qcGVnfGFXMWhaMlZ6TDJnMVl5OW9PR0V2T0RjNU5qYzNOakkyTnpnd05pNXFjR2N8MDk1MGJjNjJmZjcxMzc1NjAwZTFkNTk2M2JmYjRhM2IyMzJhZjY1YmY1N2FhMWFkZjRiMWU2MDAxODE1NjM4Yw
108803   ,Multilogo Good Looking SS Women                            , Unbelievable, but true! The Multilogo Good Looking T-Shirt by Roxy will get all eyes on you																																																,17.78	,260100|streetwear|Roxy                 
110839   ,Team 153 11/12                                             ," The Team line stands for Ästhetikers standards of hight quality woodcore snowboards produced in the Alps! A fair trÄde"" board featuring everything you need for a perfect day at your favourite spot																						",178.00	,10100|Aesthetiker|snow         ,https://localhost:9002/medias/?context=bWFzdGVyfGltYWdlc3w1MTUwMnxpbWFnZS9qcGVnfGFXMWhaMlZ6TDJoa01TOW9Zemd2T0RjNU5qYzNORGsxTnpBNE5pNXFjR2N8ZmYxYjI4ZmYzM2NhODRjNmU4MWY0NjllNDYxN2Q1MmVjYzUyNmI2NGIzNDIzMDM5YTdkNGY3MDhjYjE0ZjZjNg
111114   ,Biarritz Women                                             , Stylish watch with cool Roxy design!                                                                                                                                                                                                                                                     ,291.56 ,Roxy|370700                            ,https://localhost:9002/medias/?context=bWFzdGVyfGltYWdlc3w1NTg4N3xpbWFnZS9qcGVnfGFXMWhaMlZ6TDJnMk9TOW9ORFV2T0RjNU5qZzFOekl3TkRjMk5pNXFjR2N8Y2FhZjQyMmJiNjZmZmNmMDRlNDljM2EzNWU4YTgxZTg5MTAyNjk1NTNiN2E5MGY0Y2I3M2QxNmI5YzZjY2Y4NQ
115117   ,Vintage 86 blue havana striped                             , The Nike Vintage 86 is a highlight among the Vintage sunglasses                                                                                                                                                                                                                          ,17.78  ,Nike|210100                            ,https://localhost:9002/medias/?context=bWFzdGVyfGltYWdlc3wyNjM4OHxpbWFnZS9qcGVnfGFXMWhaMlZ6TDJoak9DOW9NalV2T0RjNU5qa3lOakU0TVRRd05pNXFjR2N8MjBlMTRlMThmZmE2MjBjMjRjMDcxYjdmYzMwM2FmYjJjODIzZDY2ZTg5NTRjYTg4NzE4OTg1YmY5MjQ5NzcyYw
115118   ,Vintage 88 black havana                                    , The Nike Vintage 88 combines an old school look with up to date design. The multiple layers of colours and the authentic hinge construction                                                                                                                                              ,178.16 ,Nike|210100                            ,https://localhost:9002/medias/?context=bWFzdGVyfGltYWdlc3wyNjg4NnxpbWFnZS9qcGVnfGFXMWhaMlZ6TDJnMllpOW9PRGt2T0RjNU5qa3lOVGcxTXpjeU5pNXFjR2N8MzUwOTM3MmZmYTQzZDYxZjg0YWZiNzcxNGU4ODY0ZmY1NzEyNDM0NTIwNzQxNjJiODE3NTg1Y2ViOTAyOTE4OQ
115195   ,The Dial Women                                             , The Nixon The Dial watch is every girl's dream!                                                                                                                                                                                                                                          ,80.9599,370700|Nixon                           ,https://localhost:9002/medias/?context=bWFzdGVyfGltYWdlc3w1ODMwMXxpbWFnZS9qcGVnfGFXMWhaMlZ6TDJnNE1DOW9OR1V2T0RjNU5qZzFOamczTnpBNE5pNXFjR2N8YmIwYTVmN2JkNmIzZDJkOWMyNGMzNWM2OWQ5ZDU2ZDkyNjA4MGYzZDczODA5YjExZTBlYWQwMmU3MzM3ZTlhYg
115202   ,The Player                                                 , The Nixon Player watch combines magnificant steel with style and diamonds! A mixture women can't resist!                                                                                                                                                                                 ,72.86  ,340000|Nixon                           ,https://localhost:9002/medias/?context=bWFzdGVyfGltYWdlc3w1MTg4NXxpbWFnZS9qcGVnfGFXMWhaMlZ6TDJoaVlpOW9PV0V2T0RjNU5qZzFPVEUzTURnME5pNXFjR2N8ZWNhYzMzY2Q3MzNlMjdkNzc1YThlNzA1YmYzMmM1NjA1MDhlMGZjODVkODIxOGQ5NDA0NmQ0OGFkYmM0MDNjZA
115755   ,Ekeel 6.3 G/O Fish                                         , The new traditional fish design developed exclusively with Joe Curren. The Even Keel by Al Merrick comes standard with double foil wood keel fins and 6+6/4 layups that achieve ideal swing weight and momentum through turns. Joe’s board of choice over 50% of the time                ,72.86  ,Al Merrick|surf|350100                 ,https://localhost:9002/medias/?context=bWFzdGVyfGltYWdlc3wyMTg2M3xpbWFnZS9qcGVnfGFXMWhaMlZ6TDJnd1lpOW9PR1F2T0RjNU5qZzVNemt3TkRreU5pNXFjR2N8ODMwODU4ZDU2ZmFmYjkwYWY1ZGM2ZjY1NmQ3YjM1MjIzMmViNjYyMDMxY2JmYWJlNGE5MzExZDc3ODNmNzcwZg
117080   ,Monster SS Youth Girls                                     , Girls This one on the new Blue Tomato Monster t-shirt for specially for girls                                                                                                                                                                                                            ,56.66  ,Blue Tomato|kids|streetwear|270100     ,https://localhost:9002/medias/?context=bWFzdGVyfGltYWdlc3w1MDc1MnxpbWFnZS9qcGVnfGFXMWhaMlZ6TDJnME1pOW9NbUl2T0RjNU5qZzROREEzTkRVeU5pNXFjR2N8MTI1NDNhZTI3YzVlMDllOTA2MGYyZTQ5NjE3M2MxYmU0NGYxNDRiOTNhNGMwNDcxMzEzMGViNjZmMDZhYmI3Mw
117204   ,BT Contrast Cap                                            , The Blue Tomato Contrast cap is the one piece missing in your wardrobe. 97% Cotton 3% spandex                                                                                                                                                                                            ,210.56 ,Blue Tomato|220600                     ,https://localhost:9002/medias/?context=bWFzdGVyfGltYWdlc3w0MTkyNXxpbWFnZS9qcGVnfGFXMWhaMlZ6TDJoa09DOW9NRGd2T0RjNU5qazJOakUxT0RNMk5pNXFjR2N8MzNjMmJmZGU5MzZhZmFlMzE2NzM1YTE4MGM4ODZmZWI2M2MyODYzMWY3ZDNiNDQ3MWYzZmE0NmUyMDY4NzdmYw
117205   ,BT Full Splatter Cap                                       , The Blue Tomato Full Splatter Cap brings the missing style points. 97% cotton 3% spandex                                                                                                                                                                                                 ,720.86 ,Blue Tomato|220600                     ,https://localhost:9002/medias/?context=bWFzdGVyfGltYWdlc3w0NzEzOXxpbWFnZS9qcGVnfGFXMWhaMlZ6TDJoall5OW9ZekV2T0RjNU5qazJOemM1TmpjMk5pNXFjR2N8NTQ4NzE1MTg2MWM5MzJhMDcyOWRjMDk1YWZlZTFkN2NlZmM2ZjIyMzVjNTJkOTliNWNkYjQ5MTZkZWE2YzUxOA
117210   ,Faded Droid Cap                                            , The droid. Faded Cap let you never fade away. 97% Cotton 3% spandex                                                                                                                                                                                                                      ,12.92  ,droid|220600                           ,https://localhost:9002/medias/?context=bWFzdGVyfGltYWdlc3w1MTE3OHxpbWFnZS9qcGVnfGFXMWhaMlZ6TDJnMllTOW9PV1l2T0RjNU5qazJOekUwTVRRd05pNXFjR2N8OGIwNmFmZWY3YjU2ODE5MjFlN2ZkMjgxYWJkZDdkZTA4MjUyN2FiZGUzM2E1MWI1YzY2MThjM2NjYmNmZDkzZQ
117211   ,Easy Beanie                                                , The droid. Easy Beanie - keeps your head warm easily. 100% acrylic                                                                                                                                                                                                                       ,11.3   ,220500|droid                           ,https://localhost:9002/medias/?context=bWFzdGVyfGltYWdlc3w4Mzc1NHxpbWFnZS9qcGVnfGFXMWhaMlZ6TDJneU1DOW9NbVV2T0RjNU5qY3pNRE01TWpZd05pNXFjR2N8OTRjYmExMWYxZTUxN2E3OWZkNTVlMDkwZTliOGU5ZjRjMDc2ZDA1NDIxYzhlMGVmNTUzMTg1ZjE2N2ZmZTBmMw
117452   ,X8CH 154.5 11/12                                           , Snappiest rocker on offer.<br /><br />Focus the aggressive power of Camber beneath the feet and you get the X8 with Camber Humps                                                                                                                                                         ,11.3   ,10100|Burton|snow                      ,https://localhost:9002/medias/?context=bWFzdGVyfGltYWdlc3w0NDQ1OXxpbWFnZS9qcGVnfGFXMWhaMlZ6TDJneU5DOW9OekF2T0RjNU5qYzNOVFl4TWpRME5pNXFjR2N8MTAxMzQwODQzNmUyYjg0ZWFhNjFlMGI2MGQ0ZDA1MDk3OGIzN2YzYTM5ODkwNGZlMTNlNTZmMWJkMWQ1NGJmNA
117896   ,Acid SS                                                    , The Acid t-shirt by Quiksilver got an unique look for you due to the washing. 100% Organic Cotton                                                                                                                                                                                        ,11.3   ,Quiksilver|streetwear|250100           ,https://localhost:9002/medias/?context=bWFzdGVyfGltYWdlc3w0OTE2MHxpbWFnZS9qcGVnfGFXMWhaMlZ6TDJnd05DOW9NREl2T0RjNU5qazFNVEE0TlRBNE5pNXFjR2N8ZDgzNDAyMGVhNmVlNzZlMDhkMjI4OTIzMjM5MjY3OTc3NjEwYzFmNmVmNWM5Y2RjM2E4ZmQwNDZmNTgxNWM2Mw
117900   ,Ginga Cap                                                  , The Ginga Cap by Quiksilver won't only protect you from the sun                                                                                                                                                                                                                          ,16.16  ,Quiksilver|220600                      ,https://localhost:9002/medias/?context=bWFzdGVyfGltYWdlc3w1MzQwOHxpbWFnZS9qcGVnfGFXMWhaMlZ6TDJoaU5TOW9NVEV2T0RjNU5qazJORFV4T1RrMk5pNXFjR2N8YWFhODM0MDViMGVmNjgzYTBkZGU0NWJlOTgzZjhlNTVjMTRlMGYyYzBlNDMyYzA0NzIxOTRhMDA4ZTRjZWIxNw
117909   ,Handshake Belt                                             , You can wear the Handshake Belt by Quiksilver to every outfit. 100% PU                                                                                                                                                                                                                   ,307.76 ,251100|Quiksilver|streetwear           ,https://localhost:9002/medias/?context=bWFzdGVyfGltYWdlc3w5MDM5N3xpbWFnZS9qcGVnfGFXMWhaMlZ6TDJneU1pOW9ZMkV2T0RjNU5qa3lPRGd3TWpnME5pNXFjR2N8MTAwYTIwMzM4YjgwM2Y4ZjQ0MmJiM2JmOTY0OTU0Mjk5MjdiZTA0OGRjMzA3NTBlMmExMmQzMTY3YzRiZWUyMw
117911   ,Granda Belt                                                , The Granda Belt by Quiksilver is an awesome leather belt that fits to every outfit. 100% Leather                                                                                                                                                                                         ,28.31  ,Quiksilver|streetwear|251100           ,https://localhost:9002/medias/?context=bWFzdGVyfGltYWdlc3w4NDAwMXxpbWFnZS9qcGVnfGFXMWhaMlZ6TDJnM1lpOW9Nek12T0RjNU5qa3pNalF3TnpNeU5pNXFjR2N8YTc1MWE4MTE4NDgyN2JlYzRlNTgxMDRlODE1YjY1ODdhMzFkYzYxMTNmNmM0MTllNmVhZWUxZDY1MmZkMGE2NQ
118174   ,Sixo Cargo Short                                           , No sweat! Wear the cool Sixo Cargo Shorts by Nike and you'll look great wherever you go. 100% cotton                                                                                                                                                                                     ,28.31  ,Nike 6.0|streetwear|250600             ,https://localhost:9002/medias/?context=bWFzdGVyfGltYWdlc3w2NTI2NnxpbWFnZS9qcGVnfGFXMWhaMlZ6TDJnNU9DOW9NVE12T0RjNU5qa3dOemd6TVRNeU5pNXFjR2N8YWQ0ZmNjOTBhMmFjMDQ4Y2E4ZTcyNzAwMmFhNmUyYzNjMjIyYjUyN2YwMTcwN2M3NDI1ODBhNzBjMGYxMWRmYQ
118313   ,Star SS                                                    , The Star Standard fit t-shirt with DC logo print. A definite winner. 100% Cotton                                                                                                                                                                                                         ,28.31  ,250100|DC|streetwear                   ,https://localhost:9002/medias/?context=bWFzdGVyfGltYWdlc3wzNzg5N3xpbWFnZS9qcGVnfGFXMWhaMlZ6TDJnNVlpOW9OMk12T0RjNU5qa3pOVFk0TkRFeU5pNXFjR2N8ZDYyYjYwMjBmYWFkNTMwMjEwNmM1ODFmM2NlYjE0NzA5OGMzYTMyOTc5OGJhZjQ3YzNiOTk3MDJlYTViMTJmNQ
118514   ,Avionics Shades Black                                      , The Avionics Shades Black by Vans aren't just for pilots! But they still give you that ultra-cool look on every Party. 100% brass frame / 20% cellulose acetate                                                                                                                          ,40.46  ,210100|Vans                            ,https://localhost:9002/medias/?context=bWFzdGVyfGltYWdlc3wyMzQxM3xpbWFnZS9qcGVnfGFXMWhaMlZ6TDJnellpOW9NbUl2T0RjNU5qa3lOVFV5TmpBME5pNXFjR2N8MGUyM2I1Zjk3ZGFkZDdlODk1ZDY1YjI2Yzk2NDBjOGU2ZTVkNTI5ODcyMzdjODg0ZGM1ZWM4NjQ1MDI4NTY1Mg
118591   ,Frickin Too Short 22''                                     , When you think of chino's                                                                                                                                                                                                                                                                ,44.51  ,250600|Volcom|streetwear               ,https://localhost:9002/medias/?context=bWFzdGVyfGltYWdlc3w0MjEzMnxpbWFnZS9qcGVnfGFXMWhaMlZ6TDJnNFpDOW9Oekl2T0RjNU5qa3dNalU0T0RRME5pNXFjR2N8NjBlNjI0OGE3NTJlYzBiZmNlYTJjMzZiMjhiZGY4MTYzMGVmOWQzZGVhNzc2ZDQ5YzRjNDk3M2FlMDdlZjMxOQ
118603   ,Laundry Chino Short                                        , You don't want to put the Laundry Chino Pant by Volcom in the laundry because you can't wear it at this time. 100% Cotton                                                                                                                                                                ,28.31  ,250600|Volcom|streetwear               ,https://localhost:9002/medias/?context=bWFzdGVyfGltYWdlc3w4NTQyMXxpbWFnZS9qcGVnfGFXMWhaMlZ6TDJobE5TOW9Nemt2T0RjNU5qa3dOVFV6TnpVMk5pNXFjR2N8MDc4NjFmNjFkMzRiYzYxNzE2NzQxMDE1ZGNmM2Y2YjEzYTcyMzYyOWE3OGI4ZWQzOTU1NzM5NmQ4MDQ0NTZjOQ
118693   ,Secret Spot Belt Women                                     , Roxy's Secret Spot Belt is a printed cotton belt with metal roller buckle with Roxy enamelling.                                                                                                                                                                                          ,14.54  ,Roxy|370900                            ,https://localhost:9002/medias/?context=bWFzdGVyfGltYWdlc3w1MTYzN3xpbWFnZS9qcGVnfGFXMWhaMlZ6TDJnNFlpOW9Oamt2T0RjNU5qa3lOemd4T1Rnd05pNXFjR2N8MzVhZWI4OTM2ZGIwNThjNWUzZjg3ZWFlN2NiZTQ2NDMxZTQ1OGFiYmZjZWZmODNmOWEzZjI2MmE5ZDYwOWJhYw
118720   ,Bene Women                                                 ," Roxy's Bene are simple but classy sandals for every day. <font size=4"">Sizes are EU</font>""                                                                                                                                                                                          ",40.46  ,Roxy|400300                            ,https://localhost:9002/medias/?context=bWFzdGVyfGltYWdlc3wzNDIyMnxpbWFnZS9qcGVnfGFXMWhaMlZ6TDJnNE55OW9aRGt2T0RjNU5qa3hPRE14TnpBNE5pNXFjR2N8OGMyNGMwNTRkMmRkYzA2OTgyMDhiZWU5YTg3YTVjMzJkYTgyZWYyNTYyODYzODNhN2QyMzZkNzM2YjkwYjYzNw
118833   ,Purma Backpack                                             , The Purma Backpack by Volcom offers great organization and storage for your everday needs! Main compartment features roomy interior to accommodate your books                                                                                                                            ,52.61  ,160300|streetwear|Volcom               ,https://localhost:9002/medias/?context=bWFzdGVyfGltYWdlc3w2MzAwMHxpbWFnZS9qcGVnfGFXMWhaMlZ6TDJnek9DOW9PVEl2T0RjNU5qa3lNekl6TWpJNE5pNXFjR2N8MzNhZWQ3MjA2OGQzYjkyMDk3NTI0OTU4YTlkNmQzN2Y4YmYxZmZmNGJjZjNmY2YzNTcwNDg1ZDAyM2I4NGJhYw
118859   ,Assortment Web Belt                                        , The Assortment Web Belt by Volcom is a cotton webbbing belt with a metal bottle opener buckle. 100% Polyester                                                                                                                                                                            ,20.21  ,streetwear|251100|Volcom               ,https://localhost:9002/medias/?context=bWFzdGVyfGltYWdlc3w2Njk2NnxpbWFnZS9qcGVnfGFXMWhaMlZ6TDJnMk9DOW9Oekl2T0RjNU5qa3lPVFExT0RJd05pNXFjR2N8OWQzMDhmOWRlMDY0YmRkZjA5NzI3NDQ3NTAzNTc5YzNmZDY5ZDM0YTIzMGQ4NzE1OWFlNzIyMWFmNDU1MWIwYQ
118871   ,Maguro Pu Belt                                             , Another stylish belt with a Maguro design and logo embroidery. 100% polyurethane.                                                                                                                                                                                                        ,20.21  ,streetwear|251100|Volcom               ,https://localhost:9002/medias/?context=bWFzdGVyfGltYWdlc3w3NDIzNnxpbWFnZS9qcGVnfGFXMWhaMlZ6TDJobVlTOW9NemN2T0RjNU5qa3pNVGMxTVRrMk5pNXFjR2N8ODllZWQ2NDYyMzU0MTQxYjZjNjc5N2MyNWUyYWNkM2FhZGRhNzMxNzA3NWYxNGFmY2U3M2UwYjY4ODhjMjhiZQ
118879   ,Incision Leather Belt                                      , The Incision Leather Belt by Volcom will change your life. 100% Leather                                                                                                                                                                                                                  ,56.66  ,streetwear|251100|Volcom               ,https://localhost:9002/medias/?context=bWFzdGVyfGltYWdlc3w1NjU4OXxpbWFnZS9qcGVnfGFXMWhaMlZ6TDJnNVl5OW9Namd2T0RjNU5qa3pNRGMyT0RreU5pNXFjR2N8NTY0MGM5ZjUyODA2MGQzMzJiNjg0ZTg4YzkxYWJkNzYzY2VjM2ExZjYyMjY1YTAwYmQxMDM3NzdlNWJlNjhjNg
118893   ,I Love Tee SS Women                                        , The I Love t-shirt by Billabong got an awesome I Love Billabong Print. 50% Cotton                                                                                                                                                                                                        ,20.21  ,260100|Billabong|streetwear            ,https://localhost:9002/medias/?context=bWFzdGVyfGltYWdlc3w1Mjk3MXxpbWFnZS9qcGVnfGFXMWhaMlZ6TDJnMk5TOW9Zell2T0RjNU5qazFNemN3TmpVeU5pNXFjR2N8ZmYxZGE5NjI5ZTU2MTA3ZTlhNWM5ZWQxY2IwZjMzODI5NjUyMjAzNzBjZWU3ZjIxMmZkNTBjZTM1NjRmM2ViNQ
118894   ,Lola Tee SS Women                                          , The Lola Tee by Billabong got an awesome front print. 50% Cotton                                                                                                                                                                                                                         ,24.26  ,Billabong|streetwear|260100            ,https://localhost:9002/medias/?context=bWFzdGVyfGltYWdlc3w2MzM3NXxpbWFnZS9qcGVnfGFXMWhaMlZ6TDJoa05TOW9NemN2T0RjNU5qazFPRFl5TVRjeU5pNXFjR2N8NGJlYjNhNmY2MDI5Y2MxOWZmYzYyNWRmZTNjMGQ0Y2RlNmRhZTY2YWFkMmZmZDdlMjQ5ZjFkNmU0MTFlNmNjZg
118899   ,Maguro Print Boardshort Youth                              , Jump in the waves! Nothing can stop you in these cool Maguro boardshorts by Volcom. All-over print and logo embroidery. 100% polyester                                                                                                                                                   ,40.46  ,Volcom|kids|streetwear|270600          ,https://localhost:9002/medias/?context=bWFzdGVyfGltYWdlc3w5MDMwOXxpbWFnZS9qcGVnfGFXMWhaMlZ6TDJnNFpTOW9OMlV2T0RjNU5qa3hNRGM0TURRME5pNXFjR2N8M2VhNjY0NjE2MGJkNGQ1NmJmY2U5ZjY4MWU5Nzg5MDI1MjA2NTRiYmY4NzZlODllYWM3NmYzZTZmYzg2OGQ2YQ
121832   ,Strybal Scoop Tee SS Women                                 , The Strybal Scoop Tee is a super nice printed Volcom Tee. 100% Cotton                                                                                                                                                                                                                    ,24.26  ,260100|Volcom|streetwear               ,https://localhost:9002/medias/?context=bWFzdGVyfGltYWdlc3w0ODk3N3xpbWFnZS9qcGVnfGFXMWhaMlZ6TDJoaE5DOW9ORFl2T0RjNU5qazFNVGMwTURRME5pNXFjR2N8MzRmY2JmMTQ3NDQ5OTRkOWQzMTNmZWEzNWI3YjBiNTAwN2MzOTA2MWI3YjRkNmViM2MxMTJhM2MwZWFkNzYxOQ
121868   ,Strybal Dress Women                                        , The Strybal Drss by Volcom is a super nice Dress with an awesome all over print. 100% Cotton                                                                                                                                                                                             ,24.26  ,260700|Volcom|streetwear               ,https://localhost:9002/medias/?context=bWFzdGVyfGltYWdlc3w2MzQ0NHxpbWFnZS9qcGVnfGFXMWhaMlZ6TDJoak9DOW9aRGt2T0RjNU5qZzVOakF6TkRnME5pNXFjR2N8YzZkM2ZhNWIyNDQ3NmYyZmI3MjA5OGRkM2ViN2RlMmVlMTQxZDhjMjhmM2Q3MWVjNmRkZjAyMzRmMWEzMzY4YQ
121939   ,Forever Creedlers Women                                    ," You never wanted to wear your shoes forever? The Forever Sandals by Volcom will be the first pair you want to wear forever. 75% Polyurethane 25% Molded EVA<font size=4"">Sizes are <strong><u>US</u></strong></font>""                                                                ",40.46  ,400300|Volcom                          ,https://localhost:9002/medias/?context=bWFzdGVyfGltYWdlc3w0OTk4MnxpbWFnZS9qcGVnfGFXMWhaMlZ6TDJnNU55OW9NbUl2T0RjNU5qa3hOakF5TXpNeU5pNXFjR2N8ODNiZjk3NGI3ZDVlODBmMDA1YzVmN2JkMjBlY2Q1OGQyMzYxZDVmYTRmZDk1M2Y3MjE3OTQ3MjdjM2Q1MWE0MQ
121941   ,Rocking 2 Creedlers Women                                  ," The Rocking 2 Women are comfortable sandals with EVA footbed and EVA outsole. Volcom knows how to make you feel comfortable. <font size=4"">Sizes are <strong><u>US</u></strong></font>""                                                                                              ",28.31  ,Volcom|400300                          ,https://localhost:9002/medias/?context=bWFzdGVyfGltYWdlc3w3MzQ1M3xpbWFnZS9qcGVnfGFXMWhaMlZ6TDJnMk1DOW9ZMkV2T0RjNU5qa3hOalkzT0RZNE5pNXFjR2N8YTkwMzRjYzg5ZDQ0M2ZmM2QwNzlmZWM5MzQzNjAyZGNiMGIzMjI1ZmU2MWMxM2ZkZGIyM2U4NGQ5ZTkzMTFjMw
121942   ,Rocking 2 Creedlers Women                                  ," You wanna rock the next beachparty? Try the Rocking 2 Sandals by Volcom. 70% Molded EVA 30% TPR<font size=4"">Sizes are <strong><u>US</u></strong></font>""                                                                                                                            ",44.51  ,400300|Volcom                          ,https://localhost:9002/medias/?context=bWFzdGVyfGltYWdlc3w2NDg3N3xpbWFnZS9qcGVnfGFXMWhaMlZ6TDJnME55OW9ZamN2T0RjNU5qa3hOems0T1RRd05pNXFjR2N8NWFiODlmZjgxNjExMjI1N2MyYWZhMGYzYmYyNjhmYzU0YTRjNjIyY2EzYWEzMjgxM2VlY2M2MjhjYjBjZTRkYQ
122041   ,Pledge Short                                               , The lumberjack look isn't restricted to shirts - the Pledge plaid shorts by Element look just as awesome! 100% cotton                                                                                                                                                                    ,24.26  ,Element|streetwear|250600              ,https://localhost:9002/medias/?context=bWFzdGVyfGltYWdlc3w3MzEzMXxpbWFnZS9qcGVnfGFXMWhaMlZ6TDJoaE9TOW9PVFF2T0RjNU5qa3dOamcwT0RJNE5pNXFjR2N8NzIwMzM2MTA4OGY2OWFkMWQzMWNmYjU1MmY4M2Y5YTY2ZjYyMjNmOTA1ZDhjNTNjYmNjMDQ4ZWJlY2VlYmQ5Yw
122059   ,Eat                                                        , Sleep Dream SS F, Eat sleep, dream! What more could you ask for? Follow your passion with the stylish Eat, Sleep Dream T-shirt by Element!                                                                                                                                               
122072   ,Element Flat Cap                                           , Non-adjustable cap by Element. The Flat Cap is a casual and nice cap with an athletic flavour. 100% Cotton                                                                                                                                                                               ,14.54  ,Element|220600                         ,https://localhost:9002/medias/?context=bWFzdGVyfGltYWdlc3w1Mzk5M3xpbWFnZS9qcGVnfGFXMWhaMlZ6TDJoaFpDOW9ZbUl2T0RjNU5qazJOVFV3TXpBd05pNXFjR2N8YTlhOGY1NmE0MTBkZTQzNTg5ZjAzNmUyMmZiNzc4ZGEyYmVjNDdhZWE4NTQ2NjcwNDk1NzJmZDgyYWUyODg5NA
122074   ,El Moro Hat                                                , You will always look awesome and chic with the EL Moro Hat by Element                                                                                                                                                                                                                    ,48.56  ,Element|220600                         ,https://localhost:9002/medias/?context=bWFzdGVyfGltYWdlc3w4MDE2OXxpbWFnZS9qcGVnfGFXMWhaMlZ6TDJoaE5TOW9ORFF2T0RjNU5qazJPRFExTWpFeU5pNXFjR2N8MWQ1MDRhYjIzNjhkMDBhMDBkMzRiMDk4MjQ1NzZlNTNkZjY5MmYwYTdkNzc0MzI3NWQxOTQ4YzU2NTJhYTRjNQ
122233   ,Nava-Roll the World Beach Tote Women                       , The Nava-Roll The World Beach Tote by Vans got a cute cat print with plastic goggly eye detail. 100% Cotton Canvas                                                                                                                                                                       ,28.31  ,Vans|streetwear|160400                 ,https://localhost:9002/medias/?context=bWFzdGVyfGltYWdlc3w0NTc2NXxpbWFnZS9qcGVnfGFXMWhaMlZ6TDJneU1DOW9Nell2T0RjNU5qa3lNVFU1TXpnNE5pNXFjR2N8MTIyMzFjZWIyMTFmMmNjODQyYWQ0MDJlODM3NTJiM2MzYTNiYTg1NmQ1MmMyYzZiNjAzNDgwNWI3OWFjNDdiMA
122312   ,System Tee SS                                              , The System SS is a standard longsleeve with Billabong lettering and logo. 100% Cotton                                                                                                                                                                                                    ,24.26  ,250100|streetwear|Billabong            ,https://localhost:9002/medias/?context=bWFzdGVyfGltYWdlc3w0OTkyM3xpbWFnZS9qcGVnfGFXMWhaMlZ6TDJnek15OW9ORGN2T0RjNU5qZzJOelk1TURVeU5pNXFjR2N8ZTcxYzQwZWMzNWI3NWMwZmFjZDBkMGQ1MTJlOWFkZmFiM2VlZjZlYjAyYTI2MDdiODY0ZTMxY2U3NjJmMjQ2Mw
122320   ,Eclipse Tee SS                                             , The Eclipse t-shirt by Billabong got an awesome Logo Print. 100% Cotton                                                                                                                                                                                                                  ,36.4099,250100|Billabong|streetwear            ,https://localhost:9002/medias/?context=bWFzdGVyfGltYWdlc3w1MzE0NHxpbWFnZS9qcGVnfGFXMWhaMlZ6TDJnNE1TOW9Nell2T0RjNU5qZzJOVEEyT1RBNE5pNXFjR2N8YTE0ZjA1MWM2ODhhN2I1NDZjNDg4YzlhZGUxZjc5MzAyNjI1N2EyNGNmYTQzYWQ2Mzk5OTUwNDk3ZjdmYmU2Ng
122321   ,Quad Tee SS                                                , The Quad t-shirt by Billabong got a nice softhand front photoprint. 100% Cotton                                                                                                                                                                                                          ,16.16  ,Billabong|streetwear|250100            ,https://localhost:9002/medias/?context=bWFzdGVyfGltYWdlc3w0MjA4MnxpbWFnZS9qcGVnfGFXMWhaMlZ6TDJoaE9DOW9OamN2T0RjNU5qazBORFV6TVRRNE5pNXFjR2N8ODZkOTU0YjMyZjcyNjNhMzgyY2JkODM4NDZmNmI3Y2I5NWNmNTliNTgzZWZiZmI2NThlYjgzNzA1YjdiZTJmMw
122333   ,Because Tee SS                                             , The Because t-shirt by Billabong don't need a reason to look awesome. 100% Cotton                                                                                                                                                                                                        ,21.83  ,streetwear|Billabong                   ,https://localhost:9002/medias/?context=bWFzdGVyfGltYWdlc3w0Njg0M3xpbWFnZS9qcGVnfGFXMWhaMlZ6TDJoa1lTOW9aR1F2T0RjNU5qZzNNVEk1TlRBd05pNXFjR2N8MzRlM2ZjNDI3ZTU0MmM4YzljN2E4NTJiOTJjY2M3ZmVmYjg1ODhhN2Q1MjYyZTUxYzQ0ZjU0MGYzM2U1MTY5MQ
122340   ,Jackson Tee SS                                             , The Jackson t-shirt by Billabong got an awesome vintage softhand print. 12                                                                                                                                                                                                               ,24.26  ,Billabong|streetwear|250100            ,https://localhost:9002/medias/?context=bWFzdGVyfGltYWdlc3w4NzEwOXxpbWFnZS9qcGVnfGFXMWhaMlZ6TDJnMk1pOW9aRGd2T0RjNU5qZzNNekkyTVRBNE5pNXFjR2N8MDVjMTk1NTQ2ZTRmM2ZiNzJmYjZjNjc1NzU1NDgyYTc1ZmUyYmZjYTUwY2ZlYTEzMjIxYWU1MTYwMGEwODFlNA
122379   ,Seizure Satchel                                            , No chance that Billabong forgets about the classic among their bags. Therefore the Seizure bag is again part of the collection                                                                                                                                                           ,24.26  ,160700|Billabong|streetwear            ,https://localhost:9002/medias/?context=bWFzdGVyfGltYWdlc3wzMDA4N3xpbWFnZS9qcGVnfGFXMWhaMlZ6TDJobU1DOW9aRGd2T0RjNU5qa3lNVGt5TVRVMk5pNXFjR2N8NThjMjY2MjhiZjYyNjExZmU3MGNlZjVmZWYzNzE0ZGU2NTc3MzU5Njc4YThiOTk2YjliYjQzMjdlZWYxYzJlYg
122394   ,Boxed Out Boardshort youth                                 , The Boxed Out Boardshort by Billabong got a nice square print. 100% Polyester                                                                                                                                                                                                            ,25.90 ',270600|kids|Billabong|streetwear       ,https://localhost:9002/medias/?context=bWFzdGVyfGltYWdlc3w4NjIzNHxpbWFnZS9qcGVnfGFXMWhaMlZ6TDJobU5DOW9ObVl2T0RjNU5qa3hNREV5TlRBNE5pNXFjR2N8YmNlZjkzM2QzZjk2MmZkNjIyOWE3YWFkNjI5MWNhMGZjZjFiYzRiYTMxNDQ2MmY4NzhjNTYwNjkxMDk5ODk1Mw
122405   ,Eclipse SS youth                                           , The Eclipse t-shirt by Billabong got an awesome Logo Print. 100% Cotton                                                                                                                                                                                                                  ,30.74  ,270100|kids|streetwear|Billabong       ,https://localhost:9002/medias/?context=bWFzdGVyfGltYWdlc3w1OTQwNnxpbWFnZS9qcGVnfGFXMWhaMlZ6TDJnNVlTOW9Oek12T0RjNU5qZzNOakl4TURJd05pNXFjR2N8ZGM2NDQzNzc1YTU4ZDdmNWEwNjA0MzMzNzdhNDljMzYyNjc2MzBhYTExOTcxOWIxMWFiZmMzOTFkMzIyZDc3Yw
122409   ,Asterisk SS youth                                          , The Asterisk t-shirt by Billabong got an awesome Photoprint. 100% Cotton                                                                                                                                                                                                                 ,34.79  ,Billabong|kids|streetwear|270100       ,https://localhost:9002/medias/?context=bWFzdGVyfGltYWdlc3w2MDA1OXxpbWFnZS9qcGVnfGFXMWhaMlZ6TDJnMU1TOW9Oemt2T0RjNU5qZzRNRFEzTURBME5pNXFjR2N8MmEzOThhMmE4NTc4NmU4MzAxOTRmMmNkZjM3NjNiY2I1OTMxZmU1YjFiZTdhOTk5NzEwZWQ3ZWQ4NzQ2MmMxZA
122410   ,Thort SS youth                                             , The Thort t-shirt by Billabong got an awesome front skate photoprint. 100% Cotton                                                                                                                                                                                                        ,44.51  ,Billabong|kids|streetwear|270100       ,https://localhost:9002/medias/?context=bWFzdGVyfGltYWdlc3w0NzExM3xpbWFnZS9qcGVnfGFXMWhaMlZ6TDJoaE5TOW9Oemt2T0RjNU5qZzRNalF6TmpFeU5pNXFjR2N8ZTVkOWEwNmM4YjZmYWQxMmJjMDRhNTY1MWMzMDE0OWJhYzkxYmRlZDNiMmY5NGQ4MGYzYjRjNzQ3NjQyODE5Mw
122412   ,Skull 80 SS youth                                          , The Skull 80 t-shirt by Billabong got a funky front print. 100% Cotton                                                                                                                                                                                                                   ,18.59  ,Billabong|kids|streetwear|270100       ,https://localhost:9002/medias/?context=bWFzdGVyfGltYWdlc3w1MTk0MnxpbWFnZS9qcGVnfGFXMWhaMlZ6TDJnNU1pOW9Zamd2T0RjNU5qZzNPVFE0TnpBd05pNXFjR2N8ZWRhMzBkMDAwNDA1NTI0OWFhNDViNmZiNTlmOWMzMjY4YmY3ZDdjMTAwYWEwYzdlYmY1MzM3ZjFkMGY3MDFlZQ
122447   ,Up Country Floral Dress Women                              , A summer's dream! Super cute dress with a flowery print and puffy sleeves                                                                                                                                                                                                                ,20.21  ,Quiksilver|streetwear|260700           ,https://localhost:9002/medias/?context=bWFzdGVyfGltYWdlc3w1ODYzN3xpbWFnZS9qcGVnfGFXMWhaMlZ6TDJoaU1DOW9aRGN2T0RjNU5qZzVPREF3TURreU5pNXFjR2N8OWU0ZmIzM2RiZjk0NWFlMWMyZTNkOTRjODE0MTBhNmJhNTRjYWIxNmM5NjY4MmNhNmM5NjdlZDA1MTk2ZDU1OQ
122459   ,Gusty Tote Ball Bag Women                                  , The Gusty Tote Ball Bag Women by Quiksilver won't let you down. Light beach bag for trips to the Oceanside or a shopping tour. 100% Cotton                                                                                                                                               ,20.21  ,160400|Quiksilver|streetwear           ,https://localhost:9002/medias/?context=bWFzdGVyfGltYWdlc3w1NzYyNXxpbWFnZS9qcGVnfGFXMWhaMlZ6TDJnNU9TOW9OalV2T0RjNU5qa3hPVFl5Tnpnd05pNXFjR2N8OWUxOTdiZmYyNzViZDY5N2E3Yjk2MDAyMDBmMWVkYjZjNDhiNjE2Y2FiYWJiNjQwMjMxZjhlNDQ3YjIyMGFlMA
122461   ,Wind Jammer Tote Beach Bag Women                           , Using the Wind Jammer Tote Beach Bag by Quiksilver you can cary everything you need with you. 100% Polyester                                                                                                                                                                             ,20.21  ,Quiksilver|streetwear|160400           ,https://localhost:9002/medias/?context=bWFzdGVyfGltYWdlc3w2NTg1OHxpbWFnZS9qcGVnfGFXMWhaMlZ6TDJnNE15OW9ObVF2T0RjNU5qa3hPVGsxTlRRNE5pNXFjR2N8ZjAwY2JlNDAyODMyZTYwN2Y5OGZiZWQ2MGE3ZjMxMDU1NTlhNTJjNzk0ZWMyMjcwMDgxMWU0YTdkNWFkY2FiMA
122670   ,Enterprize Cap                                             , You can´t miss the big and aggressive logo print of the Enterprize cap from Fox and also it does not do things by halves. 72% cotton 25% polyester 3% Elastane                                                                                                                           ,60.71  ,220600|Fox                             ,https://localhost:9002/medias/?context=bWFzdGVyfGltYWdlc3w1MzQyOHxpbWFnZS9qcGVnfGFXMWhaMlZ6TDJnellTOW9aVGd2T0RjNU5qazJNemcyTkRZd05pNXFjR2N8NTg0MzIwZmU5ZmM2ZGM1NWM5MzdlODdhODU0YzdkYWI4MGU3MjczYmNiZDI3ODZmNjZiNzQ5MzI1NDc0NjNkYQ
122723   ,Override Reversible Belt Women                             , A big metal Fox head use to be the belt buckle and so the Override Reversible belt looks on the one hand heavy and on the other hand dressy. 100% polyurethan                                                                                                                            ,32.36  ,Fox                                    ,https://localhost:9002/medias/?context=bWFzdGVyfGltYWdlc3w0MTIzOXxpbWFnZS9qcGVnfGFXMWhaMlZ6TDJnellTOW9ZMk12T0RjNU5qa3lOamd6TmpjMk5pNXFjR2N8OGI0YWY2Nzc4MDNjZmI0MjA2M2ZlNDk5NjllNDRkYTM3ZTY1YzEyNTIyMDdjMWI0ZTlkNWIzNTlmMzViZWViZg
122784   ,Overlay Cushion Women                                      ," Make your walk to the beach something special with the Overlay Cushion sandals by Reef. Zebra-patterned straps and memory EVA footbed. Synthetic/Satin<font size=4"">Sizes are <strong><u>US</u></strong></font>""                                                                     ",36.4099,Reef|400300                            ,https://localhost:9002/medias/?context=bWFzdGVyfGltYWdlc3w0OTk5MHxpbWFnZS9qcGVnfGFXMWhaMlZ6TDJneVpDOW9OMkl2T0RjNU5qa3hOak0xTVRBd05pNXFjR2N8NzVlZGNiYzBjZDcxMzViNDViYWFhZTdjOWU5Y2ExNjgyOTJlNGJhNGEzMzI1MmRjMDM4NmMyYmY2NzkwZjU3Ng
122800   ,Solo Parenth SS                                            , The Solo Parenth T-Shirt by Alien Workshop looks super spacey! 100% cotton                                                                                                                                                                                                               ,28.31  ,Alien Workshop|streetwear|250100       ,https://localhost:9002/medias/?context=bWFzdGVyfGltYWdlc3w0NzI4MnxpbWFnZS9qcGVnfGFXMWhaMlZ6TDJnNE15OW9NVGN2T0RjNU5qZzNORFUzTVRnd05pNXFjR2N8YTYwZjk3ZWI1MzZmODMxOWMzYTVlM2M5M2VlYzE4OTJhYzllMDc3MDk2Yjg1NDJhMmMyMGNlY2I0ODQ0OTQ5Mg
122811   ,Her Logo SS Women                                          , Simplicity is the key! The Burton Her Logo Women t-shirtis the best example.                                                                                                                                                                                                             ,370900 ,Burton|streetwear|260100               ,https://localhost:9002/medias/?context=bWFzdGVyfGltYWdlc3w0NDMxM3xpbWFnZS9qcGVnfGFXMWhaMlZ6TDJobFppOW9Nakl2T0RjNU5qazFPVGt6TWpRME5pNXFjR2N8MTk3ZDU2ODMyZmUzODNhM2EzMjIzMWE4MDI5NDhjYjFjM2NiZDM3NGQwYjU5OGUxZmU5YmUxOThmMjcwYzUyNA
123759   ,Rollercoaster SS                                           , Life is a rollercoaster! Especially with the Carhartt Rollercoaster T-Shirt. Featuring a graphic print by Playarea and a Carhartt sports label on the hem. 100% cotton single jersey                                                                                                     ,28.31  ,Carhartt|streetwear|250100             ,https://localhost:9002/medias/?context=bWFzdGVyfGltYWdlc3w0NTA0OHxpbWFnZS9qcGVnfGFXMWhaMlZ6TDJobVlpOW9NelV2T0RjNU5qazBPRFEyTXpZME5pNXFjR2N8MTExNDM3YjFmZWQ1YjFhMjY4NzI3ZGJiYWY5NmFlOWE4YTNmNmQ1NTgxOTNmNWI0YjkwMjU3MmI2OGJlN2RlMg
123922   ,Bike Bones SS Youth                                        , The Bike Bones Youth t-shirt by Quiksilver is not just a regular t-shirt. It's the ultimate allrounder to make sure you always look amazing! 100% Cotton                                                                                                                                 ,22.64  ,kids|Quiksilver|streetwear             ,https://localhost:9002/medias/?context=bWFzdGVyfGltYWdlc3w2MDc3N3xpbWFnZS9qcGVnfGFXMWhaMlZ6TDJoaVpDOW9NR1V2T0RjNU5qa3pNekEyTWpZNE5pNXFjR2N8NjZmZGUzNDMwZjA3NGM3ZDQ3OTYwNTIwNGIwNmI0OWU5NWY4NTBjZGRhM2ZkMTIzM2RjZTFjNjZkMzg4ZmY5Yg
123970   ,Baby II Bag Women                                          , The Baby II Bag by Element simply has it all. Practical size with a large main compartment and a smaller inner compartment                                                                                                                                                               ,21.83  ,Element|streetwear|160400              ,https://localhost:9002/medias/?context=bWFzdGVyfGltYWdlc3wxMTgxODV8aW1hZ2UvanBlZ3xhVzFoWjJWekwyZzBZUzlvWTJNdk9EYzVOamt5TURZeE1EZzBOaTVxY0djfGRlOTlkZTBjMWNlOTQwOTU4MmZlZjlkOTA2N2U5NTU1NzMzMmIwNjhmZGU5M2RkYzkwOGJhOTk1ZTg1OTkyNGU
124267   ,Airline Bag                                                , The adidas Originals Airline Bag brings back a classic midsize travel bag design from the archives.                                                                                                                                                                                      ,28.31  ,adidas Originals|streetwear|160300     ,https://localhost:9002/medias/?context=bWFzdGVyfGltYWdlc3w3OTY2M3xpbWFnZS9qcGVnfGFXMWhaMlZ6TDJnNE9TOW9NbVl2T0RjNU5qa3lOREl4TlRNeU5pNXFjR2N8MDczNmIyODg1NGJhNWQ3NTkwNzE1ODEyY2U2Mjk1N2FjMDM4MjExMDU4OTMyYzUyYTgwYWEzMTg5Yjc2N2M2Nw
124693   ,Rachel Women                                               , The Rachel Handbag by Dakine is perfect for shopping trips and nights out.                                                                                                                                                                                                               ,27.09 ',Dakine|streetwear|160400               ,https://localhost:9002/medias/?context=bWFzdGVyfGltYWdlc3w0NTI1MXxpbWFnZS9qcGVnfGFXMWhaMlZ6TDJnMU9TOW9Oemd2T0RjNU5qa3lNRGt6T0RVeU5pNXFjR2N8NjIzYWM3Mjk3ZmJiNzc4MmM1NTY2YTgyMWNmMzhkYjc5NzcyYzZjZmYwMjQ4MmMwZGYwODQ4YmNiYjE3NTIxMw
129704   ,The Lodown                                                 , The Nixon Lodown watch is the perfect surf guide.                                                                                                                                                                                                                                        ,28.31  ,340000|Nixon                           ,https://localhost:9002/medias/?context=bWFzdGVyfGltYWdlc3w1NzU0OXxpbWFnZS9qcGVnfGFXMWhaMlZ6TDJoaE9TOW9aV0V2T0RjNU5qZzJNVFEyTkRZd05pNXFjR2N8Nzc1MGZiYzY3YmFhNzBjNGY3MWFlYzQ5YmQ2YTE4Yzg0OWNlY2QxODNiMDc0MjZiZGQzZDNkM2I4YzhlMWYyOA
129707   ,The Private                                                , The Private by Nixon is plain but equipped with high-end engineering and materials.                                                                                                                                                                                                      ,40.46  ,340000|Nixon                           ,https://localhost:9002/medias/?context=bWFzdGVyfGltYWdlc3w2NDEwMXxpbWFnZS9qcGVnfGFXMWhaMlZ6TDJnMVpTOW9NMkl2T0RjNU5qZzVNVEk0TXpRNE5pNXFjR2N8MDJjMTE5ZjM2MTY0YTQzMTdkNTlhNjdkYjE0MWY4YWEzYmU4MDhlMDhlNGVjNTAwOTRiM2NmMWUyNTE0MDEzMg
130663   ,HD Hero2 Outdoor Edition                                   , GoPro cameras are used by more professional athletes                                                                                                                                                                                                                                     ,36.4099,222000|GoPro Cam                       ,https://localhost:9002/medias/?context=bWFzdGVyfGltYWdlc3w2OTY3MHxpbWFnZS9qcGVnfGFXMWhaMlZ6TDJnNFl5OW9PRGd2T0RjNU5qY3lPVEE0TVRnNE5pNXFjR2N8MGM5MjM4NGNkNTNmNGYwMTVhZDA0YTM2MDAwNjBkMmE5ZTJjMDQyMDExNGI4NzI0NjlkNDg3NDE0M2VmZDJlMw
132042   ,Tassara Pants Girls Youth                                  , The Tassara Youth Girl is the perfect all-around snow pant                                                                                                                                                                                                                               ,105.26 ,Orage|snow|kids|330700                 ,https://localhost:9002/medias/?context=bWFzdGVyfGltYWdlc3wzNTE2MXxpbWFnZS9qcGVnfGFXMWhaMlZ6TDJnMll5OW9NVE12T0RjNU5qYzVPVEl3TlRRd05pNXFjR2N8MzEyODM4NTM0YjBkYTBkNDNkMWEwYjViMmMyZDk5MWEyYjZmM2FmZjA4ZTI2NjJlNTI3YjA5NzdiYjNkNmRiOA
132871   ,Limited Jacket                                             , The perfect set up to reach your next freeriding level Further Improvements in performance and functionality ensures a perfect and dry ride in any freeride conditions. The “Limited” jacker supports your own way.                                                                      ,137.66 ,PYUA|snow|190100                       ,https://localhost:9002/medias/?context=bWFzdGVyfGltYWdlc3w0OTU3MHxpbWFnZS9qcGVnfGFXMWhaMlZ6TDJoaVlpOW9PRFF2T0RjNU5qWTVNakExTkRBME5pNXFjR2N8MjY2NTY5OTRhODkwMjNhYmRjOGVlMTdiNTQ0NTMxNTk5M2VmZjg5MmU2YWJhYWFiOTE4YzFlMjg1M2ZmODlkNQ
135304   ,Thermo Cork                                                , Polishing cork for polishing rub-on paste or liquid wax Perfect for working with 100% fluorinated top finish products                                                                                                                                                                    ,283.459,Toko|100200                            ,https://localhost:9002/medias/?context=bWFzdGVyfGltYWdlc3w4NjI3MXxpbWFnZS9qcGVnfGFXMWhaMlZ6TDJneVpDOW9ORGd2T0RjNU5qY3hPREkyT0RRME5pNXFjR2N8YzQ0MDkyZjFhN2JhMTY5NmU4MDdmMmM5MzE3ZTNmNWJlY2M3OWM1OWM2YzAxOWJmNTZhYTE3MzEzZmZkYTNjOQ
138966   ,Flow Tee SS Youth                                          , Just go with the flow and well dressed with the Flow t-shirt by Burton.                                                                                                                                                                                                                  ,80.9599,Burton|kids|streetwear|270100          ,https://localhost:9002/medias/?context=bWFzdGVyfGltYWdlc3w4ODU0MXxpbWFnZS9qcGVnfGFXMWhaMlZ6TDJnNFpDOW9OemN2T0RjNU5qZzRORFF3TWpJd05pNXFjR2N8MjJiYjI0OTRlMjJlY2Q2NDUwNDQwYWI3YzZiNzBmZjAwYzNlZTcyZTk4MzFkZWJjMDk3MTdjMzZlMGFkYjg2ZA
144862   ,Del Chaos Tee SS Youth                                     , Great standart fit tee by DC with eyecatching logo print on the front: The Delivering Chaos shirt. Unbeatable. 100% cotton                                                                                                                                                               ,485.96 ,DC|kids|streetwear|270100              ,https://localhost:9002/medias/?context=bWFzdGVyfGltYWdlc3w4NDQ5OHxpbWFnZS9qcGVnfGFXMWhaMlZ6TDJoaU5TOW9aRGN2T0RjNU5qZzROekF5TXpZME5pNXFjR2N8NjZjOWMxMjZlODAyZDkyOGRlYmRlMGRmYjYwYzY4Y2NjNGYwZDIxMjMxYTlkMGVlMGE2N2RmYTI3YWRjOGEyMg
21618    ,Base Brush Combi Nylon/Copper                              , An economical brush option of 1/2 nylon and 1/2 copper.                                                                                                                                                                                                                                  ,4.82   ,Toko|100200                            ,https://localhost:9002/medias/?context=bWFzdGVyfGltYWdlc3w0NDMxNHxpbWFnZS9qcGVnfGFXMWhaMlZ6TDJneU1TOW9OV1l2T0RjNU5qY3hOemswTURjMk5pNXFjR2N8ZDQ1Nzk0OTc3NDU2OTMyOWNkOGUzMzY0MWY1ZTRjZGU3ZjBmNGQ5NTgwZjhiNDNlYzdlNDkzZTYwYjg3ZWNjOQ
29160    ,The Rotolog                                                , Stylish noble and a unusual movement.                                                                                                                                                                                                                                                    ,18.59  ,340000|Nixon                           ,https://localhost:9002/medias/?context=bWFzdGVyfGltYWdlc3w1ODE4MHxpbWFnZS9qcGVnfGFXMWhaMlZ6TDJoaVppOW9aVEl2T0RjNU5qZzJNVGM1TWpJNE5pNXFjR2N8NDEzN2E2Y2I4NTc3MTFhYzAyZTRhODMxYmMzZTAzNmQ3Y2FhMjc2ZjdmYzNkOWU4OTE5NWFhMTY1MTEzNTgxZA
29531    ,Snowboard Ski Tool Toko Side Edge Angle Pro 88 Grad        ,For fitting the files to the blade angle and to the Precision Base File Control.                                                                                                                                                                                                          ,20.21  ,Toko|skigear|snow|100200               ,https://localhost:9002/medias/?context=bWFzdGVyfGltYWdlc3w2NDgyfGltYWdlL2pwZWd8YVcxaFoyVnpMMmd4T0M5b01ERXZPRGM1TmpZME1qSTBOalk0Tmk1cWNHY3wxZTI1NWQ0ZGIyMGE0ZjkzYzU3NzEwMTBmNzc2MmE3Zjc2YTNlZDBhYmNiZWNmNjg2NTI0NTUzYzE1YzcwOWQz
29532    ,Snowboard Ski Tool Toko Side Edge Tuning Angle Pro 87 Grad ,Negative side and blade angle for professional blade tuning. The tool used by alpine World Cup pros.                                                                                                                                                                                      ,12.92  ,skigear|Toko|snow|100200               ,https://localhost:9002/medias/?context=bWFzdGVyfGltYWdlc3w5NDE3fGltYWdlL2pwZWd8YVcxaFoyVnpMMmcwTmk5b09HUXZPRGM1TmpZME1qTXhNakl5TWk1cWNHY3w1YjRjMTJiY2UyMzliYzAwMzgwMDljMTI5N2Y2YWE4NzA2YTNkNzg3NWQzMGFlMjZmNjVhNDRiZjQzNzlkYWRk
29867    ,Wayne Lynch 6.3                                            ,For delivery-costs outside EU please contact our customerservice at: info@blue-tomato.at <br /><br />6                                                                                                                                                                                    ,242.96 ,350100|surf|Surftech                   ,https://localhost:9002/medias/?context=bWFzdGVyfGltYWdlc3wyNzY4OXxpbWFnZS9qcGVnfGFXMWhaMlZ6TDJoaFlpOW9aREV2T0RjNU5qZzVNekkwT1RVMk5pNXFjR2N8YTNkNDE0YWFkNjE0NjlhN2EwYjY3NzMzMzg1YmQwMTcwZWFkYjRhNTViZDVjZThkZTUyZDBjNTc3NzIwNGY2NQ
300013358,Snowboard Ski Tool Red FBI 6                               ,A pit crew for your pocket.                                                                                                                                                                                                                                                               ,21.21  ,Red|tools|100200|snow                  ,https://localhost:9002/medias/?context=bWFzdGVyfGltYWdlc3wyNTUxNXxpbWFnZS9qcGVnfGFXMWhaMlZ6TDJneFppOW9PRGd2T0RjNU5qWTBNalV3T0Rnek1DNXFjR2N8ODRiZDJiNDhlZDA4M2E2ZDIwNmRlMTNmNmViMDVmYWE4NzM5MzU3ZTIzMjgzZjI2ZTExYjZlYzVmMDExMzkyMw
300015407,Shades Von Zipper Fernstein gold moss gradient             ,The signature Von Zipper eyepiece is the living example that it is your god given right to stand up and scream your individuality at the top of your lungs.                                                                                                                               ,21.21  ,sunglasses|Von Zipper                  ,https://localhost:9002/medias/?context=bWFzdGVyfGltYWdlc3wxMTM4MnxpbWFnZS9qcGVnfGFXMWhaMlZ6TDJnM1pDOW9OR1V2T0RjNU5qWTBNalUzTkRNMk5pNXFjR2N8MGRkYzdmY2FiNTg3ZTE4NTQ2MmZjOTM4ZTM5ZDkyOWUxM2NhODQ2ZDkzOTY0ZGFiMTU1MjNlMGVlNGE5ZGVkMg
300020294,Shade Accessories Spy Omega Lens persimmon                 ,Replacement lens for the Omega from Spy/ persimmon                                                                                                                                                                                                                                        ,558.86 ,Spy|goggles                            ,https://localhost:9002/medias/?context=bWFzdGVyfGltYWdlc3wyMzAyOXxpbWFnZS9qcGVnfGFXMWhaMlZ6TDJnNU9DOW9NRGt2T0RjNU5qWTBNall6T1Rrd01pNXFjR2N8ZGE5MDcyNzc0OGIxYWU2Yjk1ZjllNjA1ZGZhNWM1Y2FjNjYxZjc2MzI5YzUyNGI2YTdmMTY1YjUyNmI5ZmY2ZQ
300022349,Wax Toko S3 Hydro Carbon 60g blue                          ,Very hard friction resistant hydrocarbon wax for extremely cold aggressive conditions. For all disciplines. 60 gramm                                                                                                                                                                      ,16.96  ,skigear|Toko|snow|100200               ,https://localhost:9002/medias/?context=bWFzdGVyfGltYWdlc3wyNDk5OXxpbWFnZS9qcGVnfGFXMWhaMlZ6TDJnMllTOW9ZVEV2T0RjNU5qWTBNamMzTURrM05DNXFjR2N8YzZiYzAxZjM1OGY3OTMzY2UyZDUxZDVhYjViMjkwNmFhYTZlYTNmMzk2YTM5ZDRkMjM5ZmYwYTFiY2M5MmI1Zg
300022356,Snowboard Ski Tool Toko Ergo Speed Top 88°/89°             ,Small handy tool for the preparing stages of the sidecute edges.Rotatable file discs with a lock mechanism provide for a 100% usable file material.Ideal also for on the way.                                                                                                             ,76.4599,skigear|Toko|snow|100200               ,https://localhost:9002/medias/?context=bWFzdGVyfGltYWdlc3wyMTU1MXxpbWFnZS9qcGVnfGFXMWhaMlZ6TDJnMFpDOW9aakV2T0RjNU5qWTBNamt3TWpBME5pNXFjR2N8M2RiMDcxN2VmZTBkZGJkNmNjNmM1ZWRjZWEwNGIzMjU3NWM3NjNmMzRiYmI1NjU3MTlhYjc2NTNhZTFhYTZhZg
300024964,Shades Fox The Median polished black warm grey             ,Styli sun glasses in black.                                                                                                                                                                                                                                                               ,19.5100,sunglasses|Fox|210100                  ,https://localhost:9002/medias/?context=bWFzdGVyfGltYWdlc3wxMzc2N3xpbWFnZS9qcGVnfGFXMWhaMlZ6TDJnNE1pOW9NVEV2T0RjNU5qWTBNamsyTnpVNE1pNXFjR2N8YTJiNTEwMDY0NmRlOTY2YWZlNjQ5ZTQxMGY1MDUzOWFlMTc2MmRlYmIwNjZiNGExZTc2Nzk4Yzc2NzRlYWZiZg
300040462,Shades Women Roxy Carla roxy black grey                    ,Classic Vans Old Skool in a black colourway.                                                                                                                                                                                                                                              ,33.5900,Roxy|sunglasses|210100                 ,https://localhost:9002/medias/?context=bWFzdGVyfGltYWdlc3wxMzE0MHxpbWFnZS9qcGVnfGFXMWhaMlZ6TDJobFpTOW9Oamd2T0RjNU5qWTBNekF6TXpFeE9DNXFjR2N8NWU4ZmYyNmE5N2I2YTExYmQ5ZWE5ZjY2NmY3ZTQzNGJlMjg4MThjYjM2MmJmM2MxMTY3YmQzYzAxMDUyYzJmOQ
300044323,Snowboard Ski Tool Red Basic Kit                           ,BASIC KIT Satisfy your need for speed.  Includes + Zip Tool + Ceramic Stone + Rub-Down Wax + Stash Carry Pouch                                                                                                                                                                            ,29.71  ,tools|Red|snow|100200                  ,https://localhost:9002/medias/?context=bWFzdGVyfGltYWdlc3wzMzMyMnxpbWFnZS9qcGVnfGFXMWhaMlZ6TDJnME5pOW9ZamN2T0RjNU5qWTBNekE1T0RZMU5DNXFjR2N8NjA4ZTg3MGJlZTNlN2ZiMDhhMTZhOTY2YjJlMDc3MjhiMGZhOGQxMTFlN2YyNGVmMzljOTQwZjM5OWQyYmRhNQ
300044596,Wax Toko S3 Hydro Carbon 120 g yellow                      ,A soft easy to use hydrocarbon wax for damp and wet snow conditions across the indicated temperature range. For training uses and for the care of stressed and worn coatings.                                                                                                             ,101.11 ,skigear|Toko|snow|100200               ,https://localhost:9002/medias/?context=bWFzdGVyfGltYWdlc3wxOTg1MHxpbWFnZS9qcGVnfGFXMWhaMlZ6TDJnNU1pOW9NV012T0RjNU5qWTBNekUyTkRFNU1DNXFjR2N8ZTY0NjgzNGQwYTkxMzVkZTczYzQwNzU2YmIzZTViNGI0NThkZTU1MGQzNWQzM2ZjYzYxNWY1NDEzY2I3ZGIyYw
300044599,Snowboard Ski Tool Toko T8 800 Wachsbügeleisen für Heißwach,Ergonomic Waxiron enables easy waxing in all directions. Precise temperature adjustment from 100°C to 160°C. The extra-strong aluminium pressure cast plate for ideal heat storage has a curved rhomboid structure that improves                                                          ,67.9599,skigear|Toko|snow|100200               ,https://localhost:9002/medias/?context=bWFzdGVyfGltYWdlc3wyNTgxOXxpbWFnZS9qcGVnfGFXMWhaMlZ6TDJoak55OW9Oak12T0RjNU5qWTBNekl5T1RjeU5pNXFjR2N8ZmMwMjMxYzY5MmM2MjlkZDcyZWE2NTRkMjkzMGJiNzhjZDU5ODUzNWExODQ3NDQ5NWMwZDY2YzcxZWUyZTEwYw
300044600,Snowboard Ski Tool Toko Multi Base File Control            ,Precision base (hanging) edge tuning tool                                                                                                                                                                                                                                                 ,29.71  ,skigear|Toko|snow|100200               ,https://localhost:9002/medias/?context=bWFzdGVyfGltYWdlc3wyNzYwNnxpbWFnZS9qcGVnfGFXMWhaMlZ6TDJneU5DOW9OelV2T0RjNU5qWTBNekk1TlRJMk1pNXFjR2N8ODJkNTAxNTgwNDhjZDE2ZThkZjhkNWJkZWIzOTllOWZkNmU5NDMyYjI3NDc3M2JjZjJkMmU0NzUxNDJiY2JmNA
300044601,Snowboard Ski Tool Toko Base File Radial                   ,Radial file for working on ski and snowboard bases. For good material removal.                                                                                                                                                                                                            ,42.44  ,skigear|Toko|snow|100200               ,https://localhost:9002/medias/?context=bWFzdGVyfGltYWdlc3wyNDQyOHxpbWFnZS9qcGVnfGFXMWhaMlZ6TDJnek5TOW9aakV2T0RjNU5qWTBNek0yTURjNU9DNXFjR2N8MzZlZTdlYjdmNjk1MGNhNmZlY2RjM2Y3MjJmYzlkZGI1YTZiMzBkMzAyNWNjNGI3MzQ1NDQ2MTFmZTUzNjhiNg
300044617,Shades Anon Convict black fade grey gradient               ,Anon Convict sunglasses in a black fade frame with grey gradient lenses. The Convict offers a medium fit with medium coverage.                                                                                                                                                            ,33.96  ,Anon|210100|sunglasses                 ,https://localhost:9002/medias/?context=bWFzdGVyfGltYWdlc3wxMjU5N3xpbWFnZS9qcGVnfGFXMWhaMlZ6TDJobE9TOW9ZVFV2T0RjNU5qWTBNelF5TmpNek5DNXFjR2N8MWNhYjllYzI2Y2I5NDZkNTIxZTQzNjNiYjdhYzk3ZjMyMjRiNjlmZjllOWE0NzAyYTEyNmNjZDY1ZjVmMGZhZA
300044623,Shades Anon Legion crystal & black grey                    ,Anon Legion Sunglasses in a plaid style.                                                                                                                                                                                                                                                  ,39.06  ,sunglasses|Anon|210100                 ,https://localhost:9002/medias/?context=bWFzdGVyfGltYWdlc3wxNjgxNXxpbWFnZS9qcGVnfGFXMWhaMlZ6TDJoak1pOW9OMkV2T0RjNU5qWTBNelE1TVRnM01DNXFjR2N8YjU2NjhhYjExMzJhYjBhYzcyNzZhOTAyY2NjNThkYzhmODQ0N2RhMTY2ZDIwYzFkZmI4MGY3ZDhkY2RiMjEwYg
300044624,Shades Anon Allie brown tortoise brown                     ,Anon built the Allie Sunglasses to last. They combined stainless steel hinges durable acetate frames and scratch-resistant lenses to ensure they can take hard use.                                                                                                                       ,15.26  ,sunglasses|Anon|210100                 ,https://localhost:9002/medias/?context=bWFzdGVyfGltYWdlc3wxMzQ2OXxpbWFnZS9qcGVnfGFXMWhaMlZ6TDJnek1TOW9NVFF2T0RjNU5qWTBNelUxTnpRd05pNXFjR2N8OTg1MTllMmMzMGNiMjBjZGM3MWJjMGU2NTAyMjhlOTE2N2Q3YjIwNGZkYzRiZjUxYjZhOWEyYjdjNmNjMmIxMg
300045375,Shades Quiksilver Dinero black white red grey              ,The Quiksilver Dinero sunglasses are from Quik's fashion range.These great Quiksilver sunnies provide 100% u.v. protection and an acetate frame.The Dinero shades from Quiksilver have polycarbonate lenses and high quality Italian hinges.                                              ,67.9599,Quiksilver|sunglasses|210100           ,https://localhost:9002/medias/?context=bWFzdGVyfGltYWdlc3wxNTU3NHxpbWFnZS9qcGVnfGFXMWhaMlZ6TDJneVppOW9ObUV2T0RjNU5qWTBNell5TWprME1pNXFjR2N8OGFiOTJiMjlmNjExNDFiZTdhYWJkY2IwZGI1MzMzNGM4NWIzM2MzYzE1MjI1YmQ4NjA4OTk1MGFjZmRlYjZlNw
300046043,T-Shirt Men Playboard Flower SS white XL                   ,Classic t-shirt from Playboard with front print                                                                                                                                                                                                                                           ,84.96  ,shirts|Playboard                       ,https://localhost:9002/medias/?context=bWFzdGVyfGltYWdlc3wyMTg5OXxpbWFnZS9qcGVnfGFXMWhaMlZ6TDJnMU15OW9OVFl2T0RjNU5qWTBNemMxTkRBeE5DNXFjR2N8MjUwNmIwMTgwNGQ5MTQ3YWFlNDdhODQwZDJiZTAwZjhjOGQxYjkzMWUzM2IyYWViOGU5ODg0Mzc0YzM3ODRhMA
300046587,Shades Fox The Condition polished black grey               ,Back in action for 07 The Condition brings slick aesthetics and a comfortable fit. Features like the lighweight stress resistant O-Matter Frame with intergrated hinges and metal Fox Head accents.                                                                                       ,67.9599,240100|sunglasses|Fox                  ,https://localhost:9002/medias/?context=bWFzdGVyfGltYWdlc3wxMDc2NHxpbWFnZS9qcGVnfGFXMWhaMlZ6TDJnME55OW9NR012T0RjNU5qWTBNemc0TlRBNE5pNXFjR2N8NjFiMGVmN2RiZGYwZjE2ZmU5Y2E2MDVmZWUxYTgxYmQ5MTg1MzUxOThlMjc1ZmRmNmZlMDc2YjhlOWRmYTczNQ
300046592,Shades Fox The Duncan polished black grey                  ,-- Featuring patented XYZ Optics for razor sharp clarity at every angle of vision plus the impact resistance and 100% UV filtering of pure Plutonite lenses. <br />-- Lightweight O Matter material <br />-- Metal Fox logo icon accent <br />-- Extended wrap                            ,84.96  ,Fox|sunglasses                         ,https://localhost:9002/medias/?context=bWFzdGVyfGltYWdlc3wxMzg4MHxpbWFnZS9qcGVnfGFXMWhaMlZ6TDJoak5DOW9Zamt2T0RjNU5qWTBNemsxTURZeU1pNXFjR2N8MmNhOTZjOGFjNjRlMTQ4Y2MwOTcwMTkzOGM2MmQ2Nzc0NGRhZmZjZjZjZWUzNGU4MTQ4NjRjOWJlNmJkMGVjYQ
300047195,Shades Women Roxy Tee Dee Gee dark tortoise brown grey     ,Roxy Sunglasses with 100% UV protectionshatter with nylon lense.                                                                                                                                                                                                                          ,26.68  ,Roxy|sunglasses|240100                 ,https://localhost:9002/medias/?context=bWFzdGVyfGltYWdlc3wxNTkxM3xpbWFnZS9qcGVnfGFXMWhaMlZ6TDJoaU5pOW9aV012T0RjNU5qWTBOREF4TmpFMU9DNXFjR2N8MDFiNTJmY2U2YWNkZjEwY2NiZDcwNzI0ODg1OGQwYThjODYxMGE1YjMwZGFkYmUwNmM3MTI0ZGI0NjI3MTAyMg
300047196,Shades Women Roxy Minx black sig grey GR                   ,Roxy Sunglasses with 100% UV protection propionate frame and polycarbonate de-centered lenses.                                                                                                                                                                                            ,84.96  ,Roxy|sunglasses|210100                 ,https://localhost:9002/medias/?context=bWFzdGVyfGltYWdlc3wxNzE3N3xpbWFnZS9qcGVnfGFXMWhaMlZ6TDJneU1pOW9aVGd2T0RjNU5qWTBOREE0TVRZNU5DNXFjR2N8ZDM4YWVmMTAxYjQ4NDMyNmFjY2U4OWJlNDQ1MzJiM2E2YTEyODJhN2Q1NTZkOTI5YTgwZjllMmM4OGJjODM0NQ
300047199,Shades Women Roxy Roma purple grey                         ,Roxy Sunglasses with 100% UV protection distortion free lenses and studded Roxy logo on the side.                                                                                                                                                                                         ,101.96 ,sunglasses|Roxy|240100                 ,https://localhost:9002/medias/?context=bWFzdGVyfGltYWdlc3wxNDgwM3xpbWFnZS9qcGVnfGFXMWhaMlZ6TDJnME1TOW9OMll2T0RjNU5qWTBOREUwTnpJek1DNXFjR2N8NzhmMTRmOWM4Y2NlMGMzNjQ0YTgwMDY5NjhiNGM5NTFlNDc4NmU0Njk2YWI1YjAwMWJmNzc4Y2Y5ZmUzNTYzYg
300047436,Shades Anon Crusher polar black grey polarized             ,Everbody nows tha ANON designs super nice goggles But since a while they also have extremly good looking sunglasses. To prodect your eyes everywhere in the sunshine.                                                                                                                     ,84.96  ,sunglasses|Roxy|210100                 ,https://localhost:9002/medias/?context=bWFzdGVyfGltYWdlc3wxMzA4MnxpbWFnZS9qcGVnfGFXMWhaMlZ6TDJnek1DOW9NRE12T0RjNU5qWTBOREl4TWpjMk5pNXFjR2N8ZGNlNjEwNmQwMGM3N2Q3ZTJlNjYxNTkyOTEyNzBiNzg3YzI3MmM5Yjk0NWU4OTA0MmRiMjRhYzUzNTdiYmM3Nw
300047513,Shades Von Zipper Papa G white grey chrome                 ,Like a chunk of fudge on december 26th this super-sized piece of eye candy is the gift that keeps on giving into the New Year and doesn't melt in your hand or cause love handles.                                                                                                        ,93.46  ,sunglasses|Von Zipper|210100           ,https://localhost:9002/medias/?context=bWFzdGVyfGltYWdlc3w5ODYyfGltYWdlL2pwZWd8YVcxaFoyVnpMMmczTlM5b01USXZPRGM1TmpZME5ESTNPRE13TWk1cWNHY3w1NmYzMDAyYjlhYWRmNTgwMWYyOTQ1N2JmODNlNzExYmQ2NTEyODBhOWI3ZjQ3ZGM5NGFhZTFkOTNkNGVmMzkz
300051511,Cap Rip Curl D Cap vetiver                                 ,Adjustable trucker cap with front skulls print and rear horror logo stitching.                                                                                                                                                                                                            ,84.96  ,Rip Curl|caps                          ,https://localhost:9002/medias/?context=bWFzdGVyfGltYWdlc3wzMzc3NHxpbWFnZS9qcGVnfGFXMWhaMlZ6TDJnNE5pOW9PR1V2T0RjNU5qWTBORE0wTXpnek9DNXFjR2N8MjM5YmRlMWI4ZDAzY2MzNjYzOWRhNDUyMGQ4MzY5N2Y5MDU4NTRiOGExNTgwN2MyMzJiN2MzZGY4MmJhNzJkMQ
300310070,Bag Dakine 101 Pack wrap                                   ,Classical allround back pack from Dakine with laptop compartment.                                                                                                                                                                                                                         ,89.21  ,Dakine|backpack                        ,https://localhost:9002/medias/?context=bWFzdGVyfGltYWdlc3w0OTYxMXxpbWFnZS9qcGVnfGFXMWhaMlZ6TDJnd1l5OW9Oek12T0RjNU5qWTBOVEkyTVRNME1pNXFjR2N8ZDIzMTNiNTYwMzczYmRiYTU5YmU1ZDJiYTZjOTBlZjAzNjI0MzFlMDM5ZGJjMmIyMmQwZDJhMTA5ZDA3ZGQzZg
300310086,Bag Dakine Factor Pack bomber                              ,Functional like no other bag!                                                                                                                                                                                                                                                             ,67.9599,backpack|Dakine                        ,https://localhost:9002/medias/?context=bWFzdGVyfGltYWdlc3wzODg2OXxpbWFnZS9qcGVnfGFXMWhaMlZ6TDJoa015OW9NV0l2T0RjNU5qWTBOVE15TmpnM09DNXFjR2N8ZGNjNWEyYjkyNDc2M2YyMzgzZTczZjdhZjY1YzdlNGRjYzI4MzRiYTU5MmJiNTI5NmRlY2FmMjM5NTdjOGRlNQ
300310163,Bag Dakine Point Pack bomber                               ,The point pack by Dakine comes with a seam sealed wetsuit pocket so you always have a place for wet or dirty gear.                                                                                                                                                                        ,40.6300,backpack|Dakine                        ,https://localhost:9002/medias/?context=bWFzdGVyfGltYWdlc3wzNzY2MHxpbWFnZS9qcGVnfGFXMWhaMlZ6TDJnMFpTOW9ORGd2T0RjNU5qWTBOVFU0T1RBeU1pNXFjR2N8ZWIwMzEwMDEwMDYwN2VhMThkNGU5Y2E4ZDlhODcwZDFiOTBhODNhMWRmYWUyYzc1YzEwYjY4NzNlNGFlNWZlNA
300310180,Bag Dakine Sunglass Case black patches                     ,Soft lined sunglass case.;Features:+ Zippered closure+ Faux fur lined interior+ Measures (in cm): 175 x 9 x 7 inside: 155 x 8 x 6+ Material: fleece lined;600D Polyester                                                                                                                  ,84.96  ,others|Dakine                          ,https://localhost:9002/medias/?context=bWFzdGVyfGltYWdlc3w1Mjk0MnxpbWFnZS9qcGVnfGFXMWhaMlZ6TDJoak1pOW9Nek12T0RjNU5qWTBOVFkxTkRVMU9DNXFjR2N8NGRmOGQ2OGQzZTg3NjJhNzNjMDM5ZTFiMzg5ODQ2N2UwNmY2MWNiZTkwNGUwZmQyMGMyZGM2NDQ3MzlkYmJiMQ
300441142,Cap Blue Tomato BT Snow Trucker Cap black                  ,Show your love for snow and Blue Tomato! With the BT Snow Trucker Cap with Mesh on the back and print on the front.                                                                                                                                                                       ,42.46  ,Blue Tomato|caps                       ,https://localhost:9002/medias/?context=bWFzdGVyfGltYWdlc3wyNTkyM3xpbWFnZS9qcGVnfGFXMWhaMlZ6TDJoak5pOW9OREV2T0RjNU5qWTBOelE0T1RVMk5pNXFjR2N8NGRlM2NiZmIzZTQ2NDYyYTVkNDgwZTBjZjYxYTZkMGMxYjA3OTQ4NGQ5ZGM3NGQ5NThlY2U4NWYwNTE0MjFhZQ
30404    ,Shades Von Zipper Papa G black gloss black gloss/grey      ,Like a chunk of fudge on december 26th this super-sized piece of eye candy is the gift that keeps on giving into the New Year and doesn't melt in your hand or cause love handles                                                                                                         ,50.96  ,Von Zipper|sunglasses|240100|snow|10020,https://localhost:9002/medias/?context=bWFzdGVyfGltYWdlc3wxMzUyNXxpbWFnZS9qcGVnfGFXMWhaMlZ6TDJnMk5pOW9OR0V2T0RjNU5qWTBOelUxTlRFd01pNXFjR2N8YTA5YTUzYjgzNjMyNTQ0MmYxNTAzMTZiNTFmMWNjY2Y2MGMxN2Q1YTBjM2ZkZmE0ZmRhNGVkOWE5ZjViYWE0OA
36265    ,The Rotolog                                                , STYLE BY DESIGN<br /><br />Movement: Custom right-read direct time Japanese quartz with LED light. <br />Case: Custom 30 meter stainless steel with hardened mineral crystal                                                                                                             ,26.68  ,340000|Nixon                           ,https://localhost:9002/medias/?context=bWFzdGVyfGltYWdlc3w0MzUxMHxpbWFnZS9qcGVnfGFXMWhaMlZ6TDJnME55OW9Zak12T0RjNU5qZzFPVGd5TmpJd05pNXFjR2N8NjAzZjUxYjEzNzk1NjNkZDI1NTc4ZTRmOGU1M2RjOGVhMjBiMWFiYTUxMTFlY2UwNDgyNmFiNzE4ZTc5MGU3Yg
43339    ,The Sentry                                                 , Guards you from boredom.                                                                                                                                                                                                                                                                 ,8.46000,340000|Nixon                           ,https://localhost:9002/medias/?context=bWFzdGVyfGltYWdlc3w1ODUyN3xpbWFnZS9qcGVnfGFXMWhaMlZ6TDJoak1DOW9ZelV2T0RjNU5qZzJNVEV6TmpreU5pNXFjR2N8ODk0MjNiZDhhNzBhZmI3OTBmNDk5OTZmMmRiOGFhYjViYTM2NmVkMDJmZjE5Y2IzMWFkYTljZTYyNjVlZDViOQ
45573    ,Snowboard Ski Tool Toko Scraper Sharpener World Cup        ,Plexiblade sharpener for 3 4 5 and 6 mm (1/8? 3/16? 5/32? and 1/4?) blade width. With ceramic disc.Level: Ambitious                                                                                                                                                                       ,67.9599,skigear|Toko|snow|100200               ,https://localhost:9002/medias/?context=bWFzdGVyfGltYWdlc3wxNjA0OHxpbWFnZS9qcGVnfGFXMWhaMlZ6TDJnM015OW9PV0V2T0RjNU5qWTBPREUwTkRreU5pNXFjR2N8ZjY3ZjY4Y2E2YjJjMDlkZWJmNjAxMDhkZTYxYjk1YmQwZmY4MDc1NWZkY2NkZjg1MzBjOTAxNTY3MDBmOWEyNQ
45576    ,Snowboard Ski Tool Toko Skibürste Kombi Nylon/Kupfer       ,An economical brush option of 1/2 nylon and 1/2 copper.                                                                                                                                                                                                                                   ,226.76 ,skigear|Toko|snow|100200               ,https://localhost:9002/medias/?context=bWFzdGVyfGltYWdlc3wyMjkxMHxpbWFnZS9qcGVnfGFXMWhaMlZ6TDJnM1ppOW9aVFF2T0RjNU5qWTBPREkzTlRrNU9DNXFjR2N8MTNiNmU1MjgzZTllYTQ5YTk2ZjMxMDliNjY2YTg5MTBjMjY3N2Y5NDE0ZmMxODQ3Y2E1Mzc0ODBlNjEyOTQyNQ
51411    ,The Iris Women                                             , Minimalist style! Watch with japanese Quartz movment with hour                                                                                                                                                                                                                           ,137.66 ,370700|Nixon                           ,https://localhost:9002/medias/?context=bWFzdGVyfGltYWdlc3wzNDk2MXxpbWFnZS9qcGVnfGFXMWhaMlZ6TDJnMU1pOW9abUl2T0RjNU5qZzFPREU0Tnpnd05pNXFjR2N8NmQyYzMzODBjNmFhMTdiYzY4Njc4M2QxYTMzZmU4MjkzNjc0YjAzMjE3Mzg3OGRlMjczZWY5Mzg2OTBmMGU1Mw
5191     ,All in One 120g                                            , These high-quality waxes guarantee excellent gliding and easier turning for skis and boards.                                                                                                                                                                                             ,30.56  ,100100|Toko                            ,https://localhost:9002/medias/?context=bWFzdGVyfGltYWdlc3w0NDIxMnxpbWFnZS9qcGVnfGFXMWhaMlZ6TDJoa01DOW9NekV2T0RjNU5qZzVOVEU0TWpnM09DNXFjR2N8M2YxY2Q5ODQyNzhlNjQ0ZDJjN2YwZWUxMmQyYWQzMzBjODljMmQzNDBjOTQ2ZTAzMzc5MjBjZjFlODliZjhkMg
5203     ,Repair Candle 6 mm                                         , Base repair-stick for base damage. Just light it and drip the repair material onto the base.                                                                                                                                                                                             ,12.86  ,Toko|100200                            ,https://localhost:9002/medias/?context=bWFzdGVyfGltYWdlc3wzNTA0MXxpbWFnZS9qcGVnfGFXMWhaMlZ6TDJneU1TOW9NMkV2T0RjNU5qZzVOVFkzTkRNNU9DNXFjR2N8ZmU5MDkwMzQzYjAzNTdmMjIwMzI3MjNmNjcyNDhiMGJjYzVhNzRmZGYwN2EzMDJiYTEwZmUzN2RhZjE2YjA1OA
56802    ,The Chalet Women                                           , Is it a bracelet or a watch?                                                                                                                                                                                                                                                             ,80.9599,370700|Nixon                           ,https://localhost:9002/medias/?context=bWFzdGVyfGltYWdlc3w1NTgzMHxpbWFnZS9qcGVnfGFXMWhaMlZ6TDJneVl5OW9NR0V2T0RjNU5qZzFOelV6TWpRME5pNXFjR2N8OTkyNTUxMzYzMTM2MGM4M2Y4NjlmYTQzNGRmZjU3YzE0NDY3ZDAzMTBmOTQ3ZWQ1MTVkNjdiNTMwZDFhZDg1Yg
62001    ,Sweetart Pant youth                                        , Rugged warmth and weather protection with a fit that grows as they go!                                                                                                                                                                                                                   ,9.68   ,snow|kids|330700|Burton                ,https://localhost:9002/medias/?context=bWFzdGVyfGltYWdlc3w4MDIxMXxpbWFnZS9qcGVnfGFXMWhaMlZ6TDJoa09DOW9PV1V2T0RjNU5qYzVPRFUxTURBME5pNXFjR2N8NDU3YmQwMjM5ZWYzOTVjNjA0MzhiMjc4YTRiZWJjYTVmOTY1OThiMTZiYWQ4MjcwMzhiYjY0MTdmYzdjZTIwNg
63500    ,Overtime Belt Women                                        , Stylish Belt with large Logo buckle! 100% cotton                                                                                                                                                                                                                                         ,4.01   ,Fox|370900                             ,https://localhost:9002/medias/?context=bWFzdGVyfGltYWdlc3wzNjI0OXxpbWFnZS9qcGVnfGFXMWhaMlZ6TDJneE55OW9aRFV2T0RjNU5qa3lPRFEzTlRFMk5pNXFjR2N8NTc5YzZjNTNhOGQwMDIyNTRiMzEzMDg2ZGFmODRiZWYzYjM5MGY3ZmQ2M2EwMDgzMjllY2Y1NmJhOTc2MGU3MA
64389    ,The Vega Women                                             , Flashy stretch band watch!                                                                                                                                                                                                                                                               ,202.46 ,370700|Nixon                           ,https://localhost:9002/medias/?context=bWFzdGVyfGltYWdlc3w2MzAzNnxpbWFnZS9qcGVnfGFXMWhaMlZ6TDJnMllTOW9OVFl2T0RjNU5qZzFOalUwT1RRd05pNXFjR2N8YTg2YTE3MjkwNGI1YTlhY2IxNWExMjJlZjk2YWIzNTMxNzJjY2VmYzNmNWIxMmZmOTZhN2RiZjE3MWE4NDllNQ
74010    ,Torbacula Belt                                             , Nice leather belt with cool lettering by Von Zipper. 100% Leather                                                                                                                                                                                                                        ,44.51  ,Von Zipper|streetwear|251100           ,https://localhost:9002/medias/?context=bWFzdGVyfGltYWdlc3w3NDc1OHxpbWFnZS9qcGVnfGFXMWhaMlZ6TDJneE1TOW9PRE12T0RjNU5qa3pNamN6TlRBd05pNXFjR2N8NjA1ZWNmZjU2YjE4NzhmOWI0OWYzNDIxYWQ0OTY1YjhhMmJkNTVjYmQ3ZDNiZWVkMzI1MGIxY2EyYTAzZjAxMg
74036    ,DMT Diamond File                                           , Professional quality diamond files for removing hardening and for deflashing and polishing the edges after filing. Produces a top-class finish.                                                                                                                                          ,17.78  ,Toko|100200                            ,https://localhost:9002/medias/?context=bWFzdGVyfGltYWdlc3w0MTMyMHxpbWFnZS9qcGVnfGFXMWhaMlZ6TDJnM05TOW9NREV2T0RjNU5qY3hOamsxTnpjeU5pNXFjR2N8ZTI4MTAzZTYyNWQ4YTlhMDk1MTlkY2NkYjJlODg5OTdmNjY3YjQ5NzdmOGUwNzA2N2FiMTBlZjkxOGMyNDY0MA
74818    ,The Rubber Re-Run                                          , With the Rubber Re-Run from the new collection                                                                                                                                                                                                                                           ,64.7600,340000|Nixon                           ,https://localhost:9002/medias/?context=bWFzdGVyfGltYWdlc3w1Mjk0NHxpbWFnZS9qcGVnfGFXMWhaMlZ6TDJnNU9DOW9OVEF2T0RjNU5qZzFPRGcwTXpFMk5pNXFjR2N8OGYyMDhmZDM2YzU3Yjk4M2EwNzhjM2ViY2RlNTdiNzUwODc0ZDI3MDQ2NDM2NDQ4M2M3ODBlMjZmMjFiMjZjZA
74825    ,The Sentry                                                 , Guards you from boredom.                                                                                                                                                                                                                                                                 ,17.78  ,340000|Nixon                           ,https://localhost:9002/medias/?context=bWFzdGVyfGltYWdlc3w1MTA2NnxpbWFnZS9qcGVnfGFXMWhaMlZ6TDJobE9DOW9ZVGt2T0RjNU5qZzFPVFE1T0RVeU5pNXFjR2N8ODRmMzdkNmYzMDVlNjMzOTRmZTRmNGVmZDI1ZGZjYjNhYTUxZmM1MzU2ZGFhNzRlZjMwZjIwZDhmZDNmYzY0NQ
74844    ,The Zona Women                                             , Stylish                                                                                                                                                                                                                                                                                  ,25.88  ,370700|Nixon                           ,https://localhost:9002/medias/?context=bWFzdGVyfGltYWdlc3w0NDc1MXxpbWFnZS9qcGVnfGFXMWhaMlZ6TDJoak1pOW9OVGt2T0RjNU5qZzFOemcyTURFeU5pNXFjR2N8NTA2MWRkOTQ2MWI5ZWQyMjk0Mjg1YjIzZTM0YjEzYjM4MDc3ZWY3ZGNjNjNiNzVkMjczYWZkYWI5YWEyNmI2Yg
7907     ,Board Grip                                                 , Nothing simpler! A vice system for when you have to edge and service the board. Exclusively from Toko                                                                                                                                                                                    ,80.9599,Toko|100200                            ,https://localhost:9002/medias/?context=bWFzdGVyfGltYWdlc3w0ODMwMHxpbWFnZS9qcGVnfGFXMWhaMlZ6TDJnMU15OW9PVGd2T0RjNU5qY3hOall6TURBME5pNXFjR2N8MzQ5YzI1MzhmMjQ1YzZlMDJkNjc4NDgzYmM3ZjQ2YmQ4MTNlMGE5MTRiMDdiODllMDY0NzUzOThmNzhhNGI4ZQ
79889    ,Ghada Leather Belt Women                                   , Narrow leather belt with rivets. The Elba Belt is two times wrapped around the waist. With buckle and eyelets to close. 100% Leder                                                                                                                                                       ,129.56 ,Bench|370900                           ,https://localhost:9002/medias/?context=bWFzdGVyfGltYWdlc3w1MDM3MHxpbWFnZS9qcGVnfGFXMWhaMlZ6TDJnNE1pOW9PRFV2T0RjNU5qa3lPREUwTnpRNE5pNXFjR2N8ZmUxMjVhZTkzMTIzYzczMWY4Y2EyNjcwNGE3YTM2MDhjNTE4OTM5YmExZWZkYTFlZjQzY2IxNzM4M2Y1MDc0NA
80147    ,Control Short                                              ," Short with mini plaid pattern and 22 outseam. 100% Cotton""                                                                                                                                                                                                                            ",137.66 ,Analog|streetwear|250600               ,https://localhost:9002/medias/?context=bWFzdGVyfGltYWdlc3wxMTc3MzR8aW1hZ2UvanBlZ3xhVzFoWjJWekwyZzJaUzlvWXpZdk9EYzVOamt3T0RRNE5qWTROaTVxY0djfDIxMThmZDg0OWFiYzc3Mzg3NzUzYTViYWRmNWY1NzMyZWQ5NjIzYTI0NjUyZTgyMDU4M2NjY2RjNmQxOTA2N2E
81252    ,Fornax Pant Insulated youth                                , The Fornax Pant is available in great pastell colours and is waterproof and super warm! Therefore ideal for the chillier day in winter!                                                                                                                                                  ,80.9599,Horsefeathers|snow|kids|330700         ,https://localhost:9002/medias/?context=bWFzdGVyfGltYWdlc3wzMzY1OHxpbWFnZS9qcGVnfGFXMWhaMlZ6TDJnMk15OW9NelV2T0RjNU5qYzVOVGt5T0RZd05pNXFjR2N8MTFmZDNhOTFjOGEyNWU0N2I5MTk3MzM0MGU5MDA4OWQxZWIwYWE0Y2Y1NWIzYzA2NGRlODI5ZTJiOTdkYTUxZg
83025    ,Blocked Boardshort youth                                   , Environmentally friendly and stylish. This cool boardshort with an all-over print and 4-way stretch is the coolest thing this summer. Made of recycled PET. 85% polyester and 15% spandex.                                                                                               ,24.26  ,Quiksilver|kids|streetwear|270600      ,https://localhost:9002/medias/?context=bWFzdGVyfGltYWdlc3w4ODI1N3xpbWFnZS9qcGVnfGFXMWhaMlZ6TDJoa01TOW9NalF2T0RjNU5qa3hNalF4T0RnME5pNXFjR2N8NWM0YjNmNjMzNDk1Yzg1MWEwYTM5Mjc0ZWMyZTA2OTk2NzI5ZWM2YmM1Y2Q2YmQ2YTkwZjc3NmVhMmE3ZjY2MA
83174    ,Stella Dress Women                                         , Checked is in                                                                                                                                                                                                                                                                            ,44.51  ,streetwear|260700                      ,https://localhost:9002/medias/?context=bWFzdGVyfGltYWdlc3w2MjIyOHxpbWFnZS9qcGVnfGFXMWhaMlZ6TDJnelppOW9NalF2T0RjNU5qZzVPRFkxTmpJNE5pNXFjR2N8OGQ4NTE3Y2U4MmU3YmUxYzk1YTMxYjY1Y2ZmYTA4NWQyNjI1NTdiNDhiMGZjNWI4MmU1NjA2YzFlMDBiMTIzOQ
83223    ,Selva Dress Women                                          , With the femipleasure Selva dress in a colourful stripe pattern with chest pocket on the left side and draw cord belt you'll be even more scrumptious in the eyes of the boys. 100 % cotton                                                                                              ,32.36  ,Femipleasure|streetwear|260700         ,https://localhost:9002/medias/?context=bWFzdGVyfGltYWdlc3w0NjU0MnxpbWFnZS9qcGVnfGFXMWhaMlZ6TDJoa1pDOW9PR1l2T0RjNU5qa3dNVFl3TlRRd05pNXFjR2N8MGEzMjZjYTc1MzYyM2QxMDY1ZDE4NDgyNzYyYmFiODgwMmZiNTViMWEwNTg3YjJmOTNkZDUzZWMzMTdkNTMyMg
84574    ,Stratus Dress Women                                        , The Stratus Dress is the perfect companion whether you're at the beach or sipping a cocktail in the city. You're sure to catch everyone's attention! 51% cotton                                                                                                                          ,36.4099,Hurley|streetwear|260700               ,https://localhost:9002/medias/?context=bWFzdGVyfGltYWdlc3wzOTQ1OHxpbWFnZS9qcGVnfGFXMWhaMlZ6TDJnMlppOW9NMlV2T0RjNU5qZzVPVFl6T1RNeU5pNXFjR2N8OTFmNDgxZTE2MWI3MDU2ZWJhMmNkZDllN2Y1NzEzMzc0MGI3OWE0MzVhYjdmMmI5MzE4MGI2MGNmMWY2Njc5NA
92637    ,Boardshort youth                                           , You will be the best styled kid with the Boardshort by Slam 69. 100% Polyester                                                                                                                                                                                                           ,667    ,69 Slam|kids|streetwear|270600         ,https://localhost:9002/medias/?context=bWFzdGVyfGltYWdlc3w4ODcyNnxpbWFnZS9qcGVnfGFXMWhaMlZ6TDJnd09TOW9aRGd2T0RjNU5qa3hNekEzTkRJd05pNXFjR2N8OGM1Y2Q2NzZlY2NhODA0YWU1MDhiYWEwNmE1ZTY5ZjhlMGU1N2UzMjZjODg1ODA2YjhkZDE3NTQzN2ZkZWI4OA
92905    ,Vintage 72 metallic grey/ yellow                           , Take a look back through time as you look ahead through the lenses of the Nike Vintage '72 Sunglasses. Featuring an over-sized frame                                                                                                                                                     ,28.31  ,210100|Nike                            ,https://localhost:9002/medias/?context=bWFzdGVyfGltYWdlc3wyNTY2MXxpbWFnZS9qcGVnfGFXMWhaMlZ6TDJnMFlTOW9ZalV2T0RjNU5qazJPVEV3TnpRNE5pNXFjR2N8YTQ3NTY2Zjg0YzEwZmI0YmQxMmZjOWYwMGI4YzNiOTI3ZWU0ZGUxOGEwODg4MDc3MWNiZWYxZmI4ZDZmZmQ5MQ
92961    ,Spikes 44                                                  ," The Skim One Spikes Skimboard guarantees endless fun. Dimensions: 44 ""                                                                                                                                                                                                                ",24.26  ,351200|Skim One|surf                   ,https://localhost:9002/medias/?context=bWFzdGVyfGltYWdlc3w1OTIzMHxpbWFnZS9qcGVnfGFXMWhaMlZ6TDJnMk9DOW9Namt2T0RjNU5qZzVOREl6TWpZd05pNXFjR2N8Y2E0NzI5ZTY3MjU4OWJiMGZjZmFlYzM5MDhlZmE1MDkzMDhhNDRhMTNmYjhhNWFmYTViMjVjYmVhMGUzOGZkZQ
93762    ,The Brick Beanie                                           , Loose fit beanie by VIVO in a nice color. 100% Acrylic                                                                                                                                                                                                                                   ,36.4099,VIVO|220500                            ,https://localhost:9002/medias/?context=bWFzdGVyfGltYWdlc3w4NTE1MXxpbWFnZS9qcGVnfGFXMWhaMlZ6TDJnM01DOW9Oemd2T0RjNU5qYzBNVEl3TmpBME5pNXFjR2N8ZmY4MDMxNjY2YmU2YWNhM2QwNWI2OTNiYzYxNDE3MzQ3MmJlMzg0MjQyM2NmYTMxYzM5MjA0MGIwYWI4YzEzNg
94063    ,The 51-30                                                  , The 51-30 by Nixon is a sporty watch for men and moreover for real water sports men!                                                                                                                                                                                                     ,77.72  ,340000|Nixon                           ,https://localhost:9002/medias/?context=bWFzdGVyfGltYWdlc3w2ODI2MHxpbWFnZS9qcGVnfGFXMWhaMlZ6TDJneVpDOW9ZVEF2T0RjNU5qZzFPRFV4TlRRNE5pNXFjR2N8YzY0NGJlZDM1MjAwODFkOTljMjY1ZmZmMTQ3YjFhNjg0MjZmZGRjZjhmYjQ0MTU4ZmM0OTA4YmJmOTJlOGRjNA
94172    ,Camper Beanie                                              , It is better to always choose the right thing - and the Camper beanie by Nixon is the right thing. 100% Acrylic                                                                                                                                                                          ,153.860,Nixon|220500                           ,https://localhost:9002/medias/?context=bWFzdGVyfGltYWdlc3w2MjM4N3xpbWFnZS9qcGVnfGFXMWhaMlZ6TDJoaU1pOW9Namt2T0RjNU5qYzBORFE0TWpnME5pNXFjR2N8ZTdlNDQxMjk2Y2ZlYzJjOGJiMjMyMzc5NzBmODc4YThlZWJmMGVjMTJmODI1MzE4NjRkYmY3ODQ5M2Q1NDJlNA
94374    ,Studio Pant                                                , Constructed with pure on-snow functionality in mind                                                                                                                                                                                                                                      ,14.54  ,Foursquare|snow|190300                 ,https://localhost:9002/medias/?context=bWFzdGVyfGltYWdlc3w0NzE1OHxpbWFnZS9qcGVnfGFXMWhaMlZ6TDJoaE1pOW9ZbVF2T0RjNU5qYzNNek14T0RZNE5pNXFjR2N8Yzc0ZWYyNDdjYTAxNTIyZjRlNjhjMTI2YzhjZmQ3YjY2OTc3NzM1OTQxOTNkZTIzMjQ2MGY2NDQzZTExZjFhNA
94382    ,Strut Pant Women                                           , Such an awesome piece you shouldn't miss out on! The Strut pant by Foursquare is the perfect companion for an amazing season in the snow.                                                                                                                                                ,404.96 ,200300|Foursquare|snow                 ,https://localhost:9002/medias/?context=bWFzdGVyfGltYWdlc3wzMzczOXxpbWFnZS9qcGVnfGFXMWhaMlZ6TDJnMVl5OW9OV0V2T0RjNU5qZzBPRE0xTnpRd05pNXFjR2N8ZmJjYjVlMGUxZTM1NDNjMjE0YWI0OGE4MDRkNzRhMGJkOGYzMTJjMzk3MTVjYWVmZDcwMzliYzM1MTJiMTExNg
94415    ,Adapt New Era                                              , The Adapt New Era cap by Foursquare is so genius                                                                                                                                                                                                                                         ,16.16  ,Foursquare|220600                      ,https://localhost:9002/medias/?context=bWFzdGVyfGltYWdlc3wxMTQ2NzJ8aW1hZ2UvanBlZ3xhVzFoWjJWekwyZ3laQzlvWm1Rdk9EYzVOamszTWpjeE1UazJOaTVxY0djfDFmODI5YjAyYmRkNDFiMTk4NmU4OTljMzU5NjM1YmE5NTdkZDQ4MjhhMzI3YWVhZjEyYmRlYjQwNTNjZWQ2M2Q
94462    ,Bender Jacket                                              , Keeps you warm and looks absolutely stylish. The Bender jacket by Special Blend is a genius piece                                                                                                                                                                                        ,89.06  ,Special Blend|snow|190100              ,https://localhost:9002/medias/?context=bWFzdGVyfGltYWdlc3w1NDYzM3xpbWFnZS9qcGVnfGFXMWhaMlZ6TDJoa01pOW9OelF2T0RjNU5qWTVNVE01T0RZNE5pNXFjR2N8M2FjMWExMmUyZmQ2NTEyNTZjM2UyNzNhYThhMjE3MGI4YmM5ZjY1ZmJhMzAwOTQyYzg4YzAyMzNkZjEyOWY4NQ
94474    ,Trenchtown Jacket                                          , So stylish and so cool - the Trenchtown jacket by Special Blend.                                                                                                                                                                                                                         ,80.9599,Special Blend|snow|190100              ,https://localhost:9002/medias/?context=bWFzdGVyfGltYWdlc3w0ODAwNXxpbWFnZS9qcGVnfGFXMWhaMlZ6TDJoak9DOW9ObVV2T0RjNU5qWTROVEUzTWpjMk5pNXFjR2N8ZTBhMzYyNzNlMjI5ZjU1YWEyNDVmNjY3ZmM3NzIzNjAwZGMzMGJhZGQwYjViOTlmMjkzZDE5ODMwZDYzNDA1ZA
94489    ,5 Pocket Freedom Pant                                      , The 5 Pocket Freedom pant by Special Blend is part of the Revolver collection.<br />The Revolver group is a reflection on the season's most distinct looks.                                                                                                                              ,32.36  ,Special Blend|snow|190300              ,https://localhost:9002/medias/?context=bWFzdGVyfGltYWdlc3w0ODQxMHxpbWFnZS9qcGVnfGFXMWhaMlZ6TDJnMllTOW9PRFl2T0RjNU5qYzJPREEzTlRnd05pNXFjR2N8ZjgxODM4NDgwNmJlMTU5NDRkMGNmOTJkNzY2NmE4MzNkOGYzNTkxNTE0MTgyODE0NDRmNjliN2MzYTk0ZDFmMQ
94491    ,Annex Pant                                                 , The Special Blend Annex snowboard pant offers enormous legroom and highest comfort because of its extreme and stylish baggy fit. The immense cargo pockets got a lot of space for all your stuff. With the technical features you won't have to resign your turns even at                ,97.16  ,190300|Special Blend|snow              ,https://localhost:9002/medias/?context=bWFzdGVyfGltYWdlc3wzNzk3N3xpbWFnZS9qcGVnfGFXMWhaMlZ6TDJnNVppOW9aRGd2T0RjNU5qYzFPREkwTlRRd05pNXFjR2N8MWE2YTU1MGVmNjdjYTVlYTY3YTUxN2QxMTkzY2YyODgzNDBiMjZmZWY2MWYxZDUzNWVlOTllYmYwMGIxYTk1MQ
94714    ,Limmer Pant                                                , The Limmer Pant by Zimtstern is a cargo snowboard pant that still offers everything you need despite their killer price.                                                                                                                                                                 ,113.36 ,Zimtstern|snow|190300                  ,https://localhost:9002/medias/?context=bWFzdGVyfGltYWdlc3wzMzEzMXxpbWFnZS9qcGVnfGFXMWhaMlZ6TDJoa1lpOW9ZMlV2T0RjNU5qYzJPRGN6TVRFMk5pNXFjR2N8MzAwM2JiMzYyN2VmYzdiYTFjZWQzOTU2ZmU5NGE5MzQ5OGUxYTU0ZTU5ZTJhOTlkOGY2M2VkNTdiNTU4YTZmYQ
94791    ,Kompass Tee SS Women                                       , The Kompass Tee is a Soft t-shirt with a big                                                                                                                                                                                                                                             ,97.16  ,260100|Zimtstern|streetwear            ,https://localhost:9002/medias/?context=bWFzdGVyfGltYWdlc3w1NDg5NHxpbWFnZS9qcGVnfGFXMWhaMlZ6TDJoaE55OW9NVFV2T0RjNU5qazFOak15TnprMk5pNXFjR2N8ZWQ1ZDgyZmFlMzg1NDVhMDMwMGVlMDNmMzUxODg2YzI5ZjRlODI3NmIyN2QzMTg5OGQzOTZkNjA4M2ZmMzhlZg
94942    ,Mira Twill Jacket youth                                    , Incredibly light                                                                                                                                                                                                                                                                         ,97.16  ,Zimtstern|snow|kids|330100             ,https://localhost:9002/medias/?context=bWFzdGVyfGltYWdlc3w0Nzk2OXxpbWFnZS9qcGVnfGFXMWhaMlZ6TDJnMFppOW9NMkV2T0RjNU5qYzRPVE0zTlRBd05pNXFjR2N8NzY0MzI4YzQzM2NkYWY4MzAxYjE4MDBiM2E1MTYzMWU5NWZmYWMwZWUxZGY0YTFmZWY4NjBhMWRlZThkODk3NQ
95288    ,Buffer II Sock                                             , Freestyle-focused support and cushioning. Guaranteed to help you land more tricks.                                                                                                                                                                                                       ,97.16  ,221100|Burton                          ,https://localhost:9002/medias/?context=bWFzdGVyfGltYWdlc3w0MDM4M3xpbWFnZS9qcGVnfGFXMWhaMlZ6TDJneU1pOW9OamN2T0RjNU5qYzFNRE00TVRBNE5pNXFjR2N8ZTIyNDdmNmM5MTIwZjlkZmE1MTRkMGFhN2EwMjM5YTRiN2QwZGRmZjMwYzRlNTZlNTA0YTE3ODZiNWNiMDZhMQ
95290    ,Party Sock                                                 , A breathable blend of woolly warmth                                                                                                                                                                                                                                                      ,20.21  ,221100|Burton                          ,https://localhost:9002/medias/?context=bWFzdGVyfGltYWdlc3w1MDA5M3xpbWFnZS9qcGVnfGFXMWhaMlZ6TDJnNU9TOW9aVFl2T0RjNU5qYzFNVEF6TmpRME5pNXFjR2N8OTZlNjViMDE0NzNmYzk3MWE3YjY3NDJjMTY1NTgxOGQzMDQ2ZThlNTU5ZDQ0ZmZkMDVmNGEwN2M0MjU0MWMxNQ
95353    ,Amped Jacket youth                                         , Save loot for lift tickets—rugged warmth and weather protection with a fit that grows as you go!                                                                                                                                                                                         ,137.66 ,snow|kids|330100|Burton                ,https://localhost:9002/medias/?context=bWFzdGVyfGltYWdlc3w4ODE2MHxpbWFnZS9qcGVnfGFXMWhaMlZ6TDJnNU1DOW9NRGd2T0RjNU5qYzROREV6TWpFeU5pNXFjR2N8YWY3Mjc0OTdlZmI2YjI0YjMwZjZlNjI3OGU0ZTgxZTA4ODA4YzcwMzFmYzAwMDAzMmI4MjUzMDdkNWU0OTkwMw
95361    ,Sludge Jacket youth                                        , Uniquely Burton. Designed to inspire both on and off the mountain.                                                                                                                                                                                                                       ,20.21  ,330100|kids|snow|Burton                ,https://localhost:9002/medias/?context=bWFzdGVyfGltYWdlc3w1MjQwOHxpbWFnZS9qcGVnfGFXMWhaMlZ6TDJobE9TOW9ZMkV2T0RjNU5qYzNOamt5TXpFMk5pNXFjR2N8MzcyOGUwODZlZTgzMGY2OWEwOTQ3YTZiYTYxZmMxOGM2YmRlMjk1NTAxNzY1NTE3YTYxNDQ3MWNiYzEyYTBhOQ
95366    ,Minishred Illusion 1 Piece yth                             , Astronaut-caliber coverage with Room-to-Grow™ for non-stop protection from wind                                                                                                                                                                                                          ,17.78  ,snow|kids|330100|Burton                ,https://localhost:9002/medias/?context=bWFzdGVyfGltYWdlc3w2MjU1NHxpbWFnZS9qcGVnfGFXMWhaMlZ6TDJobE5TOW9aV1V2T0RjNU5qYzROVFEwTWpnME5pNXFjR2N8YmQ1OWFiYzQ5MmE5NDFlOWJjOTk5NWUyZmQ3NTMzOTJmYTg3MmVjMjcxZjY0NDAyMGM3M2QzZmE3NjRhMzAwMw
95367    ,Minishred Melody Jacket youth                              , Kid-tested                                                                                                                                                                                                                                                                               ,52.61  ,snow|kids|330100|Burton                ,https://localhost:9002/medias/?context=bWFzdGVyfGltYWdlc3w1MTM0MHxpbWFnZS9qcGVnfGFXMWhaMlZ6TDJneU5DOW9NV1V2T0RjNU5qYzROelF3T0RreU5pNXFjR2N8YTJjNTgwZGQzOTljZWFjMTI1ZTkxMDlkMTgwZWIxYTMyYjQ5NGYyOThmODlkZWU4ODVlYTQ2NTk5ZGQ5MTlhZA
95385    ,Andover Jacket                                             , Whoa! It’s a steal. Heli tech at t-bar prices.                                                                                                                                                                                                                                           ,68.81  ,Burton|snow|190100                     ,https://localhost:9002/medias/?context=bWFzdGVyfGltYWdlc3w1NzgxNXxpbWFnZS9qcGVnfGFXMWhaMlZ6TDJnME1TOW9PV1V2T0RjNU5qWTROekV6T0RnME5pNXFjR2N8MTYwODRmOTExMzVhYTBiOGJiNDcyODBiZjJkOTM4MGY1ZmQxMjMxNmNiYThiNmRmMzMyNjExZTA5NDY3ODM3MA
95424    ,Dandridge Down Jacket Women                                , Vintage flannel sleeping bag experience without the smell of stale mothballs.                                                                                                                                                                                                            ,80.9599,200100|Burton|snow                     ,https://localhost:9002/medias/?context=bWFzdGVyfGltYWdlc3w2MjQ5MHxpbWFnZS9qcGVnfGFXMWhaMlZ6TDJnelpDOW9aamN2T0RjNU5qZ3lOalF3TWpnME5pNXFjR2N8N2E0MGY5ZWFlMzc4YmJkNzg2NzMzNzFkNDUxNWFmNDhmYzQyOTRmMDUwYTRiMjUxNmUwODZjYTRhMGJjOGY5Zg
95437    ,Tabloid Jacket Women                                       , Roll out the red carpet. A smoking hot                                                                                                                                                                                                                                                   ,52.61  ,200100|Burton|snow                     ,https://localhost:9002/medias/?context=bWFzdGVyfGltYWdlc3w1NzA2OHxpbWFnZS9qcGVnfGFXMWhaMlZ6TDJobE5pOW9aRGd2T0RjNU5qZ3dPRGN3T0RFeU5pNXFjR2N8OGVlMmIzOWQzZjI0NzhlYTM2YzE5YTZkODMzODEwNjBhZmNhNGMxMWZjMmQzOTM3M2RhYTVlZDA4NzFmMTFjYw
95438    ,Theory Jacket Women                                        , Retain heat. Sustain the future. Bomber style built with recycled materials.                                                                                                                                                                                                             ,129.56 ,200100|Burton|snow                     ,https://localhost:9002/medias/?context=bWFzdGVyfGltYWdlc3w4MDcxMnxpbWFnZS9qcGVnfGFXMWhaMlZ6TDJnell5OW9PVFF2T0RjNU5qZ3hNemsxTVRBd05pNXFjR2N8MjNmNzY1MWJmMzdjNDBjYjcyZjM0ZmI1NGY5YWQ0NTNlMmM4Y2EzNzBlNmQzMWJiYTQwMWYzODJhN2RmMzM5Zg
95441    ,Aster Jacket Women                                         , For the style connoisseur—burly meets girly in this flannel-lined shell.                                                                                                                                                                                                                 ,113.36 ,snow|200100|Burton                     ,https://localhost:9002/medias/?context=bWFzdGVyfGltYWdlc3w1MjY4NHxpbWFnZS9qcGVnfGFXMWhaMlZ6TDJnM05TOW9OV0V2T0RjNU5qZ3pNell4TVRnd05pNXFjR2N8MWRlNzY0MmY5YzFkMzAxMDQwZjBiOGZiMjAwMzUwZTZjZDgzNDA4NDZmOTNkYzEwNTk2NjNiOWVhNmE3YWVhZQ
95446    ,Twc Such A Deal Pant youth                                 , No need to shoplift                                                                                                                                                                                                                                                                      ,105.26 ,snow|kids|330700|Burton                ,https://localhost:9002/medias/?context=bWFzdGVyfGltYWdlc3w1NDcxMnxpbWFnZS9qcGVnfGFXMWhaMlZ6TDJneU5pOW9aV1F2T0RjNU5qZ3dNalE0TWpJd05pNXFjR2N8ZTEzMTdkMDNmYmMxOWE3MDg4ZDM4YTIxNjIxNTU0MDcwMzNiMTYxYjMyZDEyNzhhNmFiNmI2NzhjMDhhYzE1Ng
95453    ,Sweetheart Pant youth                                      , Warm and weatherproof without the credit card hangover                                                                                                                                                                                                                                   ,89.06  ,330700|snow|kids|Burton                ,https://localhost:9002/medias/?context=bWFzdGVyfGltYWdlc3w0MTE0NHxpbWFnZS9qcGVnfGFXMWhaMlZ6TDJneU5pOW9OVFl2T0RjNU5qYzVNVEF4TXpRd05pNXFjR2N8NzFhMDlmNGEwYmY2NGQyNDVjYWVjZDVlNTUyY2E1MGFiMDVlM2FkZDc4NjdhYjc5M2FmOTZkMDhkNWQ2MjNlZQ
95464    ,Cargo Pant                                                 , The tried and true classic—loose-fitting with room for all your junk.                                                                                                                                                                                                                    ,145.76 ,190300|Burton|snow                     ,https://localhost:9002/medias/?context=bWFzdGVyfGltYWdlc3w0MzQzMHxpbWFnZS9qcGVnfGFXMWhaMlZ6TDJoa05DOW9PR0l2T0RjNU5qYzFNak0wTnpFMk5pNXFjR2N8MGY3MzgyMTNiYTQ1NDdkNmUwMGY0ZjU4ZDI2YTJiNWUyOWQxNTE0ZDdiZmE3YTQ2NzJkNzhiMzMzOGFjMjcwZQ
95482    ,Twc Honey Buns Pant Women                                  , Hypnotize them with your moves                                                                                                                                                                                                                                                           ,56.66  ,200300|Burton|snow                     ,https://localhost:9002/medias/?context=bWFzdGVyfGltYWdlc3wzOTgwMXxpbWFnZS9qcGVnfGFXMWhaMlZ6TDJnNFpDOW9OR0l2T0RjNU5qZzBNVFEzTmpFeU5pNXFjR2N8ZTUwNjk2ZjI1ZDMzMmU4OGEwNmI1ODZlYjFjZjNkZjhiMjMwNTM1YjAwMzAzYjhkNjhiZDEwNWFjN2EyNDYwNA
95484    ,Basis Pant Women                                           , Putting a new spin on sustainable style.                                                                                                                                                                                                                                                 ,44.51  ,200300|Burton|snow                     ,https://localhost:9002/medias/?context=bWFzdGVyfGltYWdlc3w2ODQwN3xpbWFnZS9qcGVnfGFXMWhaMlZ6TDJobVlpOW9NVGd2T0RjNU5qZzFNRFkxTVRFMk5pNXFjR2N8ZDVkZTQ1NzZhY2U3OGI1ZTEyYTU4MzgwYzAyOTc2MjdhZTNhN2YwNThlMTQwNDU1MDVhYTUyZTcyNzcwZjkzZg
95490    ,Lucky Pant Women                                           , First chair to last blast—style necessity meets everyday versatility.                                                                                                                                                                                                                    ,97.16  ,200300|Burton|snow                     ,https://localhost:9002/medias/?context=bWFzdGVyfGltYWdlc3wzMzU5MnxpbWFnZS9qcGVnfGFXMWhaMlZ6TDJnellTOW9ZalV2T0RjNU5qZ3pORGt5TWpVeU5pNXFjR2N8NjEyZGVkNzE1MGNlZmRkZjI2ODA4NGZjZjhlOGM0MmM3YmIwMjZlMDkzMjFhZTYzNTg4NzNhYzFkMjVlM2IzOQ
95521    ,Spectre Glove                                              , Next level secret handshakes are now a reality.                                                                                                                                                                                                                                          ,89.06  ,Burton|190700                          ,https://localhost:9002/medias/?context=bWFzdGVyfGltYWdlc3w3MzA3OXxpbWFnZS9qcGVnfGFXMWhaMlZ6TDJoaE9TOW9NemN2T0RjNU5qYzBPRFF4TlRBd05pNXFjR2N8ODQxZmQ4MjQyZDdiNmIxOWZkOTY5NWJmMmZkYmQzNDY3ZGZkMmZiN2ExYzljZjQ3NTBhZjA3Zjc2MjdhN2FlZA
96001    ,Fade Beanie                                                , Features:<br /><br />+ 72% Acrylic                                                                                                                                                                                                                                                       ,113.36 ,220500|Burton                          ,https://localhost:9002/medias/?context=bWFzdGVyfGltYWdlc3w5Njc2OXxpbWFnZS9qcGVnfGFXMWhaMlZ6TDJobU15OW9PR0V2T0RjNU5qZzVNVGt6T0RnME5pNXFjR2N8YTVkNGE1ODUzMzUwN2Y0NmVhMjM4MjM4Yjk2ZDc5Y2I5YjU5ZmU5NWVhNzBlZGY1NGU0NTEzMmY0OTE0YzFlNQ
96022    ,Trope Beanie                                               , Features:<br /><br />+ 100% Acrylic<br />+ Vintage Striped Beanie with Pom<br />+ Fold Up with Skully Fit                                                                                                                                                                                ,105.26 ,220500|Burton                          ,https://localhost:9002/medias/?context=bWFzdGVyfGltYWdlc3w3NzUzOXxpbWFnZS9qcGVnfGFXMWhaMlZ6TDJnME9TOW9aVGN2T0RjNU5qY3pPREkxTmpreU5pNXFjR2N8NTljZWNiZDAyYmY0MzBjZDlmMjFjNDJhNGJhMDZmZGM3NmVhODgzOWNmMmNjZGJmN2NkZDFlMDRkMTg3MTJkNA
96026    ,What¦s Your Niner                                          , Features:<br /><br />+ 100% Acrylic<br />+ Basic Beanie with Double Stripes and Pom<br />+ Slouch Fit                                                                                                                                                                                    ,32.36  ,Burton|220500                          ,https://localhost:9002/medias/?context=bWFzdGVyfGltYWdlc3w4NzgxOHxpbWFnZS9qcGVnfGFXMWhaMlZ6TDJnNE1pOW9ZMk12T0RjNU5qYzBORGd4TURVeU5pNXFjR2N8NDkyZWRhMGUyYTk3NzhmYWQzZmY5NmZiYmVkNWQ4MWU0YzJmYTkwNmU2NTk5ZDYxMGRjMGE2MDdhNjE5YWU4Mw
96097    ,Studded Belt                                               , Features:<br /><br />+ PU Leather Belt<br />+ Full Rivet Metal Studs<br />+ Solid Removable Burton Process Logo Buckle                                                                                                                                                                   ,24.26  ,251100|Burton|streetwear               ,https://localhost:9002/medias/?context=bWFzdGVyfGltYWdlc3w2NjYwMnxpbWFnZS9qcGVnfGFXMWhaMlZ6TDJoaU5TOW9OalV2T0RjNU5qazJPVFF6TlRFMk5pNXFjR2N8NGQ4N2EwZmI4OGE4ZWRiMTQwYjEyYzEzM2JiNTc0MmVmODJjYjNkMmJkNWRiZjA2MWYwNDE5ZDJmMDA1YTk5Mw
96162    ,Crammed SS                                                 , Features:<br /><br />+ 100% Cotton<br />+ Screen Print on Front<br />+ Regular Fit                                                                                                                                                                                                       ,28.31  ,250100|Burton|streetwear               ,https://localhost:9002/medias/?context=bWFzdGVyfGltYWdlc3w1MTkzOXxpbWFnZS9qcGVnfGFXMWhaMlZ6TDJoallTOW9ORFF2T0RjNU5qazBNVFU0TWpNMk5pNXFjR2N8NjA0NGM2YjU4OWE1ZGNlNDNlMDQ1MDhlNmE1MDdhOTU1Zjg0Y2ZiZmFjZjZiNmYwNDgxYjMyYjU1NTYwZTM3Nw
96172    ,Pennant SS                                                 , Features:<br /><br />+ 90% Cotton                                                                                                                                                                                                                                                        ,24.26  ,250100|streetwear|Burton               ,https://localhost:9002/medias/?context=bWFzdGVyfGltYWdlc3w1NzcwNnxpbWFnZS9qcGVnfGFXMWhaMlZ6TDJoa1pTOW9OV0V2T0RjNU5qazNNRFF4T0RJd05pNXFjR2N8YzFkZWIxYWQxYWRkMTE2YmZmMTMzYjg5MDg5NDExNmFlZDNmNDk3ZGZhN2I2MjU1NzZmZDUzMzE5OGY5ZmUzMg
96502    ,Hawkeye Painted white                                      , It is the perfect combination - low profile with a penthouse view. There is nothing blocking your vision                                                                                                                                                                                 ,28.31  ,210200|Anon                            ,https://localhost:9002/medias/?context=bWFzdGVyfGltYWdlc3wzNTg5NnxpbWFnZS9qcGVnfGFXMWhaMlZ6TDJneVpTOW9aR1V2T0RjNU5qZzVNVFl4TVRFMk5pNXFjR2N8MTgzNGI5OWRiYzU0MjVkNzI1NTBjNTQ1NzFjMWEwZjE3MDBjZDU4MTFiN2E5ODZhMTE2ODUxMWMyMTgwYzNjMg
96977    ,Custom Est 11/12                                           , The feel is real.                                                                                                                                                                                                                                                                        ,24.26  ,50100|Burton|snow                      ,https://localhost:9002/medias/?context=bWFzdGVyfGltYWdlc3w1NzEyMHxpbWFnZS9qcGVnfGFXMWhaMlZ6TDJoaVlTOW9Oekl2T0RjNU5qWTVNek0yTkRjMk5pNXFjR2N8YzRkMmVmYTVkMTdkZTVlNTIzMTc0MDRjOTA4Yjc1ZjQ5YmRlYjJjZjk2NTY4MDQ4MGUxOGRlNGRmZGUwYWNlMA
96990    ,Custom 11/12                                               , Champagne taste on a beer budget.                                                                                                                                                                                                                                                        ,17.78  ,50100|Burton|snow                      ,https://localhost:9002/medias/?context=bWFzdGVyfGltYWdlc3w1NTU5MHxpbWFnZS9qcGVnfGFXMWhaMlZ6TDJnME55OW9OV1F2T0RjNU5qY3dOemM0TWpZNE5pNXFjR2N8YzU5YzM1ZmVhYTNjNzY5ZDQzN2Y1MDcwZGE4NWEzMmRmMjEwYzQ2MWY5MmUxY2FlOTA4OTRmYmEyNmI3ZDBlMQ
97199    ,Monkeywrench 157 11/12                                     , Piping hot from the house of Jeremy.                                                                                                                                                                                                                                                     ,72.86  ,snow|10100|Burton                      ,https://localhost:9002/medias/?context=bWFzdGVyfGltYWdlc3w2MzgwOXxpbWFnZS9qcGVnfGFXMWhaMlZ6TDJnNFpTOW9NakF2T0RjNU5qYzNOVGswTURFeU5pNXFjR2N8ZGNlNmUyMzEzMzdjZjZkMjY0OTZjNTBkY2Q4NGNiNmFhOWVjMTY3OGRjZTI5Y2JiNjVkY2RhZjc0OGM2NmU1Nw
97252    ,Twc Standard 156W 11/12                                    , Nothing is standard when it’s coming from Shaun.                                                                                                                                                                                                                                         ,97.16  ,snow|10100|Burton                      ,https://localhost:9002/medias/?context=bWFzdGVyfGltYWdlc3w2MzMwMHxpbWFnZS9qcGVnfGFXMWhaMlZ6TDJnME5pOW9PVEl2T0RjNU5qYzNOalU1TlRRNE5pNXFjR2N8Y2U3NTg0ZGVkNTI0Yjc0NGFhMWE2YjRmNjJkYmZiOWM2NzJlOWUyOTllYmI2MmE1MDM0NGYxNjE2YjEyMTg1MQ
97607    ,Budmo Pant                                                 , The Budmo Pant by Nike 6.0 is a loose fit cargo pant with a myriad of pockets                                                                                                                                                                                                            ,101.21 ,Nike 6.0|snow|190300                   ,https://localhost:9002/medias/?context=bWFzdGVyfGltYWdlc3w0MjM1N3xpbWFnZS9qcGVnfGFXMWhaMlZ6TDJneE1pOW9PVGN2T0RjNU5qYzNNVE0xTWpZd05pNXFjR2N8NDE5OWM5MmVhYmRiM2Q0YmE2MGZjMjc2OTliMzIwNmVlODBkMWZiMjJlZjg0NTMxZGQ4NGYwNDAzYzdhYzMzZg
97692    ,Heritage Pipe Glove                                        , You want to drop into and out of the pipe                                                                                                                                                                                                                                                ,259.160,190700|Oakley                          ,https://localhost:9002/medias/?context=bWFzdGVyfGltYWdlc3w1NzgzOXxpbWFnZS9qcGVnfGFXMWhaMlZ6TDJnelpTOW9NMk12T0RjNU5qYzFNakF4T1RRNE5pNXFjR2N8OGI1YzJmZDI2ZjFkOGQ2NzQzNjRlZGZlOTIwMWNkZGQ4ZjVmMmFhY2RiNTg1NDVmYjNjZjdmYzU3ZmJhZWFmZQ
97693    ,Sadplant Pipe Glove                                        , There is definitely no need to be sad                                                                                                                                                                                                                                                    ,161.96 ,190700|Oakley                          ,https://localhost:9002/medias/?context=bWFzdGVyfGltYWdlc3w1OTYwNXxpbWFnZS9qcGVnfGFXMWhaMlZ6TDJnNU1DOW9NalF2T0RjNU5qYzBOekV3TkRJNE5pNXFjR2N8MTA0Y2E1YzZjYzc2ZDc2MWY0MjZlNzBkYTBjZjk1MTQxMGFmZDhkYzEyNTZkOGIzZDc0MDQyZThlOWIxNDE0NA
97788    ,Landen Insulated Pant                                      , The Landen Insulated Pant by Vans!                                                                                                                                                                                                                                                       ,80.9599,190300|Vans|snow                       ,https://localhost:9002/medias/?context=bWFzdGVyfGltYWdlc3wzNTQyM3xpbWFnZS9qcGVnfGFXMWhaMlZ6TDJoaVl5OW9aR0l2T0RjNU5qYzJOakV3T1RjeU5pNXFjR2N8MWYzMjQwODEyYzdiZmNiZDJjODU1NTU5ZmU3M2IwN2M4ZWFkMTZjYmViNDhiZmFiNmRkNTlkNzkwYzczNzhkMg
98851    ,Lenus Belt                                                 , Your pants are always sliding down? Well                                                                                                                                                                                                                                                 ,36.4099,Billabong|streetwear|251100            ,https://localhost:9002/medias/?context=bWFzdGVyfGltYWdlc3w1OTgxOXxpbWFnZS9qcGVnfGFXMWhaMlZ6TDJneVlTOW9PVFl2T0RjNU5qa3pNVFF5TkRJNE5pNXFjR2N8MjgwZGNlMjY5MTM5N2JmMTYwNWY0ZThkNTE0ZWU5NTZmNjJlMjIyN2Y5NGJhNDFiZTQxODNmOTJhNjBiM2I0YQ
98908    ,Tarzo Pants youth                                          , Solid coloured                                                                                                                                                                                                                                                                           ,24.26  ,Orage|snow|kids|330700                 ,https://localhost:9002/medias/?context=bWFzdGVyfGltYWdlc3w0NDM5N3xpbWFnZS9qcGVnfGFXMWhaMlZ6TDJoaU1pOW9Oamt2T0RjNU5qYzVPVGcyTURjMk5pNXFjR2N8YzllZTQ0Y2Y1NmUwNjAwZmM5ZDRmYzJlOWNkMDViOGQyMjNjNzYwMWUwYzYwMmE2YzkxMjgzZDU2YzNjZGUyZg
98913    ,Plan B Youth Pant                                          , You need a plan B.? Here it is! The Plan B pant by Quicksilver fulfilles all your wishes.                                                                                                                                                                                                ,89.06  ,Quiksilver|snow|kids|330700            ,https://localhost:9002/medias/?context=bWFzdGVyfGltYWdlc3w0Mzk3OHxpbWFnZS9qcGVnfGFXMWhaMlZ6TDJnNVlTOW9OamN2T0RjNU5qYzVOemc1TkRZNE5pNXFjR2N8MDFiMDI3MWU5MjhiMzFhMTBjYThiYjU2YTFlNWMwOTRmZjBkODM0YjQ5YjFlZjlhNzBiOWFiYWQ3MTQxM2QyZQ
98929    ,Luna Twill Pant Women                                      , The Luna Twill Pant fits easily even the most eye-catching jacket. Through the adjustable waistband                                                                                                                                                                                      ,20.21  ,Roxy|snow|200300                       ,https://localhost:9002/medias/?context=bWFzdGVyfGltYWdlc3wzNzkyN3xpbWFnZS9qcGVnfGFXMWhaMlZ6TDJnME5DOW9NR012T0RjNU5qZzFOVFUyTmpNMk5pNXFjR2N8NGRiM2RlNDA5YzU0YmM2MTVjOTg1MWUyNjVhN2NiZTc2OWIxN2UwZTVlNTQ3M2ZmNDM3YjZkZGY3MDkxMDQxYw
98951    ,Mountain SS Basic Tee Logo youth                           , The Mountain Logo tee by Quiksilver is                                                                                                                                                                                                                                                   ,56.66  ,Quiksilver|kids|streetwear|270100      ,https://localhost:9002/medias/?context=bWFzdGVyfGltYWdlc3wzNzk2MXxpbWFnZS9qcGVnfGFXMWhaMlZ6TDJnMFpDOW9Nemt2T0RjNU5qa3pORGN3TVRBNE5pNXFjR2N8MjBiOGQ4Zjc2NmM2ODZlMWZmOWMxYWRjZmY1YTc2NzVhYWZhZTE0N2ZmODIwNWIzOWUyYWU0Zjk5ZmQ2NTI4OQ
99063    ,Mannual Bricks Insulated Jacket youth                      , Actually various pieces of art look rather similar to the Mannual Bricks Insulated Jacket by 686. So you can not be surprised if people start looking at you approvingly                                                                                                                 ,56.66  ,snow|kids|330100                       ,https://localhost:9002/medias/?context=bWFzdGVyfGltYWdlc3w5MzIxMHxpbWFnZS9qcGVnfGFXMWhaMlZ6TDJnME1TOW9OVEV2T0RjNU5qYzRNVFV4TURZNE5pNXFjR2N8ZTAwNmQwZjA3YjU3NGM5OWIyZjg3NDUxMDk2M2U0NmExNGJmODUxNTdiMzhiNjI0ODdiNDE4ODAyMGQ4NzIwNg
99146    ,Arc Jacket Women                                           , Rest less - rip more! The Arc jacket by Volcom allows you everything and gives you an amazing style!                                                                                                                                                                                     ,68.81  ,200100|Volcom|snow                     ,https://localhost:9002/medias/?context=bWFzdGVyfGltYWdlc3w0NTY5NHxpbWFnZS9qcGVnfGFXMWhaMlZ6TDJnek5DOW9aV0V2T0RjNU5qZ3hOemc0TXpFMk5pNXFjR2N8NWQ0ZTZmODYyYjBkZmQ1MTFiNjFkZDFmNzdjZDNiNDQ5NDkzNGQ1NDZlMzdjMDYwMDk5MDY4ZGMwMmYwNDE4MA
99154    ,Twain Pant Women                                           , Function meets style at the highest stage. The Volcom Twain pant is so cool                                                                                                                                                                                                              ,12.92  ,200300|Volcom|snow                     ,https://localhost:9002/medias/?context=bWFzdGVyfGltYWdlc3wzNTE0OXxpbWFnZS9qcGVnfGFXMWhaMlZ6TDJoaFpDOW9Zakl2T0RjNU5qZzBOak01TVRNeU5pNXFjR2N8NWE4MjliZjA0ZjEyNTA3OWQxZTc5OWI2MTMxNTY2NDAyMDQ4ZmNiZDUyMGVkNDFkODg3YWI4ODRmZGQ3OTU3OA
99277    ,Spaghetti SS Women                                         , Comfy Volcom tee with a edgy logo print at front. 100% Cotton                                                                                                                                                                                                                            ,686    ,Volcom|streetwear|260100               ,https://localhost:9002/medias/?context=bWFzdGVyfGltYWdlc3w1MjA4NXxpbWFnZS9qcGVnfGFXMWhaMlZ6TDJnNE15OW9PRGt2T0RjNU5qazFOams0TXpNeU5pNXFjR2N8YTVkZGYwZWRlMWFkZmYzYTM4M2JlODkxYzZhOWZjYWQ0NmUyMDk4YmJiNjI0MTVhYTA2ZTRjMjhjMGI3OTc1ZA
300026673,Sneakers Vans Old Skool black/white 10.5                   ,Classic Vans Old Skool in a black colourway.                                                                                                                                                                                                                                              ,105.26 ,shoes|Vans|230000                      ,https://localhost:9002/medias/?context=bWFzdGVyfGltYWdlc3wxOTc1M3xpbWFnZS9qcGVnfGFXMWhaMlZ6TDJnd09TOW9Oak12T0RjNU5qWTBPRFkyT1RJeE5DNXFjR2N8ZjZlNzExZmQ5YzVkOTQ4ZDc0YTk5ZmM5NmYxMDk0ZGNmMGZkYmZkYjMyMGZiYmQ2YmM0ZGVlZjlkNTI1MzI3Zg
300026674,Sneakers Vans Old Skool black/white 11.0                   ,Classic Vans Old Skool in a black colourway.                                                                                                                                                                                                                                              ,97.16  ,shoes|Vans|230000                      ,https://localhost:9002/medias/?context=bWFzdGVyfGltYWdlc3wxOTc1M3xpbWFnZS9qcGVnfGFXMWhaMlZ6TDJnd09TOW9Oak12T0RjNU5qWTBPRFkyT1RJeE5DNXFjR2N8ZjZlNzExZmQ5YzVkOTQ4ZDc0YTk5ZmM5NmYxMDk0ZGNmMGZkYmZkYjMyMGZiYmQ2YmM0ZGVlZjlkNTI1MzI3Zg
300026675,Sneakers Vans Old Skool black/white 12.0                   ,Classic Vans Old Skool in a black colourway.                                                                                                                                                                                                                                              ,24.26  ,shoes|Vans|230000                      ,https://localhost:9002/medias/?context=bWFzdGVyfGltYWdlc3wxOTc1M3xpbWFnZS9qcGVnfGFXMWhaMlZ6TDJnd09TOW9Oak12T0RjNU5qWTBPRFkyT1RJeE5DNXFjR2N8ZjZlNzExZmQ5YzVkOTQ4ZDc0YTk5ZmM5NmYxMDk0ZGNmMGZkYmZkYjMyMGZiYmQ2YmM0ZGVlZjlkNTI1MzI3Zg
300026676,Sneakers Vans Old Skool black/white 8.5                    ,Classic Vans Old Skool in a black colourway.                                                                                                                                                                                                                                              ,59.46  ,shoes|Vans|230000                      ,https://localhost:9002/medias/?context=bWFzdGVyfGltYWdlc3wxOTc1M3xpbWFnZS9qcGVnfGFXMWhaMlZ6TDJnd09TOW9Oak12T0RjNU5qWTBPRFkyT1RJeE5DNXFjR2N8ZjZlNzExZmQ5YzVkOTQ4ZDc0YTk5ZmM5NmYxMDk0ZGNmMGZkYmZkYjMyMGZiYmQ2YmM0ZGVlZjlkNTI1MzI3Zg
300026677,Sneakers Vans Old Skool black/white 9.0                    ,Classic Vans Old Skool in a black colourway.                                                                                                                                                                                                                                              ,59.46  ,shoes|Vans|230000                      ,https://localhost:9002/medias/?context=bWFzdGVyfGltYWdlc3wxOTc1M3xpbWFnZS9qcGVnfGFXMWhaMlZ6TDJnd09TOW9Oak12T0RjNU5qWTBPRFkyT1RJeE5DNXFjR2N8ZjZlNzExZmQ5YzVkOTQ4ZDc0YTk5ZmM5NmYxMDk0ZGNmMGZkYmZkYjMyMGZiYmQ2YmM0ZGVlZjlkNTI1MzI3Zg
300026678,Sneakers Vans Old Skool black/white 9.5                    ,Classic Vans Old Skool in a black colourway.                                                                                                                                                                                                                                              ,59.46  ,shoes|Vans|230000                      ,https://localhost:9002/medias/?context=bWFzdGVyfGltYWdlc3wxOTc1M3xpbWFnZS9qcGVnfGFXMWhaMlZ6TDJnd09TOW9Oak12T0RjNU5qWTBPRFkyT1RJeE5DNXFjR2N8ZjZlNzExZmQ5YzVkOTQ4ZDc0YTk5ZmM5NmYxMDk0ZGNmMGZkYmZkYjMyMGZiYmQ2YmM0ZGVlZjlkNTI1MzI3Zg
300026679,Slip On Vans Classic Slip on black white checker/white 10.0,Comfy slip ons in subtle colours for understatement. With waffle rubber sole for good grip. Canvas upper.                                                                                                                                                                                 ,59.46  ,shoes|Vans|230000                      ,https://localhost:9002/medias/?context=bWFzdGVyfGltYWdlc3wyMTkyMHxpbWFnZS9qcGVnfGFXMWhaMlZ6TDJnMU55OW9NV0l2T0RjNU5qWTBPRGN6TkRjMU1DNXFjR2N8ZWY2ZWE2ZjBmNTZhMzNkYTNjYmNhZTA0Mjc4Njc2MDQ3ODA0OWFiZGRkZTk0Yzg2YjhhZjJiZWMwMTVmN2YxYw
300026680,Slip On Vans Classic Slip on black white checker/white 10.5,Comfy slip ons in subtle colours for understatement. With waffle rubber sole for good grip. Canvas upper.                                                                                                                                                                                 ,59.46  ,shoes|Vans|230000                      ,https://localhost:9002/medias/?context=bWFzdGVyfGltYWdlc3wyMTkyMHxpbWFnZS9qcGVnfGFXMWhaMlZ6TDJnMU55OW9NV0l2T0RjNU5qWTBPRGN6TkRjMU1DNXFjR2N8ZWY2ZWE2ZjBmNTZhMzNkYTNjYmNhZTA0Mjc4Njc2MDQ3ODA0OWFiZGRkZTk0Yzg2YjhhZjJiZWMwMTVmN2YxYw
300026681,Slip On Vans Classic Slip on black white checker/white 11.0,Comfy slip ons in subtle colours for understatement. With waffle rubber sole for good grip. Canvas upper.                                                                                                                                                                                 ,59.46  ,shoes|Vans|230000                      ,https://localhost:9002/medias/?context=bWFzdGVyfGltYWdlc3wyMTkyMHxpbWFnZS9qcGVnfGFXMWhaMlZ6TDJnMU55OW9NV0l2T0RjNU5qWTBPRGN6TkRjMU1DNXFjR2N8ZWY2ZWE2ZjBmNTZhMzNkYTNjYmNhZTA0Mjc4Njc2MDQ3ODA0OWFiZGRkZTk0Yzg2YjhhZjJiZWMwMTVmN2YxYw
300026682,Slip On Vans Classic Slip on black white checker/white 12.0,Comfy slip ons in subtle colours for understatement. With waffle rubber sole for good grip. Canvas upper.                                                                                                                                                                                 ,50.96  ,shoes|Vans|230000                      ,https://localhost:9002/medias/?context=bWFzdGVyfGltYWdlc3wyMTkyMHxpbWFnZS9qcGVnfGFXMWhaMlZ6TDJnMU55OW9NV0l2T0RjNU5qWTBPRGN6TkRjMU1DNXFjR2N8ZWY2ZWE2ZjBmNTZhMzNkYTNjYmNhZTA0Mjc4Njc2MDQ3ODA0OWFiZGRkZTk0Yzg2YjhhZjJiZWMwMTVmN2YxYw
300026684,Slip On Vans Classic Slip on black white checker/white 8.5 ,Comfy slip ons in subtle colours for understatement. With waffle rubber sole for good grip. Canvas upper.                                                                                                                                                                                 ,50.96  ,shoes|Vans|230000                      ,https://localhost:9002/medias/?context=bWFzdGVyfGltYWdlc3wyMTkyMHxpbWFnZS9qcGVnfGFXMWhaMlZ6TDJnMU55OW9NV0l2T0RjNU5qWTBPRGN6TkRjMU1DNXFjR2N8ZWY2ZWE2ZjBmNTZhMzNkYTNjYmNhZTA0Mjc4Njc2MDQ3ODA0OWFiZGRkZTk0Yzg2YjhhZjJiZWMwMTVmN2YxYw
300026685,Slip On Vans Classic Slip on black white checker/white 9.0 ,Comfy slip ons in subtle colours for understatement. With waffle rubber sole for good grip. Canvas upper.                                                                                                                                                                                 ,50.96  ,shoes|Vans|230000                      ,https://localhost:9002/medias/?context=bWFzdGVyfGltYWdlc3wyMTkyMHxpbWFnZS9qcGVnfGFXMWhaMlZ6TDJnMU55OW9NV0l2T0RjNU5qWTBPRGN6TkRjMU1DNXFjR2N8ZWY2ZWE2ZjBmNTZhMzNkYTNjYmNhZTA0Mjc4Njc2MDQ3ODA0OWFiZGRkZTk0Yzg2YjhhZjJiZWMwMTVmN2YxYw
300026686,Slip On Vans Classic Slip on black white checker/white 9.5 ,Comfy slip ons in subtle colours for understatement. With waffle rubber sole for good grip. Canvas upper.                                                                                                                                                                                 ,50.96  ,shoes|Vans|230000                      ,https://localhost:9002/medias/?context=bWFzdGVyfGltYWdlc3wyMTkyMHxpbWFnZS9qcGVnfGFXMWhaMlZ6TDJnMU55OW9NV0l2T0RjNU5qWTBPRGN6TkRjMU1DNXFjR2N8ZWY2ZWE2ZjBmNTZhMzNkYTNjYmNhZTA0Mjc4Njc2MDQ3ODA0OWFiZGRkZTk0Yzg2YjhhZjJiZWMwMTVmN2YxYw
300026687,Slip On Vans Classic Slip on black white checker/white 11.5,Comfy slip ons in subtle colours for understatement. With waffle rubber sole for good grip. Canvas upper.                                                                                                                                                                                 ,50.96  ,shoes|Vans|230000                      ,https://localhost:9002/medias/?context=bWFzdGVyfGltYWdlc3wyMTkyMHxpbWFnZS9qcGVnfGFXMWhaMlZ6TDJnMU55OW9NV0l2T0RjNU5qWTBPRGN6TkRjMU1DNXFjR2N8ZWY2ZWE2ZjBmNTZhMzNkYTNjYmNhZTA0Mjc4Njc2MDQ3ODA0OWFiZGRkZTk0Yzg2YjhhZjJiZWMwMTVmN2YxYw
300026688,Slip On Vans Classic Slip on black white checker/white 13.0,Comfy slip ons in subtle colours for understatement. With waffle rubber sole for good grip. Canvas upper.                                                                                                                                                                                 ,50.96  ,shoes|Vans|230000                      ,https://localhost:9002/medias/?context=bWFzdGVyfGltYWdlc3wyMTkyMHxpbWFnZS9qcGVnfGFXMWhaMlZ6TDJnMU55OW9NV0l2T0RjNU5qWTBPRGN6TkRjMU1DNXFjR2N8ZWY2ZWE2ZjBmNTZhMzNkYTNjYmNhZTA0Mjc4Njc2MDQ3ODA0OWFiZGRkZTk0Yzg2YjhhZjJiZWMwMTVmN2YxYw
300026689,Slip On Vans Classic Slip on black white checker/white 14.0,Comfy slip ons in subtle colours for understatement. With waffle rubber sole for good grip. Canvas upper.                                                                                                                                                                                 ,50.96  ,shoes|Vans|230000                      ,https://localhost:9002/medias/?context=bWFzdGVyfGltYWdlc3wyMTkyMHxpbWFnZS9qcGVnfGFXMWhaMlZ6TDJnMU55OW9NV0l2T0RjNU5qWTBPRGN6TkRjMU1DNXFjR2N8ZWY2ZWE2ZjBmNTZhMzNkYTNjYmNhZTA0Mjc4Njc2MDQ3ODA0OWFiZGRkZTk0Yzg2YjhhZjJiZWMwMTVmN2YxYw
300026690,Slip On Vans Classic Slip on black white checker/white 15.0,Comfy slip ons in subtle colours for understatement. With waffle rubber sole for good grip. Canvas upper.                                                                                                                                                                                 ,50.96  ,shoes|Vans|230000                      ,https://localhost:9002/medias/?context=bWFzdGVyfGltYWdlc3wyMTkyMHxpbWFnZS9qcGVnfGFXMWhaMlZ6TDJnMU55OW9NV0l2T0RjNU5qWTBPRGN6TkRjMU1DNXFjR2N8ZWY2ZWE2ZjBmNTZhMzNkYTNjYmNhZTA0Mjc4Njc2MDQ3ODA0OWFiZGRkZTk0Yzg2YjhhZjJiZWMwMTVmN2YxYw
300026691,Slip On Vans Classic Slip on black white checker/white 7.0 ,Comfy slip ons in subtle colours for understatement. With waffle rubber sole for good grip. Canvas upper.                                                                                                                                                                                 ,50.96  ,shoes|Vans|230000                      ,https://localhost:9002/medias/?context=bWFzdGVyfGltYWdlc3wyMTkyMHxpbWFnZS9qcGVnfGFXMWhaMlZ6TDJnMU55OW9NV0l2T0RjNU5qWTBPRGN6TkRjMU1DNXFjR2N8ZWY2ZWE2ZjBmNTZhMzNkYTNjYmNhZTA0Mjc4Njc2MDQ3ODA0OWFiZGRkZTk0Yzg2YjhhZjJiZWMwMTVmN2YxYw
300036392,Sneakers Vans Old Skool black/white 11.5                   ,Classic Vans Old Skool in a black colourway.                                                                                                                                                                                                                                              ,50.96  ,shoes|Vans|230000                      ,https://localhost:9002/medias/?context=bWFzdGVyfGltYWdlc3wxOTc1M3xpbWFnZS9qcGVnfGFXMWhaMlZ6TDJnd09TOW9Oak12T0RjNU5qWTBPRFkyT1RJeE5DNXFjR2N8ZjZlNzExZmQ5YzVkOTQ4ZDc0YTk5ZmM5NmYxMDk0ZGNmMGZkYmZkYjMyMGZiYmQ2YmM0ZGVlZjlkNTI1MzI3Zg
300036393,Sneakers Vans Old Skool black/white 13.0                   ,Classic Vans Old Skool in a black colourway.                                                                                                                                                                                                                                              ,50.96  ,shoes|Vans|230000                      ,https://localhost:9002/medias/?context=bWFzdGVyfGltYWdlc3wxOTc1M3xpbWFnZS9qcGVnfGFXMWhaMlZ6TDJnd09TOW9Oak12T0RjNU5qWTBPRFkyT1RJeE5DNXFjR2N8ZjZlNzExZmQ5YzVkOTQ4ZDc0YTk5ZmM5NmYxMDk0ZGNmMGZkYmZkYjMyMGZiYmQ2YmM0ZGVlZjlkNTI1MzI3Zg
300036394,Sneakers Vans Old Skool black/white 8.0                    ,Classic Vans Old Skool in a black colourway.                                                                                                                                                                                                                                              ,50.96  ,shoes|Vans|230000                      ,https://localhost:9002/medias/?context=bWFzdGVyfGltYWdlc3wxOTc1M3xpbWFnZS9qcGVnfGFXMWhaMlZ6TDJnd09TOW9Oak12T0RjNU5qWTBPRFkyT1RJeE5DNXFjR2N8ZjZlNzExZmQ5YzVkOTQ4ZDc0YTk5ZmM5NmYxMDk0ZGNmMGZkYmZkYjMyMGZiYmQ2YmM0ZGVlZjlkNTI1MzI3Zg
300046029,T-Shirt Men Playboard Raster SS red M                      ,Classic Playboard print tshirt. 100% cotton.                                                                                                                                                                                                                                              ,59.46  ,shirts|Playboard                       ,https://localhost:9002/medias/?context=bWFzdGVyfGltYWdlc3w0MjQ5N3xpbWFnZS9qcGVnfGFXMWhaMlZ6TDJobU9TOW9OMlV2T0RjNU5qWTBPVEEyTWpRek1DNXFjR2N8ZDYzMGI3YmVhZjJhOGRmMTAwZjYxM2YwZDJmNTgyNWExYTczZWFlMDc3OTZjNWZiNjc3ZTYyZjE2MzJkYmJhOA
300046030,T-Shirt Men Playboard Raster SS red S                      ,Classic Playboard print tshirt. 100% cotton.                                                                                                                                                                                                                                              ,59.46  ,shirts|Playboard                       ,https://localhost:9002/medias/?context=bWFzdGVyfGltYWdlc3w0MjQ5N3xpbWFnZS9qcGVnfGFXMWhaMlZ6TDJobU9TOW9OMlV2T0RjNU5qWTBPVEEyTWpRek1DNXFjR2N8ZDYzMGI3YmVhZjJhOGRmMTAwZjYxM2YwZDJmNTgyNWExYTczZWFlMDc3OTZjNWZiNjc3ZTYyZjE2MzJkYmJhOA
300046031,T-Shirt Men Playboard Raster SS red XL                     ,Classic Playboard print tshirt. 100% cotton.                                                                                                                                                                                                                                              ,59.46  ,shirts|Playboard                       ,https://localhost:9002/medias/?context=bWFzdGVyfGltYWdlc3w0MjQ5N3xpbWFnZS9qcGVnfGFXMWhaMlZ6TDJobU9TOW9OMlV2T0RjNU5qWTBPVEEyTWpRek1DNXFjR2N8ZDYzMGI3YmVhZjJhOGRmMTAwZjYxM2YwZDJmNTgyNWExYTczZWFlMDc3OTZjNWZiNjc3ZTYyZjE2MzJkYmJhOA
300046032,T-Shirt Men Playboard Raster SS white L                    ,Classic Playboard print tshirt. 100% cotton.                                                                                                                                                                                                                                              ,26.68  ,shirts|Playboard                       ,https://localhost:9002/medias/?context=bWFzdGVyfGltYWdlc3wyNzQwMXxpbWFnZS9qcGVnfGFXMWhaMlZ6TDJobE5pOW9NR1l2T0RjNU5qWTBPVEV5TnprMk5pNXFjR2N8ODhkODYyNWIyODQxNDYzZjZjY2JiMzg1NDFjYzlmZWY0ZjYyMjIyNTRlNWZjNjhkNmVmOTBjOTQwZjllNDAxOQ
300046033,T-Shirt Men Playboard Raster SS white M                    ,Classic Playboard print tshirt. 100% cotton.                                                                                                                                                                                                                                              ,26.68  ,shirts|Playboard                       ,https://localhost:9002/medias/?context=bWFzdGVyfGltYWdlc3wyNzQwMXxpbWFnZS9qcGVnfGFXMWhaMlZ6TDJobE5pOW9NR1l2T0RjNU5qWTBPVEV5TnprMk5pNXFjR2N8ODhkODYyNWIyODQxNDYzZjZjY2JiMzg1NDFjYzlmZWY0ZjYyMjIyNTRlNWZjNjhkNmVmOTBjOTQwZjllNDAxOQ
300046035,T-Shirt Men Playboard Raster SS white XL                   ,Classic Playboard print tshirt. 100% cotton.                                                                                                                                                                                                                                              ,26.68  ,shirts|Playboard                       ,https://localhost:9002/medias/?context=bWFzdGVyfGltYWdlc3wyNzQwMXxpbWFnZS9qcGVnfGFXMWhaMlZ6TDJobE5pOW9NR1l2T0RjNU5qWTBPVEV5TnprMk5pNXFjR2N8ODhkODYyNWIyODQxNDYzZjZjY2JiMzg1NDFjYzlmZWY0ZjYyMjIyNTRlNWZjNjhkNmVmOTBjOTQwZjllNDAxOQ
300046036,T-Shirt Men Playboard Flower SS black L                    ,Classic t-shirt from Playboard with front print                                                                                                                                                                                                                                           ,26.68  ,shirts|Playboard                       ,https://localhost:9002/medias/?context=bWFzdGVyfGltYWdlc3wyNjgwN3xpbWFnZS9qcGVnfGFXMWhaMlZ6TDJnd09DOW9OVEl2T0RjNU5qWTBPVE15TkRVM05DNXFjR2N8OGEyNDIyMzE2NDI5MTY0MWJmMjI2NGNhNmVjOTlmZGJmNmQxMzI2YTU2YzczMGM4Y2UwNzFiZGM4MjUxNTdlMQ
300046037,T-Shirt Men Playboard Flower SS black M                    ,Classic t-shirt from Playboard with front print                                                                                                                                                                                                                                           ,26.68  ,shirts|Playboard                       ,https://localhost:9002/medias/?context=bWFzdGVyfGltYWdlc3wyNjgwN3xpbWFnZS9qcGVnfGFXMWhaMlZ6TDJnd09DOW9OVEl2T0RjNU5qWTBPVE15TkRVM05DNXFjR2N8OGEyNDIyMzE2NDI5MTY0MWJmMjI2NGNhNmVjOTlmZGJmNmQxMzI2YTU2YzczMGM4Y2UwNzFiZGM4MjUxNTdlMQ
300046038,T-Shirt Men Playboard Flower SS black S                    ,Classic t-shirt from Playboard with front print                                                                                                                                                                                                                                           ,26.68  ,shirts|Playboard                       ,https://localhost:9002/medias/?context=bWFzdGVyfGltYWdlc3wyNjgwN3xpbWFnZS9qcGVnfGFXMWhaMlZ6TDJnd09DOW9OVEl2T0RjNU5qWTBPVE15TkRVM05DNXFjR2N8OGEyNDIyMzE2NDI5MTY0MWJmMjI2NGNhNmVjOTlmZGJmNmQxMzI2YTU2YzczMGM4Y2UwNzFiZGM4MjUxNTdlMQ
300046039,T-Shirt Men Playboard Flower SS black XL                   ,Classic t-shirt from Playboard with front print                                                                                                                                                                                                                                           ,26.68  ,shirts|Playboard                       ,https://localhost:9002/medias/?context=bWFzdGVyfGltYWdlc3wyNjgwN3xpbWFnZS9qcGVnfGFXMWhaMlZ6TDJnd09DOW9OVEl2T0RjNU5qWTBPVE15TkRVM05DNXFjR2N8OGEyNDIyMzE2NDI5MTY0MWJmMjI2NGNhNmVjOTlmZGJmNmQxMzI2YTU2YzczMGM4Y2UwNzFiZGM4MjUxNTdlMQ
300050253,Slip On Vans Classic Slip On checkerboard/black/pewter 7.0 ,Comfy slip ons in subtle colours for understatement. With waffle rubber sole for good grip. Canvas upper.                                                                                                                                                                                 ,26.68  ,shoes|Vans                             ,https://localhost:9002/medias/?context=bWFzdGVyfGltYWdlc3wxOTkyMXxpbWFnZS9qcGVnfGFXMWhaMlZ6TDJnMk5pOW9aREV2T0RjNU5qWTBPVFU0TmpjeE9DNXFjR2N8OWExNmUwOWI5YzNjZjc3YTgxODViZDYwMWMwOGZkYWY4Mjc2YTRkY2UzZmE1N2U2MWQ2NTA3YTFiOWYzNzJkZQ
300050254,Slip On Vans Classic Slip On checkerboard/black/pewter 7.5 ,Comfy slip ons in subtle colours for understatement. With waffle rubber sole for good grip. Canvas upper.                                                                                                                                                                                 ,26.68  ,shoes|Vans                             ,https://localhost:9002/medias/?context=bWFzdGVyfGltYWdlc3wxOTkyMXxpbWFnZS9qcGVnfGFXMWhaMlZ6TDJnMk5pOW9aREV2T0RjNU5qWTBPVFU0TmpjeE9DNXFjR2N8OWExNmUwOWI5YzNjZjc3YTgxODViZDYwMWMwOGZkYWY4Mjc2YTRkY2UzZmE1N2U2MWQ2NTA3YTFiOWYzNzJkZQ
300050255,Slip On Vans Classic Slip On checkerboard/black/pewter 8.0 ,Comfy slip ons in subtle colours for understatement. With waffle rubber sole for good grip. Canvas upper.                                                                                                                                                                                 ,26.68  ,shoes|Vans                             ,https://localhost:9002/medias/?context=bWFzdGVyfGltYWdlc3wxOTkyMXxpbWFnZS9qcGVnfGFXMWhaMlZ6TDJnMk5pOW9aREV2T0RjNU5qWTBPVFU0TmpjeE9DNXFjR2N8OWExNmUwOWI5YzNjZjc3YTgxODViZDYwMWMwOGZkYWY4Mjc2YTRkY2UzZmE1N2U2MWQ2NTA3YTFiOWYzNzJkZQ
300050256,Slip On Vans Classic Slip On checkerboard/black/pewter 8.5 ,Comfy slip ons in subtle colours for understatement. With waffle rubber sole for good grip. Canvas upper.                                                                                                                                                                                 ,46.71  ,shoes|Vans                             ,https://localhost:9002/medias/?context=bWFzdGVyfGltYWdlc3wxOTkyMXxpbWFnZS9qcGVnfGFXMWhaMlZ6TDJnMk5pOW9aREV2T0RjNU5qWTBPVFU0TmpjeE9DNXFjR2N8OWExNmUwOWI5YzNjZjc3YTgxODViZDYwMWMwOGZkYWY4Mjc2YTRkY2UzZmE1N2U2MWQ2NTA3YTFiOWYzNzJkZQ
300050257,Slip On Vans Classic Slip On checkerboard/black/pewter 9.0 ,Comfy slip ons in subtle colours for understatement. With waffle rubber sole for good grip. Canvas upper.                                                                                                                                                                                 ,46.71  ,shoes|Vans                             ,https://localhost:9002/medias/?context=bWFzdGVyfGltYWdlc3wxOTkyMXxpbWFnZS9qcGVnfGFXMWhaMlZ6TDJnMk5pOW9aREV2T0RjNU5qWTBPVFU0TmpjeE9DNXFjR2N8OWExNmUwOWI5YzNjZjc3YTgxODViZDYwMWMwOGZkYWY4Mjc2YTRkY2UzZmE1N2U2MWQ2NTA3YTFiOWYzNzJkZQ
300050258,Slip On Vans Classic Slip On checkerboard/black/pewter 9.5 ,Comfy slip ons in subtle colours for understatement. With waffle rubber sole for good grip. Canvas upper.                                                                                                                                                                                 ,46.71  ,shoes|Vans                             ,https://localhost:9002/medias/?context=bWFzdGVyfGltYWdlc3wxOTkyMXxpbWFnZS9qcGVnfGFXMWhaMlZ6TDJnMk5pOW9aREV2T0RjNU5qWTBPVFU0TmpjeE9DNXFjR2N8OWExNmUwOWI5YzNjZjc3YTgxODViZDYwMWMwOGZkYWY4Mjc2YTRkY2UzZmE1N2U2MWQ2NTA3YTFiOWYzNzJkZQ
300060389,Snowboard Binding F2-FTWO Mondo LT black L                 ,Beginners and occasional riders will find the Mondo LT to be an extremly robust and high quality binding.                                                                                                                                                                                 ,46.71  ,shoes|F2-FTWO|snow|50100               ,https://localhost:9002/medias/?context=bWFzdGVyfGltYWdlc3wyODY4MHxpbWFnZS9qcGVnfGFXMWhaMlZ6TDJnd1pTOW9ZV1F2T0RjNU5qWTBPRGcyTlRneU1pNXFjR2N8Y2E0M2IwYWMwNDI4NDcwZmEwYWYwOGZhOTRlZTE4ZDE0MGEwYjg0NjI3ZmM2NWExOTEwYzQ5OWYxMTkwMzFjOQ
300062456,Helmet Women TSG Lotus Graphic Designs wms Butterfly LXL   ,The Lotus from TSG! One for the Ladies:                                                                                                                                                                                                                                                   ,46.71  ,helmet|TSG                             ,https://localhost:9002/medias/?context=bWFzdGVyfGltYWdlc3wyNjQ4NHxpbWFnZS9qcGVnfGFXMWhaMlZ6TDJneFlTOW9Namt2T0RjNU5qWTBPRGt6TVRNMU9DNXFjR2N8YTg0MjVlMWJhM2M4YTY0MWFmYzMzMDI5NzRhZjUyMmM0ODI2ZWQ1YTRkNTA0Y2QwYzZmYzQ1ODc4OGNmOTQwNw
300062466,Sneakers Vans Old Skool black/white 7.0                    ,Classic Vans Old Skool in a black colourway.                                                                                                                                                                                                                                              ,46.71  ,shoes|Vans|230000                      ,https://localhost:9002/medias/?context=bWFzdGVyfGltYWdlc3wxOTc1M3xpbWFnZS9qcGVnfGFXMWhaMlZ6TDJnd09TOW9Oak12T0RjNU5qWTBPRFkyT1RJeE5DNXFjR2N8ZjZlNzExZmQ5YzVkOTQ4ZDc0YTk5ZmM5NmYxMDk0ZGNmMGZkYmZkYjMyMGZiYmQ2YmM0ZGVlZjlkNTI1MzI3Zg
300065500,Slip On Vans Classic Slip On checkerboard/black/pewter 5.0 ,Comfy slip ons in subtle colours for understatement. With waffle rubber sole for good grip. Canvas upper.                                                                                                                                                                                 ,101.11 ,shoes|Vans                             ,https://localhost:9002/medias/?context=bWFzdGVyfGltYWdlc3wxOTkyMXxpbWFnZS9qcGVnfGFXMWhaMlZ6TDJnMk5pOW9aREV2T0RjNU5qWTBPVFU0TmpjeE9DNXFjR2N8OWExNmUwOWI5YzNjZjc3YTgxODViZDYwMWMwOGZkYWY4Mjc2YTRkY2UzZmE1N2U2MWQ2NTA3YTFiOWYzNzJkZQ
300065501,Slip On Vans Classic Slip On checkerboard/black/pewter 6.5 ,Comfy slip ons in subtle colours for understatement. With waffle rubber sole for good grip. Canvas upper.                                                                                                                                                                                 ,67.96  ,shoes|Vans                             ,https://localhost:9002/medias/?context=bWFzdGVyfGltYWdlc3wxOTkyMXxpbWFnZS9qcGVnfGFXMWhaMlZ6TDJnMk5pOW9aREV2T0RjNU5qWTBPVFU0TmpjeE9DNXFjR2N8OWExNmUwOWI5YzNjZjc3YTgxODViZDYwMWMwOGZkYWY4Mjc2YTRkY2UzZmE1N2U2MWQ2NTA3YTFiOWYzNzJkZQ
300067366,T-Shirt Men Playboard Raster SS black L                    ,Classic Playboard print tshirt. 100% cotton.                                                                                                                                                                                                                                              ,59.46  ,shirts|Playboard                       ,https://localhost:9002/medias/?context=bWFzdGVyfGltYWdlc3wyMTQ5OXxpbWFnZS9qcGVnfGFXMWhaMlZ6TDJnMFppOW9aV1l2T0RjNU5qWTBPVEU1TXpVd01pNXFjR2N8ZTc3ZjlkMmJjMWEwZWI3NDU5NjYwNGRkOTc2OTUyNGI2Nzg0OTBhYWYwNWY2MjBiYjgzNWNkODk3ZDI1Mzc0NQ
300067367,T-Shirt Men Playboard Raster SS black M                    ,Classic Playboard print tshirt. 100% cotton.                                                                                                                                                                                                                                              ,46.71  ,shirts|Playboard                       ,https://localhost:9002/medias/?context=bWFzdGVyfGltYWdlc3wyMTQ5OXxpbWFnZS9qcGVnfGFXMWhaMlZ6TDJnMFppOW9aV1l2T0RjNU5qWTBPVEU1TXpVd01pNXFjR2N8ZTc3ZjlkMmJjMWEwZWI3NDU5NjYwNGRkOTc2OTUyNGI2Nzg0OTBhYWYwNWY2MjBiYjgzNWNkODk3ZDI1Mzc0NQ
300067368,T-Shirt Men Playboard Raster SS black S                    ,Classic Playboard print tshirt. 100% cotton.                                                                                                                                                                                                                                              ,46.71  ,shirts|Playboard                       ,https://localhost:9002/medias/?context=bWFzdGVyfGltYWdlc3wyMTQ5OXxpbWFnZS9qcGVnfGFXMWhaMlZ6TDJnMFppOW9aV1l2T0RjNU5qWTBPVEU1TXpVd01pNXFjR2N8ZTc3ZjlkMmJjMWEwZWI3NDU5NjYwNGRkOTc2OTUyNGI2Nzg0OTBhYWYwNWY2MjBiYjgzNWNkODk3ZDI1Mzc0NQ
300067369,T-Shirt Men Playboard Raster SS black XL                   ,Classic Playboard print tshirt. 100% cotton.                                                                                                                                                                                                                                              ,26.68  ,shirts|Playboard                       ,https://localhost:9002/medias/?context=bWFzdGVyfGltYWdlc3wyMTQ5OXxpbWFnZS9qcGVnfGFXMWhaMlZ6TDJnMFppOW9aV1l2T0RjNU5qWTBPVEU1TXpVd01pNXFjR2N8ZTc3ZjlkMmJjMWEwZWI3NDU5NjYwNGRkOTc2OTUyNGI2Nzg0OTBhYWYwNWY2MjBiYjgzNWNkODk3ZDI1Mzc0NQ
300067371,T-Shirt Men Playboard Raster SS purple M                   ,Classic Playboard print tshirt. 100% cotton.                                                                                                                                                                                                                                              ,26.68  ,shirts|Playboard                       ,https://localhost:9002/medias/?context=bWFzdGVyfGltYWdlc3wzMjc4NnxpbWFnZS9qcGVnfGFXMWhaMlZ6TDJnMk9TOW9aREF2T0RjNU5qWTBPVEkxT1RBek9DNXFjR2N8Njk4N2RhMDZlYzlmYjY4MjZiNGYzOWEyNjkxNTM5YzM2YTJkOTY2NTQxNzJiMzFkOTdiNGE5N2Q2ZDQ3YzE2MA
300067372,T-Shirt Men Playboard Raster SS purple S                   ,Classic Playboard print tshirt. 100% cotton.                                                                                                                                                                                                                                              ,26.68  ,shirts|Playboard                       ,https://localhost:9002/medias/?context=bWFzdGVyfGltYWdlc3wzMjc4NnxpbWFnZS9qcGVnfGFXMWhaMlZ6TDJnMk9TOW9aREF2T0RjNU5qWTBPVEkxT1RBek9DNXFjR2N8Njk4N2RhMDZlYzlmYjY4MjZiNGYzOWEyNjkxNTM5YzM2YTJkOTY2NTQxNzJiMzFkOTdiNGE5N2Q2ZDQ3YzE2MA
300067374,T-Shirt Men Playboard Logo Tee black L                     ,T-Shirt from Playboard with logo front print.                                                                                                                                                                                                                                             ,26.68  ,shirts|Playboard					    ,https://localhost:9002/medias/?context=bWFzdGVyfGltYWdlc3wyMzIzMnxpbWFnZS9qcGVnfGFXMWhaMlZ6TDJneVlTOW9PVFF2T0RjNU5qWTBPVFV5TVRFNE1pNXFjR2N8MzZjMTNmMzFmZGMzNzZmYTg0N2M1YjM5ODc2NGM4YmU5NDllMDYxYTQwNjYwNGQzMmU1M2I4NDFiZTFiOTM2NQ
300067375,T-Shirt Men Playboard Logo Tee black M                     ,T-Shirt from Playboard with logo front print.                                                                                                                                                                                                                                             ,26.68  ,shirts|Playboard                       ,https://localhost:9002/medias/?context=bWFzdGVyfGltYWdlc3wyMzIzMnxpbWFnZS9qcGVnfGFXMWhaMlZ6TDJneVlTOW9PVFF2T0RjNU5qWTBPVFV5TVRFNE1pNXFjR2N8MzZjMTNmMzFmZGMzNzZmYTg0N2M1YjM5ODc2NGM4YmU5NDllMDYxYTQwNjYwNGQzMmU1M2I4NDFiZTFiOTM2NQ
300067376,T-Shirt Men Playboard Logo Tee black S                     ,T-Shirt from Playboard with logo front print.                                                                                                                                                                                                                                             ,26.68  ,shirts|Playboard                       ,https://localhost:9002/medias/?context=bWFzdGVyfGltYWdlc3wyMzIzMnxpbWFnZS9qcGVnfGFXMWhaMlZ6TDJneVlTOW9PVFF2T0RjNU5qWTBPVFV5TVRFNE1pNXFjR2N8MzZjMTNmMzFmZGMzNzZmYTg0N2M1YjM5ODc2NGM4YmU5NDllMDYxYTQwNjYwNGQzMmU1M2I4NDFiZTFiOTM2NQ
300067377,T-Shirt Men Playboard Logo Tee black XL                    ,T-Shirt from Playboard with logo front print.                                                                                                                                                                                                                                             ,26.68  ,shirts|Playboard                       ,https://localhost:9002/medias/?context=bWFzdGVyfGltYWdlc3wyMzIzMnxpbWFnZS9qcGVnfGFXMWhaMlZ6TDJneVlTOW9PVFF2T0RjNU5qWTBPVFV5TVRFNE1pNXFjR2N8MzZjMTNmMzFmZGMzNzZmYTg0N2M1YjM5ODc2NGM4YmU5NDllMDYxYTQwNjYwNGQzMmU1M2I4NDFiZTFiOTM2NQ
300068437,Slip On Vans Classic Slip on black white checker/white 11.5,The classic Vans Slip-on is a shoe that never goes out of style.                                                                                                                                                                                                                          ,26.68  ,shoes|Vans|230000                      ,https://localhost:9002/medias/?context=bWFzdGVyfGltYWdlc3wyMTkyMHxpbWFnZS9qcGVnfGFXMWhaMlZ6TDJnMU55OW9NV0l2T0RjNU5qWTBPRGN6TkRjMU1DNXFjR2N8ZWY2ZWE2ZjBmNTZhMzNkYTNjYmNhZTA0Mjc4Njc2MDQ3ODA0OWFiZGRkZTk0Yzg2YjhhZjJiZWMwMTVmN2YxYw
300076093,T-Shirt Men Playboard Logo Tee red L                       ,T-Shirt from Playboard with logo front print.                                                                                                                                                                                                                                             ,26.68  ,shirts|Playboard                       ,https://localhost:9002/medias/?context=bWFzdGVyfGltYWdlc3wzNzk4OXxpbWFnZS9qcGVnfGFXMWhaMlZ6TDJnNFppOW9ZMlV2T0RjNU5qWTBPVE01TURFeE1DNXFjR2N8NDJlNzA3MGU5YTY1NzY4NzY4MDhiYzM1YzFjMDYyOGUxY2VjNTYzMzNhM2VjOTRmODUwMzE0ZDU1N2IyZTM3OQ
300076094,T-Shirt Men Playboard Logo Tee red M                       ,T-Shirt from Playboard with logo front print.                                                                                                                                                                                                                                             ,26.68  ,shirts|Playboard                       ,https://localhost:9002/medias/?context=bWFzdGVyfGltYWdlc3wzNzk4OXxpbWFnZS9qcGVnfGFXMWhaMlZ6TDJnNFppOW9ZMlV2T0RjNU5qWTBPVE01TURFeE1DNXFjR2N8NDJlNzA3MGU5YTY1NzY4NzY4MDhiYzM1YzFjMDYyOGUxY2VjNTYzMzNhM2VjOTRmODUwMzE0ZDU1N2IyZTM3OQ
300076932,Sneakers Vans Old Skool black/white 4.0                    ,Classic Vans Old Skool in a black colourway.                                                                                                                                                                                                                                              ,50.96  ,shoes|Vans|230000                      ,https://localhost:9002/medias/?context=bWFzdGVyfGltYWdlc3wxOTc1M3xpbWFnZS9qcGVnfGFXMWhaMlZ6TDJnd09TOW9Oak12T0RjNU5qWTBPRFkyT1RJeE5DNXFjR2N8ZjZlNzExZmQ5YzVkOTQ4ZDc0YTk5ZmM5NmYxMDk0ZGNmMGZkYmZkYjMyMGZiYmQ2YmM0ZGVlZjlkNTI1MzI3Zg
300076933,Sneakers Vans Old Skool black/white 4.5                    ,Classic Vans Old Skool in a black colourway.                                                                                                                                                                                                                                              ,26.68  ,shoes|Vans|230000                      ,https://localhost:9002/medias/?context=bWFzdGVyfGltYWdlc3wxOTc1M3xpbWFnZS9qcGVnfGFXMWhaMlZ6TDJnd09TOW9Oak12T0RjNU5qWTBPRFkyT1RJeE5DNXFjR2N8ZjZlNzExZmQ5YzVkOTQ4ZDc0YTk5ZmM5NmYxMDk0ZGNmMGZkYmZkYjMyMGZiYmQ2YmM0ZGVlZjlkNTI1MzI3Zg
300076934,Sneakers Vans Old Skool black/white 5.0                    ,Classic Vans Old Skool in a black colourway.                                                                                                                                                                                                                                              ,26.68  ,shoes|Vans|230000                      ,https://localhost:9002/medias/?context=bWFzdGVyfGltYWdlc3wxOTc1M3xpbWFnZS9qcGVnfGFXMWhaMlZ6TDJnd09TOW9Oak12T0RjNU5qWTBPRFkyT1RJeE5DNXFjR2N8ZjZlNzExZmQ5YzVkOTQ4ZDc0YTk5ZmM5NmYxMDk0ZGNmMGZkYmZkYjMyMGZiYmQ2YmM0ZGVlZjlkNTI1MzI3Zg
300076935,Sneakers Vans Old Skool black/white 6.0                    ,Classic Vans Old Skool in a black colourway.                                                                                                                                                                                                                                              ,59.46  ,shoes|Vans|230000                      ,https://localhost:9002/medias/?context=bWFzdGVyfGltYWdlc3wxOTc1M3xpbWFnZS9qcGVnfGFXMWhaMlZ6TDJnd09TOW9Oak12T0RjNU5qWTBPRFkyT1RJeE5DNXFjR2N8ZjZlNzExZmQ5YzVkOTQ4ZDc0YTk5ZmM5NmYxMDk0ZGNmMGZkYmZkYjMyMGZiYmQ2YmM0ZGVlZjlkNTI1MzI3Zg
300076936,Sneakers Vans Old Skool black/white 7.5                    ,Classic Vans Old Skool in a black colourway.                                                                                                                                                                                                                                              ,59.46  ,shoes|Vans|230000                      ,https://localhost:9002/medias/?context=bWFzdGVyfGltYWdlc3wxOTc1M3xpbWFnZS9qcGVnfGFXMWhaMlZ6TDJnd09TOW9Oak12T0RjNU5qWTBPRFkyT1RJeE5DNXFjR2N8ZjZlNzExZmQ5YzVkOTQ4ZDc0YTk5ZmM5NmYxMDk0ZGNmMGZkYmZkYjMyMGZiYmQ2YmM0ZGVlZjlkNTI1MzI3Zg
300147490,T-Shirt Men Playboard Skull SS black S                     ,T shirt with playboard skull logo on chest                                                                                                                                                                                                                                                ,59.46  ,shirts|Playboard                       ,https://localhost:9002/medias/?context=bWFzdGVyfGltYWdlc3wyMTc3OHxpbWFnZS9qcGVnfGFXMWhaMlZ6TDJnd09TOW9aV0V2T0RjNU5qWTBPRFEzTWpZd05pNXFjR2N8YWNhMmQ2YjFiZWVlNmMwYzU2ZTY0Mjg3ZjYxOTczNDA0NmZiNGIyMTk2MGU0Zjc1ZmFjNzA1NTg0ZDQzN2RlOA
300147493,T-Shirt Men Playboard Skull SS black XXL                   ,T shirt with playboard skull logo on chest                                                                                                                                                                                                                                                ,59.46  ,shirts|Playboard                       ,https://localhost:9002/medias/?context=bWFzdGVyfGltYWdlc3wyMTc3OHxpbWFnZS9qcGVnfGFXMWhaMlZ6TDJnd09TOW9aV0V2T0RjNU5qWTBPRFEzTWpZd05pNXFjR2N8YWNhMmQ2YjFiZWVlNmMwYzU2ZTY0Mjg3ZjYxOTczNDA0NmZiNGIyMTk2MGU0Zjc1ZmFjNzA1NTg0ZDQzN2RlOA
300147503,T-Shirt Men Playboard Skull SS white XL                    ,T shirt with playboard skull logo on chest                                                                                                                                                                                                                                                ,59.46  ,shirts|Playboard                       ,https://localhost:9002/medias/?context=bWFzdGVyfGltYWdlc3wyNzk0M3xpbWFnZS9qcGVnfGFXMWhaMlZ6TDJoak1TOW9aalF2T0RjNU5qWTBPRFV6T0RFME1pNXFjR2N8MGZkYmRhNTIwYTNhMzI0ZDg0ZjhiMjZlYjVhNGI5MDVmMjRjYjU5MzczNWJjMmQyNjMwMDQzNmQzN2Y1NmQyOA
300147505,T-Shirt Men Playboard Skull SS white XXL                   ,T shirt with playboard skull logo on chest                                                                                                                                                                                                                                                ,26.68  ,shirts|Playboard                       ,https://localhost:9002/medias/?context=bWFzdGVyfGltYWdlc3wyNzk0M3xpbWFnZS9qcGVnfGFXMWhaMlZ6TDJoak1TOW9aalF2T0RjNU5qWTBPRFV6T0RFME1pNXFjR2N8MGZkYmRhNTIwYTNhMzI0ZDg0ZjhiMjZlYjVhNGI5MDVmMjRjYjU5MzczNWJjMmQyNjMwMDQzNmQzN2Y1NmQyOA
300147511,T-Shirt Men Playboard Logo Tee irish green M               ,T-Shirt from Playboard with logo front print.                                                                                                                                                                                                                                             ,26.68  ,shirts|Playboard                       ,https://localhost:9002/medias/?context=bWFzdGVyfGltYWdlc3wyNDQ3OXxpbWFnZS9qcGVnfGFXMWhaMlZ6TDJoaFpTOW9NMll2T0RjNU5qWTBPVFExTlRZME5pNXFjR2N8NTUzMjlkNTk2NTY1NDlhZDdkNWU2NWNmZTk4MTE5ODQxODA4ZDMwNzExYmI5MGVjMjljNTNjOTZiZGNkMzk0MQ
300147512,T-Shirt Men Playboard Logo Tee irish green S               ,T-Shirt from Playboard with logo front print.                                                                                                                                                                                                                                             ,26.68  ,shirts|Playboard                       ,https://localhost:9002/medias/?context=bWFzdGVyfGltYWdlc3wyNDQ3OXxpbWFnZS9qcGVnfGFXMWhaMlZ6TDJoaFpTOW9NMll2T0RjNU5qWTBPVFExTlRZME5pNXFjR2N8NTUzMjlkNTk2NTY1NDlhZDdkNWU2NWNmZTk4MTE5ODQxODA4ZDMwNzExYmI5MGVjMjljNTNjOTZiZGNkMzk0MQ
300147513,T-Shirt Men Playboard Logo Tee irish green XL              ,T-Shirt from Playboard with logo front print.                                                                                                                                                                                                                                             ,26.68  ,shirts|Playboard                       ,https://localhost:9002/medias/?context=bWFzdGVyfGltYWdlc3wyNDQ3OXxpbWFnZS9qcGVnfGFXMWhaMlZ6TDJoaFpTOW9NMll2T0RjNU5qWTBPVFExTlRZME5pNXFjR2N8NTUzMjlkNTk2NTY1NDlhZDdkNWU2NWNmZTk4MTE5ODQxODA4ZDMwNzExYmI5MGVjMjljNTNjOTZiZGNkMzk0MQ
300150177,Slip On Vans Classic Slip On checkerboard/black/pewter 5.5 ,Comfy slip ons in subtle colours for understatement. With waffle rubber sole for good grip. Canvas upper.                                                                                                                                                                                 ,26.68  ,shoes|Vans                             ,https://localhost:9002/medias/?context=bWFzdGVyfGltYWdlc3wxOTkyMXxpbWFnZS9qcGVnfGFXMWhaMlZ6TDJnMk5pOW9aREV2T0RjNU5qWTBPVFU0TmpjeE9DNXFjR2N8OWExNmUwOWI5YzNjZjc3YTgxODViZDYwMWMwOGZkYWY4Mjc2YTRkY2UzZmE1N2U2MWQ2NTA3YTFiOWYzNzJkZQ
300415712,Trope Beanie astro turf Uni                                ,A cozy and stylish beanie in a unique astro turf green color                                                                                                                                                                                                                              ,26.68  ,220500|Burton                          ,https://localhost:9002/medias/?context=bWFzdGVyfGltYWdlc3w4NzYzNHxpbWFnZS9qcGVnfGFXMWhaMlZ6TDJobU1pOW9ZbVF2T0RjNU5qY3pPVFUyTnpZME5pNXFjR2N8OTE5MWRlZDUwNDA3OGRiOTIxMTFlNTZlZGJlMTU0ODg1YzEzYWY2M2M0NzE3YWQ4NjZmNmEzNTE1N2JjODM0OA
300427739,Sadplant Pipe Glove digi plaid S                           ,These gloves feature a modern digital plaid pattern and are designed in size small                                                                                                                                                                                                        ,26.68  ,190700|Oakley                          ,https://localhost:9002/medias/?context=bWFzdGVyfGltYWdlc3w2MTg5NXxpbWFnZS9qcGVnfGFXMWhaMlZ6TDJnM09TOW9aR0V2T0RjNU5qYzBPREE0TnpNeU5pNXFjR2N8MTVhZGY4NDhiNWNhZGI5ZWJhNDkwZjVhOTVkMmM5ZGZjYzFkMDYzOTc3NmQyZThlZDkzYzY1ZDUwM2I4MGVmNg
300617125,Rollercoaster SS holiday/multicolor L                      ,A large short-sleeve shirt with a festive holiday-themed multicolor design                                                                                                                                                                                                                ,46.71  ,streetwear|250100|Carhartt             ,https://localhost:9002/medias/?context=bWFzdGVyfGltYWdlc3w1MjE1M3xpbWFnZS9qcGVnfGFXMWhaMlZ6TDJnM1l5OW9NekV2T0RjNU5qazBPVEV4T1RBd05pNXFjR2N8YWFiZjE1YWFmMThhOGM0OGQwZjg0ZDRlYWJmN2E5ODc3YTcyMmNiMzI4NjljMjYwODM4ZWViOWYyNzE1YjA0YQ
300738114,Asterisk SS youth black XS                                 ,A versatile black short-sleeve shirt for youth in extra small size                                                                                                                                                                                                                        ,28.31  ,Billabong|kids|streetwear|270100       ,https://localhost:9002/medias/?context=bWFzdGVyfGltYWdlc3w0NTEwOXxpbWFnZS9qcGVnfGFXMWhaMlZ6TDJnNFpDOW9NV1F2T0RjNU5qZzRNRGM1TnpjeU5pNXFjR2N8OTIxZWMyN2I4MDEzNGM3ODE1ZGE2NmY2NTQwMTI2ZTYxYzhkODlmYzY5NDgxYTkyMDlhZTNkZDdhZTEwZjg4OQ
35100    ,Slip On Vans Classic Slip On black/formula one checker 10.5,The Ferrari in the slip on world in a cool Formula 1 checkered pattern. with waffle rubber sole for grip and Canvas upper.                                                                                                                                                                ,24.26  ,shoes|Vans|230000                      ,https://localhost:9002/medias/?context=bWFzdGVyfGltYWdlc3wyMDAxMXxpbWFnZS9qcGVnfGFXMWhaMlZ6TDJnNE5pOW9Oemt2T0RjNU5qWTBPRFF3TnpBM01DNXFjR2N8MTAyMjM1ODYzOTdmMWQyZGEwY2M3MzZlMzQ4NjAyZTI1ODJiMjdjYTQ1OTg1MDI4MzJlMjM1MjhhYWM5NzJlZQ
35101    ,Slip On Vans Classic Slip On black/formula one checker 11.0,The Ferrari in the slip on world in a cool Formula 1 checkered pattern. with waffle rubber sole for grip and Canvas upper.                                                                                                                                                                ,28.31  ,shoes|Vans|230000                      ,https://localhost:9002/medias/?context=bWFzdGVyfGltYWdlc3wyMDAxMXxpbWFnZS9qcGVnfGFXMWhaMlZ6TDJnNE5pOW9Oemt2T0RjNU5qWTBPRFF3TnpBM01DNXFjR2N8MTAyMjM1ODYzOTdmMWQyZGEwY2M3MzZlMzQ4NjAyZTI1ODJiMjdjYTQ1OTg1MDI4MzJlMjM1MjhhYWM5NzJlZQ
35102    ,Slip On Vans Classic Slip On black/formula one checker 12.0,The Ferrari in the slip on world in a cool Formula 1 checkered pattern. with waffle rubber sole for grip and Canvas upper.                                                                                                                                                                ,20.21  ,shoes|Vans|230000                      ,https://localhost:9002/medias/?context=bWFzdGVyfGltYWdlc3wyMDAxMXxpbWFnZS9qcGVnfGFXMWhaMlZ6TDJnNE5pOW9Oemt2T0RjNU5qWTBPRFF3TnpBM01DNXFjR2N8MTAyMjM1ODYzOTdmMWQyZGEwY2M3MzZlMzQ4NjAyZTI1ODJiMjdjYTQ1OTg1MDI4MzJlMjM1MjhhYWM5NzJlZQ
35104    ,Slip On Vans Classic Slip On black/formula one checker 8.5 ,The Ferrari in the slip on world in a cool Formula 1 checkered pattern. with waffle rubber sole for grip and Canvas upper.                                                                                                                                                                ,50.96  ,shoes|Vans|230000                      ,https://localhost:9002/medias/?context=bWFzdGVyfGltYWdlc3wyMDAxMXxpbWFnZS9qcGVnfGFXMWhaMlZ6TDJnNE5pOW9Oemt2T0RjNU5qWTBPRFF3TnpBM01DNXFjR2N8MTAyMjM1ODYzOTdmMWQyZGEwY2M3MzZlMzQ4NjAyZTI1ODJiMjdjYTQ1OTg1MDI4MzJlMjM1MjhhYWM5NzJlZQ
35105    ,Slip On Vans Classic Slip On black/formula one checker 9.0 ,The Ferrari in the slip on world in a cool Formula 1 checkered pattern. with waffle rubber sole for grip and Canvas upper.                                                                                                                                                                ,50.96  ,shoes|Vans|230000                      ,https://localhost:9002/medias/?context=bWFzdGVyfGltYWdlc3wyMDAxMXxpbWFnZS9qcGVnfGFXMWhaMlZ6TDJnNE5pOW9Oemt2T0RjNU5qWTBPRFF3TnpBM01DNXFjR2N8MTAyMjM1ODYzOTdmMWQyZGEwY2M3MzZlMzQ4NjAyZTI1ODJiMjdjYTQ1OTg1MDI4MzJlMjM1MjhhYWM5NzJlZQ
35106    ,Slip On Vans Classic Slip On black/formula one checker 9.5 ,The Ferrari in the slip on world in a cool Formula 1 checkered pattern. with waffle rubber sole for grip and Canvas upper.                                                                                                                                                                ,50.96  ,shoes|Vans|230000                      ,https://localhost:9002/medias/?context=bWFzdGVyfGltYWdlc3wyMDAxMXxpbWFnZS9qcGVnfGFXMWhaMlZ6TDJnNE5pOW9Oemt2T0RjNU5qWTBPRFF3TnpBM01DNXFjR2N8MTAyMjM1ODYzOTdmMWQyZGEwY2M3MzZlMzQ4NjAyZTI1ODJiMjdjYTQ1OTg1MDI4MzJlMjM1MjhhYWM5NzJlZQ
35135    ,Slip On Vans Classic Slip On black/formula one checker 8.0 ,The Ferrari in the slip on world in a cool Formula 1 checkered pattern. with waffle rubber sole for grip and Canvas upper.                                                                                                                                                                ,50.96  ,shoes|Vans|230000                      ,https://localhost:9002/medias/?context=bWFzdGVyfGltYWdlc3wyMDAxMXxpbWFnZS9qcGVnfGFXMWhaMlZ6TDJnNE5pOW9Oemt2T0RjNU5qWTBPRFF3TnpBM01DNXFjR2N8MTAyMjM1ODYzOTdmMWQyZGEwY2M3MzZlMzQ4NjAyZTI1ODJiMjdjYTQ1OTg1MDI4MzJlMjM1MjhhYWM5NzJlZQ
300399834,5 Pocket Freedom Pant burnt greens M                       ,Medium-sized pants in a distinctive burnt green shade                                                                                                                                                                                                                                     ,50.96  ,Special Blend|snow|190300              ,https://localhost:9002/medias/?context=bWFzdGVyfGltYWdlc3w0NDk1NnxpbWFnZS9qcGVnfGFXMWhaMlZ6TDJnNFpTOW9aVEV2T0RjNU5qYzJPRFF3TXpRNE5pNXFjR2N8Njk1NjVlMDhlYzdhOWZkOGY0YmU5NGI3ZGI2YjcxOWE4NzkwOGI4ZWRkMWZiYzAwNGUyOTJjM2EyY2IzOTlmNw
300410422,Sludge Jacket youth col mustard colorblock XL              ,Sludge Jacket youth col mustard colorblock XL                                                                                                                                                                                                                                             ,50.96  ,snow|kids|330100|Burton                ,https://localhost:9002/medias/?context=bWFzdGVyfGltYWdlc3w1MjQwOHxpbWFnZS9qcGVnfGFXMWhaMlZ6TDJobE9TOW9ZMkV2T0RjNU5qYzNOamt5TXpFMk5pNXFjR2N8MzcyOGUwODZlZTgzMGY2OWEwOTQ3YTZiYTYxZmMxOGM2YmRlMjk1NTAxNzY1NTE3YTYxNDQ3MWNiYzEyYTBhOQ
300464995,Nightlife T-Shirt Women violet M                           ,A vibrant violet t-shirt designed for women in medium size                                                                                                                                                                                                                                ,50.96  ,Horsefeathers|streetwear|260100        ,https://localhost:9002/medias/?context=bWFzdGVyfGltYWdlc3wzMzQ0MHxpbWFnZS9qcGVnfGFXMWhaMlZ6TDJnMk5TOW9NV0l2T0RjNU5qZzJNakV4T1RrMk5pNXFjR2N8YWIzYTk2ZWYzZGVkM2I4ODYzODUxZmNjZGQyYzNlYTZlYzNmMDJlMWM5ODZlZjM4YTU0Y2FjMzUxN2NmNDllMw
300608392,I Love Tee SS Women grey heather M                         ,The I Love t-shirt by Billabong got an awesome I Love Billabong Print.                                                                                                                                                                                                                    ,97.16  ,Billabong|streetwear|260100            ,https://localhost:9002/medias/?context=bWFzdGVyfGltYWdlc3w2MDU5N3xpbWFnZS9qcGVnfGFXMWhaMlZ6TDJnMk1TOW9aamN2T0RjNU5qazFORE0yTVRnNE5pNXFjR2N8MWY3NjY2M2Q5NmIxNjNiZGFhMWVhNzVhN2ZhMmUyMmU2NzVmY2M2OTcwY2NkNTBhODVkZTUyMWY4OWRkNmIxYQ
300659388,HD Hero2 Outdoor Edition uni Uni                           ,GoPro cameras are used by more professional athletes                                                                                                                                                                                                                                      ,68.81  ,222000|GoPro Cam                       ,https://localhost:9002/medias/?context=bWFzdGVyfGltYWdlc3w2OTY3MHxpbWFnZS9qcGVnfGFXMWhaMlZ6TDJnNFl5OW9PRGd2T0RjNU5qY3lPVEE0TVRnNE5pNXFjR2N8MGM5MjM4NGNkNTNmNGYwMTVhZDA0YTM2MDAwNjBkMmE5ZTJjMDQyMDExNGI4NzI0NjlkNDg3NDE0M2VmZDJlMw
300738204,Skull 80 SS youth navy S                                   ,The Skull 80 t-shirt by Billabong got a funky front print.                                                                                                                                                                                                                                ,64.76  ,Billabong|kids|streetwear|270100       ,https://localhost:9002/medias/?context=bWFzdGVyfGltYWdlc3w1MTk0MnxpbWFnZS9qcGVnfGFXMWhaMlZ6TDJnNU1pOW9Zamd2T0RjNU5qZzNPVFE0TnpBd05pNXFjR2N8ZWRhMzBkMDAwNDA1NTI0OWFhNDViNmZiNTlmOWMzMjY4YmY3ZDdjMTAwYWEwYzdlYmY1MzM3ZjFkMGY3MDFlZQ
300772559,Del Chaos Tee SS Youth white L                             ,Great standart fit tee by DC with eyecatching logo print on the front: The Delivering Chaos shirt. Unbeatable.                                                                                                                                                                            ,24.26  ,DC|kids|streetwear|270100              ,https://localhost:9002/medias/?context=bWFzdGVyfGltYWdlc3w4NDQ5OHxpbWFnZS9qcGVnfGFXMWhaMlZ6TDJoaU5TOW9aRGN2T0RjNU5qZzROekF5TXpZME5pNXFjR2N8NjZjOWMxMjZlODAyZDkyOGRlYmRlMGRmYjYwYzY4Y2NjNGYwZDIxMjMxYTlkMGVlMGE2N2RmYTI3YWRjOGEyMg
